Init.Prelude	Init/Prelude.cs	16861	
Init.Coe	Init/Coe.cs	944	Init.Prelude,Init.Prelude
Init.Notation	Init/Notation.cs	30626	Init.Coe
Init.Tactics	Init/Tactics.cs	35344	Init.Notation
Init.SizeOf	Init/SizeOf.cs	163	Init.Notation,Init.Tactics
Init.Core	Init/Core.cs	8877	Init.SizeOf,Init.Tactics
Init.BinderNameHint	Init/BinderNameHint.cs	65	Init.Prelude,Init.Tactics
Init.Control.Basic	Init/Control/Basic.cs	2722	Init.Core,Init.BinderNameHint
Init.Control.MonadAttach	Init/Control/MonadAttach.cs	118	Init.Core
Init.Control.Id	Init/Control/Id.cs	461	Init.Control.MonadAttach
Init.Control.Except	Init/Control/Except.cs	3759	Init.Control.Basic,Init.Control.Id
Init.Grind.Attr	Init/Grind/Attr.cs	4110	Init.Tactics
Init.Grind.Interactive	Init/Grind/Interactive.cs	12627	Init.Grind.Attr
Init.Grind.Tactics	Init/Grind/Tactics.cs	1521	Init.Core,Init.Grind.Interactive
Init.Data.Option.Basic	Init/Data/Option/Basic.cs	2595	Init.Control.Basic,Init.Grind.Tactics
Init.Control.Option	Init/Control/Option.cs	1281	Init.Data.Option.Basic,Init.Control.MonadAttach
Init.Control.Do	Init/Control/Do.cs	263	Init.Control.Except,Init.Control.Option
Init.Data.Cast	Init/Data/Cast.cs	116	Init.Coe
Init.SimpLemmas	Init/SimpLemmas.cs	24	Init.Core
Init.Data.Zero	Init/Data/Zero.cs	271	Init.Tactics
Init.Data.NeZero	Init/Data/NeZero.cs	29	Init.Data.Zero,Init.Core
Init.Data.Nat.Basic	Init/Data/Nat/Basic.cs	657	Init.SimpLemmas,Init.Data.NeZero,Init.Grind.Tactics
Init.Data.Int.Basic	Init/Data/Int/Basic.cs	1473	Init.Data.Cast,Init.Data.Nat.Basic
Init.Data.List.Notation	Init/Data/List/Notation.cs	951	Init.Grind.Tactics,Init.Notation
Init.Data.List.Basic	Init/Data/List/Basic.cs	11124	Init.Data.List.Notation,Init.Data.Zero,Init.Grind.Tactics,Init.SimpLemmas,Init.Data.Nat.Basic
Init.Data.ByteArray.Bootstrap	Init/Data/ByteArray/Bootstrap.cs	86	Init.Data.List.Basic
Init.Data.BitVec.BasicAux	Init/Data/BitVec/BasicAux.cs	148	Init.Grind.Tactics,Init.Data.Nat.Basic
Init.WF	Init/WF.cs	618	Init.BinderNameHint,Init.Grind.Tactics,Init.Data.Nat.Basic
Init.MetaTypes	Init/MetaTypes.cs	2484	Init.Core
Init.WFTactics	Init/WFTactics.cs	3741	Init.WF,Init.Data.Nat.Basic
Init.Data.Nat.Div.Basic	Init/Data/Nat/Div/Basic.cs	237	Init.Data.NeZero,Init.WF,Init.MetaTypes,Init.WFTactics
Init.Data.Nat.Bitwise.Basic	Init/Data/Nat/Bitwise/Basic.cs	326	Init.Grind.Tactics,Init.Data.Nat.Div.Basic,Init.MetaTypes,Init.WFTactics
Init.Data.Fin.Basic	Init/Data/Fin/Basic.cs	1100	Init.Data.Nat.Bitwise.Basic,Init.Data.Nat.Basic,Init.Data.Nat.Div.Basic
Init.Data.UInt.BasicAux	Init/Data/UInt/BasicAux.cs	905	Init.Data.BitVec.BasicAux,Init.Data.Fin.Basic,Init.Data.Nat.Div.Basic
Init.Data.Char.Basic	Init/Data/Char/Basic.cs	607	Init.Data.UInt.BasicAux,Init.Data.Nat.Div.Basic
Init.Data.String.Bootstrap	Init/Data/String/Bootstrap.cs	463	Init.Data.ByteArray.Bootstrap,Init.Data.UInt.BasicAux,Init.Data.Char.Basic
Init.Control.State	Init/Control/State.cs	2102	Init.Control.Except
Init.Data.Format.Basic	Init/Data/Format/Basic.cs	5618	Init.Data.Int.Basic,Init.Data.String.Bootstrap,Init.Control.State,Init.Data.Nat.Bitwise.Basic
Init.Data.Repr	Init/Data/Repr.cs	4080	Init.Data.Format.Basic,Init.Control.Id,Init.Data.UInt.BasicAux,Init.Data.Char.Basic
Init.Data.ToString.Basic	Init/Data/ToString/Basic.cs	1402	Init.Data.Repr,Init.Data.Char.Basic
Init.Util	Init/Util.cs	708	Init.Data.ToString.Basic
Init.GetElem	Init/GetElem.cs	4191	Init.Util,Init.Data.Option.Basic
Init.Data.List.ToArrayImpl	Init/Data/List/ToArrayImpl.cs	84	Init.Prelude,Init.Data.List.Basic
Init.Data.Array.Set	Init/Data/Array/Set.cs	376	Init.Tactics
Init.Data.Array.Basic	Init/Data/Array/Basic.cs	12015	Init.Control.Do,Init.GetElem,Init.Data.List.ToArrayImpl,Init.Data.List.ToArrayImpl,Init.Data.Array.Set,Init.Data.Array.Set,Init.WF,Init.MetaTypes,Init.WFTactics
Init.Data.Array.GetLit	Init/Data/Array/GetLit.cs	334	Init.GetElem,Init.Data.Array.Basic
Init.Meta.Defs	Init/Meta/Defs.cs	23214	Init.Prelude,Init.Data.Array.Basic,Init.MetaTypes,Init.Data.Array.GetLit,Init.Data.Char.Basic,Init.MetaTypes,Init.WFTactics
Init.Syntax	Init/Syntax.cs	174	Init.Prelude,Init.Data.Array.Set
Init.Meta	Init/Meta.cs	8654	Init.Meta.Defs,Init.Meta.Defs,Init.Syntax
Init.TacticsExtra	Init/TacticsExtra.cs	4411	Init.Meta,Init.Tactics,Init.Data.Array.Basic
Init.ByCases	Init/ByCases.cs	1052	Init.Grind.Tactics,Init.Grind.Tactics,Init.SimpLemmas
Init.RCases	Init/RCases.cs	2125	Init.Meta
Init.Conv	Init/Conv.cs	10274	Init.Tactics,Init.Meta
Init.NotationExtra	Init/NotationExtra.cs	15906	Init.Conv,Init.GetElem,Init.Meta.Defs
Init.PropLemmas	Init/PropLemmas.cs	435	Init.NotationExtra
Init.Classical	Init/Classical.cs	70	Init.PropLemmas
Init.System.ST	Init/System/ST.cs	2868	Init.Control.Except,Init.NotationExtra,Init.Classical
Init.Control.Reader	Init/Control/Reader.cs	502	Init.Control.Except
Init.Control.StateRef	Init/Control/StateRef.cs	1471	Init.System.ST,Init.Control.Reader
Init.Ext	Init/Ext.cs	1502	Init.RCases
Init.Control.Lawful.Basic	Init/Control/Lawful/Basic.cs	492	Init.Control.Id,Init.Grind.Tactics,Init.Ext
Init.Control.Lawful.Instances	Init/Control/Lawful/Instances.cs	469	Init.Control.Lawful.Basic,Init.Control.Except,Init.Control.Option,Init.Control.Option,Init.Control.State,Init.Control.StateRef,Init.Control.State,Init.Ext
Init.Control.Lawful.Lemmas	Init/Control/Lawful/Lemmas.cs	39	Init.Control.Lawful.Basic,Init.Classical,Init.Ext,Init.ByCases
Init.Control.Lawful.MonadLift.Basic	Init/Control/Lawful/MonadLift/Basic.cs	24	Init.Notation
Init.Control.Lawful.MonadLift.Lemmas	Init/Control/Lawful/MonadLift/Lemmas.cs	34	Init.Control.Lawful.Basic,Init.Control.Lawful.MonadLift.Basic,Init.Ext
Init.Control.ExceptCps	Init/Control/ExceptCps.cs	712	Init.Control.Lawful.Basic,Init.SimpLemmas
Init.Control.StateCps	Init/Control/StateCps.cs	675	Init.Control.Lawful.Basic,Init.Ext
Init.Control.Lawful.MonadLift.Instances	Init/Control/Lawful/MonadLift/Instances.cs	235	Init.Control.Option,Init.Control.Except,Init.Control.ExceptCps,Init.Control.ExceptCps,Init.Control.StateRef,Init.Control.StateCps,Init.Control.StateCps,Init.Control.Id,Init.Control.Lawful.MonadLift.Basic,Init.Control.Option,Init.Control.State,Init.Control.StateRef,Init.Control.Lawful.Instances,Init.Control.Lawful.MonadLift.Lemmas
Init.Control.Lawful.MonadLift	Init/Control/Lawful/MonadLift.cs	34	Init.Control.Lawful.MonadLift.Basic,Init.Control.Lawful.MonadLift.Lemmas,Init.Control.Lawful.MonadLift.Instances
Init.Control.Lawful.MonadAttach.Lemmas	Init/Control/Lawful/MonadAttach/Lemmas.cs	49	Init.Control.MonadAttach,Init.Classical,Init.Control.Lawful.Basic,Init.Control.Lawful.MonadLift.Basic,Init.Control.Lawful.MonadLift.Lemmas,Init.RCases
Init.Control.EState	Init/Control/EState.cs	999	Init.Data.ToString.Basic,Init.Control.State
Init.Control.Lawful.MonadAttach.Instances	Init/Control/Lawful/MonadAttach/Instances.cs	325	Init.Control.Lawful.MonadAttach.Lemmas,Init.Control.Lawful.Basic,Init.Control.State,Init.Control.StateRef,Init.Control.EState,Init.Ext
Init.Control.Lawful.MonadAttach	Init/Control/Lawful/MonadAttach.cs	29	Init.Control.Lawful.MonadAttach.Lemmas,Init.Control.Lawful.MonadAttach.Instances
Init.Control.Lawful	Init/Control/Lawful.cs	44	Init.Control.Lawful.Basic,Init.Control.Lawful.Instances,Init.Control.Lawful.Lemmas,Init.Control.Lawful.MonadLift,Init.Control.Lawful.MonadAttach
Init.Control	Init/Control.cs	84	Init.Control.Basic,Init.Control.State,Init.Control.StateRef,Init.Control.Id,Init.Control.Except,Init.Control.Reader,Init.Control.Option,Init.Control.Lawful,Init.Control.StateCps,Init.Control.ExceptCps,Init.Control.MonadAttach,Init.Control.EState,Init.Control.Do
Init.WFComputable	Init/WFComputable.cs	177	Init.WF,Init.NotationExtra,Init.WFTactics
Init.Data.Nat.Dvd	Init/Data/Nat/Dvd.cs	67	Init.Data.Nat.Div.Basic,Init.SimpLemmas,Init.Data.List.Notation,Init.Data.Nat.Basic,Init.Meta.Defs
Init.Data.Nat.Log2	Init/Data/Nat/Log2.cs	48	Init.Grind.Tactics,Init.Data.Nat.Div.Basic,Init.NotationExtra,Init.WFTactics
Init.Data.RArray	Init/Data/RArray.cs	435	Init.GetElem,Init.PropLemmas
Init.Data.Bool	Init/Data/Bool.cs	1003	Init.NotationExtra
Init.LawfulBEqTactics	Init/LawfulBEqTactics.cs	3548	Init.Core,Init.Data.Bool,Init.ByCases,Init.Classical
Init.Data.Prod	Init/Data/Prod.cs	81	Init.NotationExtra
Init.Data.Nat.Internal.Linear	Init/Data/Nat/Internal/Linear.cs	2513	Init.Data.RArray,Init.LawfulBEqTactics,Init.ByCases,Init.Data.Prod,Init.Data.Bool
Init.Data.Nat.MinMax	Init/Data/Nat/MinMax.cs	34	Init.Data.Nat.Basic,Init.ByCases,Init.PropLemmas
Init.Data.Int.DivMod.Basic	Init/Data/Int/DivMod/Basic.cs	715	Init.Data.Int.Basic,Init.Data.Nat.Div.Basic
Init.Data.Int.Lemmas	Init/Data/Int/Lemmas.cs	29	Init.Data.Int.Basic,Init.PropLemmas
Init.Data.Order.Classes	Init/Data/Order/Classes.cs	24	Init.Core
Init.Data.Order.Factories	Init/Data/Order/Factories.cs	1248	Init.Data.Order.Classes,Init.Classical
Init.Data.BEq	Init/Data/BEq.cs	29	Init.Grind.Tactics,Init.Data.Bool
Init.Data.Order.Lemmas	Init/Data/Order/Lemmas.cs	157	Init.Data.Order.Factories,Init.Data.Order.Factories,Init.Classical,Init.Data.BEq,Init.Data.Bool
Init.Data.Int.Order	Init/Data/Int/Order.cs	531	Init.Data.Order.Lemmas,Init.Data.Order.Classes,Init.NotationExtra,Init.ByCases,Init.Data.Int.Lemmas
Init.Omega.Int	Init/Omega/Int.cs	140	Init.Data.Fin.Basic,Init.Data.Int.DivMod.Basic,Init.WF,Init.ByCases,Init.Data.Int.Lemmas,Init.Data.Int.Order,Init.PropLemmas
Init.Data.Int.DivMod.Bootstrap	Init/Data/Int/DivMod/Bootstrap.cs	252	Init.Data.Int.DivMod.Basic,Init.Data.Nat.Div.Basic,Init.ByCases,Init.Data.Int.Lemmas,Init.Data.Int.Order,Init.Data.Nat.Dvd,Init.RCases
Init.Data.Nat.Gcd	Init/Data/Nat/Gcd.cs	110	Init.NotationExtra,Init.Data.Nat.Div.Basic,Init.Data.Nat.Dvd,Init.RCases,Init.WFTactics
Init.Omega.IntList	Init/Omega/IntList.cs	2121	Init.Data.Int.DivMod.Bootstrap,Init.Data.Nat.Gcd,Init.Data.Int.Lemmas,Init.Data.Int.Order,Init.Data.Nat.Dvd,Init.PropLemmas,Init.RCases
Init.Omega.Coeffs	Init/Omega/Coeffs.cs	312	Init.Omega.IntList,Init.Omega.IntList
Init.Data.ToString.Macro	Init/Data/ToString/Macro.cs	527	Init.Meta,Init.Notation
Init.Omega.LinearCombo	Init/Omega/LinearCombo.cs	2174	Init.Omega.Coeffs,Init.Data.Int.Lemmas,Init.Data.ToString.Macro,Init.RCases
Init.Omega.Constraint	Init/Omega/Constraint.cs	3305	Init.Omega.Coeffs,Init.Data.Int.Lemmas,Init.Data.Int.Order,Init.Data.ToString.Macro,Init.Omega.Int,Init.PropLemmas,Init.RCases
Init.Omega.Logic	Init/Omega/Logic.cs	29	Init.Grind.Tactics,Init.PropLemmas
Init.Data.Nat.Order	Init/Data/Nat/Order.cs	44	Init.Data.Nat.Basic,Init.Data.Nat.MinMax,Init.Data.Order.Classes,Init.Data.Order.Factories,Init.NotationExtra
Init.Omega	Init/Omega.cs	64	Init.Omega.Int,Init.Omega.IntList,Init.Omega.LinearCombo,Init.Omega.Constraint,Init.Omega.Logic,Init.Data.Int.Lemmas,Init.Data.Int.Order,Init.Data.Nat.Order,Init.Data.Order.Lemmas
Init.Data.Nat.Mod	Init/Data/Nat/Mod.cs	39	Init.Grind.Tactics,Init.Data.Nat.Dvd,Init.Omega,Init.RCases
Init.Data.Nat.Lemmas	Init/Data/Nat/Lemmas.cs	775	Init.Data.Nat.Bitwise.Basic,Init.Data.Nat.Log2,Init.Data.Nat.Log2,Init.TacticsExtra,Init.Data.Nat.Div.Basic,Init.PropLemmas,Init.ByCases,Init.Data.Nat.Dvd,Init.Data.Nat.Internal.Linear,Init.Data.Nat.MinMax,Init.Data.Nat.Mod,Init.Omega,Init.RCases
Init.Data.Nat.Simproc	Init/Data/Nat/Simproc.cs	34	Init.Grind.Tactics,Init.Data.Bool,Init.Data.Nat.Lemmas
Init.Data.Nat.Div.Lemmas	Init/Data/Nat/Div/Lemmas.cs	59	Init.TacticsExtra,Init.Data.Nat.Dvd,Init.NotationExtra,Init.ByCases,Init.Data.Nat.Lemmas,Init.Data.Nat.Simproc,Init.Omega,Init.RCases
Init.Data.Nat.Div	Init/Data/Nat/Div.cs	29	Init.Data.Nat.Div.Basic,Init.Data.Nat.Div.Lemmas
Init.Data.Nat.Coprime	Init/Data/Nat/Coprime.cs	51	Init.Data.Nat.Gcd,Init.Data.Nat.Dvd
Init.BinderPredicates	Init/BinderPredicates.cs	3513	Init.Grind.Tactics,Init.Notation,Init.Meta.Defs,Init.NotationExtra
Init.Data.Int.Pow	Init/Data/Int/Pow.cs	44	Init.Data.Int.Basic,Init.ByCases,Init.Data.Nat.Lemmas,Init.Omega,Init.RCases
Init.Data.Nat.Bitwise.Lemmas	Init/Data/Nat/Bitwise/Lemmas.cs	391	Init.Data.Nat.Bitwise.Basic,Init.BinderPredicates,Init.Data.Bool,Init.Data.Nat.Log2,Init.ByCases,Init.Data.Int.Pow,Init.Data.Nat.Lemmas,Init.Omega,Init.RCases,Init.TacticsExtra
Init.Data.Nat.Bitwise	Init/Data/Nat/Bitwise.cs	29	Init.Data.Nat.Bitwise.Basic,Init.Data.Nat.Bitwise.Lemmas
Init.Data.Nat.Control	Init/Data/Nat/Control.cs	723	Init.Notation,Init.Omega
Init.Data.Nat.Power2.Basic	Init/Data/Nat/Power2/Basic.cs	106	Init.Grind.Tactics,Init.Data.Nat.Internal.Linear,Init.NotationExtra,Init.WFTactics
Init.Data.Nat.Power2.Lemmas	Init/Data/Nat/Power2/Lemmas.cs	49	Init.Data.Nat.Power2.Basic,Init.Data.Nat.Power2.Basic,Init.ByCases,Init.Data.Nat.Lemmas,Init.Omega,Init.RCases
Init.Data.Nat.Power2.Bitwise	Init/Data/Nat/Power2/Bitwise.cs	110	Init.Data.Nat.Power2.Basic,Init.Data.Nat.Log2,Init.Data.Nat.Power2.Basic,Init.PropLemmas,Init.ByCases,Init.Data.Int.Pow,Init.Data.Nat.Bitwise.Lemmas,Init.Data.Nat.Lemmas,Init.Omega,Init.RCases,Init.Data.Nat.Power2.Lemmas
Init.Data.Nat.Power2	Init/Data/Nat/Power2.cs	34	Init.Data.Nat.Power2.Basic,Init.Data.Nat.Power2.Lemmas,Init.Data.Nat.Power2.Bitwise
Init.Data.List.BasicAux	Init/Data/List/BasicAux.cs	2285	Init.GetElem,Init.WFTactics,Init.ByCases,Init.Classical,Init.Data.Array.Basic,Init.Data.Nat.Internal.Linear
Init.Data.Nat.Internal.SOM	Init/Data/Nat/Internal/SOM.cs	1260	Init.Data.Nat.Internal.Linear,Init.ByCases,Init.Data.List.BasicAux,Init.Data.Prod,Init.Meta
Init.Data.Nat.Internal	Init/Data/Nat/Internal.cs	29	Init.Data.Nat.Internal.Linear,Init.Data.Nat.Internal.SOM
Init.Data.Nat.PowMod	Init/Data/Nat/PowMod.cs	51	Init.Data.Nat.Lemmas,Init.Omega,Init.RCases,Init.WFTactics
Init.Data.Nat.Lcm	Init/Data/Nat/Lcm.cs	61	Init.Data.Nat.Gcd,Init.Data.Nat.Dvd,Init.Data.Nat.Lemmas,Init.RCases
Init.Data.Ord.Basic	Init/Data/Ord/Basic.cs	2543	Init.ByCases,Init.Ext,Init.PropLemmas,Init.Data.Char.Basic,Init.Classical
Init.Data.Order.ClassesExtra	Init/Data/Order/ClassesExtra.cs	24	Init.Data.Ord.Basic
Init.Data.Nat.Compare	Init/Data/Nat/Compare.cs	29	Init.Data.Order.ClassesExtra,Init.Data.Ord.Basic
Init.Hints	Init/Hints.cs	29	Init.Grind.Tactics,Init.NotationExtra
Init.Data.Fin.Lemmas	Init/Data/Fin/Lemmas.cs	783	Init.Ext,Init.Data.Nat.Div.Basic,Init.Data.Order.Classes,Init.NotationExtra,Init.Data.Nat.PowMod,Init.ByCases,Init.Data.Nat.Lemmas,Init.Data.Nat.Internal.Linear,Init.Omega,Init.TacticsExtra,Init.Hints
Init.Data.Fin.Fold	Init/Data/Fin/Fold.cs	662	Init.Control.Lawful.Basic,Init.Ext,Init.Data.Fin.Lemmas,Init.Data.Nat.Lemmas,Init.Omega,Init.TacticsExtra,Init.WFTactics,Init.Hints
Init.Data.List.Control	Init/Data/List/Control.cs	1777	Init.Control.Lawful
Init.Grind.Annotated	Init/Grind/Annotated.cs	196	Init.Notation
Init.Data.Option.Instances	Init/Data/Option/Instances.cs	590	Init.Data.Option.Basic
Init.Data.Option.BasicAux	Init/Data/Option/BasicAux.cs	129	Init.Util
Init.Data.Option.Lemmas	Init/Data/Option/Lemmas.cs	610	Init.Data.Option.BasicAux,Init.Data.Option.Instances,Init.Data.Option.Instances,Init.Ext,Init.Data.Option.BasicAux,Init.PropLemmas,Init.Classical,Init.Data.BEq,Init.Data.Bool
Init.Data.List.Lemmas	Init/Data/List/Lemmas.cs	1126	Init.Data.List.BasicAux,Init.Data.List.BasicAux,Init.Data.List.Control,Init.Data.List.Control,Init.BinderPredicates,Init.Grind.Annotated,Init.Data.BEq,Init.Data.Option.Instances,Init.Data.Bool,Init.Data.Option.Lemmas,Init.TacticsExtra
Init.Data.List.OfFn	Init/Data/List/OfFn.cs	176	Init.Data.Fin.Fold,Init.NotationExtra,Init.Data.Fin.Lemmas,Init.Data.List.Lemmas,Init.Data.Nat.Lemmas,Init.Data.Option.Lemmas
Init.Grind.Util	Init/Grind/Util.cs	965	Init.Data.Cast,Init.Grind.Tactics,Init.Grind.Tactics,Init.Classical
Init.Data.List.TakeDrop	Init/Data/List/TakeDrop.cs	410	Init.Data.List.Basic,Init.BinderPredicates,Init.Ext,Init.ByCases,Init.Data.Bool,Init.Data.List.Lemmas,Init.Data.Nat.Div.Basic,Init.Data.Option.Lemmas
Init.Data.List.Sublist	Init/Data/List/Sublist.cs	504	Init.BinderPredicates,Init.Ext,Init.PropLemmas,Init.Data.Bool,Init.Data.List.Lemmas,Init.Data.List.TakeDrop,Init.TacticsExtra
Init.Data.List.Count	Init/Data/List/Count.cs	163	Init.Grind.Util,Init.BinderPredicates,Init.Ext,Init.NotationExtra,Init.ByCases,Init.Data.Bool,Init.Data.List.Lemmas,Init.Data.List.Sublist,Init.Data.Option.Lemmas,Init.TacticsExtra
Init.Data.Subtype.Basic	Init/Data/Subtype/Basic.cs	24	Init.Ext
Init.Data.List.Attach	Init/Data/List/Attach.cs	495	Init.Data.List.Lemmas,Init.Data.List.Lemmas,Init.Data.List.Count,Init.Data.Subtype.Basic
Init.Data.Array.Bootstrap	Init/Data/Array/Bootstrap.cs	178	Init.Data.Array.Basic,Init.Data.List.Control,Init.Data.List.Lemmas,Init.Data.List.TakeDrop
Init.Data.List.Monadic	Init/Data/List/Monadic.cs	1015	Init.Data.List.Attach,Init.Data.List.Control,Init.Data.Array.Bootstrap,Init.Data.Bool
Init.Data.List.FinRange	Init/Data/List/FinRange.cs	76	Init.Data.List.OfFn,Init.Data.List.Control,Init.Data.List.OfFn,Init.Data.List.Monadic
Init.Data.Nat.Fold	Init/Data/Nat/Fold.cs	1720	Init.Data.List.FinRange,Init.Data.Fin.Lemmas,Init.Data.List.Lemmas,Init.Omega
Init.Data.Int.Bitwise.Basic	Init/Data/Int/Bitwise/Basic.cs	218	Init.Data.Int.Basic,Init.Data.Nat.Bitwise.Basic
Init.Data.BitVec.Basic	Init/Data/BitVec/Basic.cs	4484	Init.Data.Int.Bitwise.Basic,Init.Data.Bool,Init.Data.Int.DivMod.Basic,Init.WF,Init.Data.Nat.Bitwise.Lemmas,Init.Data.Nat.Lemmas,Init.Data.Nat.Internal.Linear,Init.Meta.Defs,Init.Omega,Init.WFTactics
Init.Data.UInt.Basic	Init/Data/UInt/Basic.cs	3475	Init.Data.BitVec.Basic
Init.Data.Fin.Bitwise	Init/Data/Fin/Bitwise.cs	34	Init.Data.Fin.Basic,Init.Data.Nat.Bitwise.Lemmas,Init.Data.Nat.Div.Basic
Init.Data.BitVec.Bootstrap	Init/Data/BitVec/Bootstrap.cs	49	Init.Data.BitVec.Basic,Init.Data.BitVec.Basic,Init.Ext,Init.ByCases,Init.Data.Nat.Div.Lemmas,Init.TacticsExtra
Init.Data.List.Impl	Init/Data/List/Impl.cs	3033	Init.Ext,Init.Data.Array.Bootstrap,Init.Data.Bool,Init.Data.List.Lemmas,Init.Data.Option.Lemmas
Init.Data.Function	Init/Data/Function.cs	82	Init.Grind.Tactics,Init.NotationExtra,Init.Classical
Init.Data.List.Zip	Init/Data/List/Zip.cs	205	Init.Data.Function,Init.Ext,Init.NotationExtra,Init.Data.List.Lemmas,Init.Data.List.TakeDrop,Init.Data.Option.Lemmas
Init.Data.List.Range	Init/Data/List/Range.cs	121	Init.BinderPredicates,Init.Ext,Init.NotationExtra,Init.Data.List.Lemmas,Init.Data.List.Sublist,Init.Data.List.Zip,Init.Data.Option.Lemmas
Init.Data.List.Find	Init/Data/List/Find.cs	428	Init.Data.List.Attach,Init.Data.List.Attach,Init.Data.Fin.Lemmas,Init.Data.List.Impl,Init.Data.List.Range,Init.Data.List.Sublist,Init.Data.List.TakeDrop,Init.Data.Nat.Lemmas,Init.Data.Prod,Init.Omega
Init.Data.List.Nat.TakeDrop	Init/Data/List/Nat/TakeDrop.cs	74	Init.Data.List.Lemmas,Init.Data.Nat.MinMax,Init.ByCases,Init.Data.Bool,Init.Data.List.Find,Init.Data.List.Sublist,Init.Data.List.TakeDrop,Init.Data.List.Zip,Init.Data.Nat.Lemmas,Init.Data.Option.Lemmas,Init.Omega
Init.Data.Int.DivMod.Lemmas	Init/Data/Int/DivMod/Lemmas.cs	792	Init.TacticsExtra,Init.Data.Int.DivMod.Basic,Init.Data.Nat.Div.Basic,Init.NotationExtra,Init.ByCases,Init.Data.Bool,Init.Data.Nat.Div.Lemmas,Init.Data.Nat.Lemmas,Init.Omega,Init.RCases
Init.Data.Int.Gcd	Init/Data/Int/Gcd.cs	261	Init.Data.Nat.Lcm,Init.Data.Int.DivMod.Basic,Init.Data.Int.DivMod.Lemmas,Init.Data.Int.Pow,Init.Data.Nat.Dvd,Init.Omega,Init.RCases
Init.Data.AC	Init/Data/AC.cs	1921	Init.GetElem,Init.ByCases,Init.PropLemmas
Init.Data.Int.Cooper	Init/Data/Int/Cooper.cs	201	Init.Data.Int.Gcd,Init.Data.Int.DivMod.Lemmas,Init.Omega,Init.RCases
Init.Data.Int.LemmasAux	Init/Data/Int/LemmasAux.cs	125	Init.Data.Int.Lemmas,Init.ByCases,Init.Data.Int.Pow,Init.Omega
Init.Data.Int.Linear	Init/Data/Int/Linear.cs	4241	Init.Data.Int.Gcd,Init.Data.AC,Init.LawfulBEqTactics,Init.Data.Bool,Init.Data.Int.Gcd,Init.Data.RArray,Init.Data.Int.Cooper,Init.Data.Int.LemmasAux
Init.Data.OfScientific.Basic	Init/Data/OfScientific/Basic.cs	24	Init.Prelude
Init.Data.List.Nat.BEq	Init/Data/List/Nat/BEq.cs	34	Init.Data.Nat.Lemmas,Init.Data.List.Lemmas,Init.Data.Bool
Init.Data.Array.DecidableEq	Init/Data/Array/DecidableEq.cs	461	Init.Data.Array.Basic,Init.Data.Array.Basic,Init.Data.Nat.Lemmas,Init.ByCases,Init.Classical,Init.Data.BEq,Init.Data.Bool,Init.Data.List.Nat.BEq,Init.RCases
Init.Data.List.Pairwise	Init/Data/List/Pairwise.cs	49	Init.Data.List.Attach,Init.ByCases,Init.Data.List.Count,Init.Data.List.Sublist,Init.Data.List.TakeDrop,Init.Data.Option.Lemmas
Init.Data.List.Erase	Init/Data/List/Erase.cs	303	Init.BinderPredicates,Init.Ext,Init.NotationExtra,Init.ByCases,Init.Data.Bool,Init.Data.List.Find,Init.Data.List.Pairwise,Init.Data.List.Sublist,Init.Data.List.TakeDrop,Init.Data.Nat.Lemmas,Init.Omega,Init.TacticsExtra
Init.Data.List.Nat.Erase	Init/Data/List/Nat/Erase.cs	44	Init.GetElem,Init.Data.List.Erase,Init.Data.List.Nat.TakeDrop,Init.Data.List.TakeDrop,Init.Omega
Init.Data.List.Nat.Modify	Init/Data/List/Nat/Modify.cs	69	Init.Ext,Init.NotationExtra,Init.ByCases,Init.Data.List.Erase,Init.Data.List.Nat.Erase,Init.Data.List.Nat.TakeDrop,Init.Data.List.TakeDrop,Init.Data.Nat.Lemmas,Init.Data.Option.Lemmas,Init.Omega
Init.Data.List.Nat.InsertIdx	Init/Data/List/Nat/InsertIdx.cs	54	Init.GetElem,Init.Data.List.Erase,Init.Data.List.Lemmas,Init.Data.List.Nat.Modify,Init.Data.Nat.Lemmas,Init.Data.Option.Lemmas,Init.Omega
Init.Data.List.ToArray	Init/Data/List/ToArray.cs	792	Init.Data.List.Control,Init.Data.List.Monadic,Init.Data.Array.Basic,Init.Data.Array.Set,Init.ByCases,Init.Data.Array.Bootstrap,Init.Data.Bool,Init.Data.List.Erase,Init.Data.List.Find,Init.Data.List.Nat.Erase,Init.Data.List.Nat.InsertIdx,Init.Data.List.Nat.TakeDrop,Init.Data.List.Sublist,Init.Data.List.TakeDrop,Init.Data.List.Zip,Init.Data.Nat.Lemmas,Init.Data.Option.Lemmas,Init.Omega,Init.TacticsExtra
Init.Data.Subtype.Order	Init/Data/Subtype/Order.cs	147	Init.Data.Order.Classes,Init.Data.Order.Lemmas,Init.Ext
Init.Data.List.MinMax	Init/Data/List/MinMax.cs	135	Init.Data.Subtype.Order,Init.Data.Order.Lemmas,Init.Data.List.Attach,Init.Data.Bool,Init.Data.List.Pairwise,Init.Data.List.Sublist,Init.Data.Option.Lemmas,Init.Data.Subtype.Basic
Init.Data.List.Nat.Basic	Init/Data/List/Nat/Basic.cs	273	Init.Data.List.MinMax,Init.Data.Bool,Init.Data.List.Count,Init.Data.Nat.Lemmas,Init.Data.Nat.Internal.Linear,Init.Data.Nat.MinMax,Init.Data.Option.Lemmas,Init.Omega
Init.Data.Array.Lemmas	Init/Data/Array/Lemmas.cs	1773	Init.Data.List.ToArray,Init.Data.List.Control,Init.Data.Array.Basic,Init.Data.Array.Bootstrap,Init.Data.Nat.Lemmas,Init.Data.Nat.MinMax,Init.ByCases,Init.Data.Array.DecidableEq,Init.Data.Bool,Init.Data.Fin.Lemmas,Init.Data.List.Find,Init.Data.List.Nat.Basic,Init.Data.List.Nat.Modify,Init.Data.List.Nat.TakeDrop,Init.Data.List.Range,Init.Data.List.Zip,Init.Data.Nat.Internal.Linear,Init.Data.Nat.Simproc,Init.Data.Option.Lemmas,Init.Data.Prod,Init.Omega,Init.TacticsExtra
Init.Data.ByteArray.Basic	Init/Data/ByteArray/Basic.cs	2552	Init.Data.UInt.BasicAux,Init.Data.Array.DecidableEq,Init.Data.List.Attach,Init.Data.Array.Bootstrap,Init.Data.Array.Lemmas,Init.Omega
Init.Data.String.PosRaw	Init/Data/String/PosRaw.cs	551	Init.Data.ByteArray.Basic,Init.Data.Nat.Simproc,Init.Omega
Init.Data.Array.Extract	Init/Data/Array/Extract.cs	69	Init.BinderPredicates,Init.Ext,Init.NotationExtra,Init.ByCases,Init.Data.Array.Bootstrap,Init.Data.Array.Lemmas,Init.Data.Bool,Init.Data.List.Nat.TakeDrop,Init.Data.List.TakeDrop,Init.Omega
Init.Data.ByteArray.Lemmas	Init/Data/ByteArray/Lemmas.cs	105	Init.Data.ByteArray.Basic,Init.ByCases,Init.Data.Array.Bootstrap,Init.Data.Array.Extract,Init.Data.Array.Lemmas,Init.Omega
Init.Data.String.Defs	Init/Data/String/Defs.cs	1662	Init.Data.String.PosRaw,Init.Data.ByteArray.Lemmas,Init.Omega
Init.Data.Int.Repr	Init/Data/Int/Repr.cs	148	Init.Data.Repr,Init.Data.String.Defs
Init.Data.ToString.Extra	Init/Data/ToString/Extra.cs	272	Init.Data.String.Defs,Init.Data.Int.Repr
Init.Data.Hashable	Init/Data/Hashable.cs	867	Init.Data.Array.Basic,Init.Data.UInt.Basic
Init.Data.Rat.Basic	Init/Data/Rat/Basic.cs	2962	Init.Data.Nat.Coprime,Init.Data.OfScientific.Basic,Init.Data.Int.DivMod.Basic,Init.Data.String.Defs,Init.Data.ToString.Macro,Init.Data.ToString.Extra,Init.Data.Hashable,Init.Data.Int.DivMod.Bootstrap,Init.Data.Int.DivMod.Lemmas,Init.Data.Int.Lemmas,Init.Data.Int.Order,Init.Data.Int.Pow,Init.Data.Nat.Dvd
Init.Data.Rat.Lemmas	Init/Data/Rat/Lemmas.cs	224	Init.Data.Rat.Basic,Init.Data.Int.Gcd,Init.ByCases,Init.Data.Bool,Init.Data.Int.DivMod.Lemmas,Init.Data.Int.Pow,Init.Data.Nat.Dvd,Init.Omega,Init.TacticsExtra
Init.Grind.Module.Basic	Init/Grind/Module/Basic.cs	72	Init.Data.Int.DivMod.Basic,Init.Data.Int.Lemmas
Init.Grind.Ring.Basic	Init/Grind/Ring/Basic.cs	2491	Init.Grind.Module.Basic,Init.ByCases,Init.Data.Int.DivMod.Lemmas,Init.Data.Int.LemmasAux,Init.Data.Int.Pow,Init.Data.Nat.Div.Lemmas,Init.Data.Nat.Lemmas,Init.Omega,Init.RCases
Init.Grind.Ring.Field	Init/Grind/Ring/Field.cs	49	Init.Grind.Ring.Basic,Init.Data.Nat.Div.Basic,Init.ByCases,Init.Omega,Init.RCases,Init.TacticsExtra
Init.Grind.Ring.OfScientific	Init/Grind/Ring/OfScientific.cs	29	Init.Grind.Ring.Field,Init.Data.OfScientific.Basic
Init.Grind.Norm	Init/Grind/Norm.cs	64	Init.Data.Int.Lemmas,Init.Data.Int.Linear,Init.Data.Rat.Lemmas,Init.Grind.Ring.OfScientific,Init.Data.Int.Pow,Init.Data.Int.DivMod.Lemmas,Init.Data.BitVec.Bootstrap,Init.Omega,Init.ByCases
Init.Data.Int.Bitwise.Lemmas	Init/Data/Int/Bitwise/Lemmas.cs	241	Init.Data.Int.Bitwise.Basic,Init.Data.Int.Bitwise.Basic,Init.Data.Int.DivMod.Basic,Init.ByCases,Init.Data.Int.DivMod.Lemmas,Init.Data.Int.Pow,Init.Data.Nat.Bitwise.Lemmas,Init.Data.Nat.Lemmas,Init.Omega,Init.RCases
Init.Data.BitVec.Lemmas	Init/Data/BitVec/Lemmas.cs	757	Init.Data.BitVec.Basic,Init.Data.BitVec.BasicAux,Init.Data.Fin.Lemmas,Init.Data.List.BasicAux,Init.Data.List.Lemmas,Init.Data.List.TakeDrop,Init.Data.List.Nat.TakeDrop,Init.Data.BitVec.Basic,Init.ByCases,Init.Data.BitVec.Bootstrap,Init.Grind.Norm,Init.Data.Int.Bitwise.Lemmas,Init.Data.Int.DivMod.Lemmas,Init.Data.Int.LemmasAux,Init.Data.Int.Pow,Init.Data.Nat.Div.Lemmas,Init.Data.Nat.MinMax,Init.Data.Nat.Mod,Init.Data.Nat.Simproc,Init.TacticsExtra,Init.PropLemmas
Init.System.Platform	Init/System/Platform.cs	200	Init.Data.Nat.Div.Basic,Init.SimpLemmas,Init.Data.Nat.Basic,Init.Data.String.Bootstrap
Init.Data.UInt.Lemmas	Init/Data/UInt/Lemmas.cs	13978	Init.Data.UInt.Basic,Init.Data.UInt.Basic,Init.Data.UInt.BasicAux,Init.Data.Fin.Bitwise,Init.Data.BitVec.BasicAux,Init.Data.BitVec.Basic,Init.Data.Nat.Div.Lemmas,Init.Data.Order.Classes,Init.Ext,Init.ByCases,Init.Data.BitVec.Bootstrap,Init.Data.BitVec.Lemmas,Init.Data.Int.DivMod.Lemmas,Init.System.Platform
Init.Data.Char.Lemmas	Init/Data/Char/Lemmas.cs	63	Init.Data.Char.Basic,Init.Data.Char.Basic,Init.Ext,Init.Data.UInt.Lemmas
Init.Data.UInt.Bitwise	Init/Data/UInt/Bitwise.cs	3245	Init.Data.BitVec.Basic,Init.Data.UInt.Basic,Init.Data.Nat.Bitwise,Init.Data.Nat.Lemmas,Init.Data.UInt.Basic,Init.Ext,Init.Data.BitVec.Bootstrap,Init.Data.BitVec.Lemmas,Init.Data.Fin.Bitwise,Init.Data.UInt.Lemmas,Init.System.Platform
Init.Data.String.Decode	Init/Data/String/Decode.cs	2680	Init.Data.Char.Lemmas,Init.Data.ByteArray.Basic,Init.Data.ByteArray.Lemmas,Init.Data.UInt.Basic,Init.Data.BitVec.Bootstrap,Init.Data.BitVec.Lemmas,Init.Data.Nat.Internal.Linear,Init.Data.Nat.MinMax,Init.Data.Option.Lemmas,Init.Data.UInt.Bitwise,Init.Data.UInt.Lemmas,Init.Omega
Init.Data.String.Basic	Init/Data/String/Basic.cs	6315	Init.Data.String.Decode,Init.Data.String.Defs,Init.Data.ByteArray.Lemmas,Init.Data.Char.Lemmas,Init.Data.Char.Basic,Init.ByCases,Init.Data.Array.Bootstrap,Init.Data.Array.Lemmas,Init.Data.List.Nat.TakeDrop,Init.Data.List.Sublist,Init.Data.List.TakeDrop,Init.Data.Option.Lemmas,Init.Omega
Init.Data.String.Length	Init/Data/String/Length.cs	105	Init.Data.String.Basic,Init.Data.Char.Lemmas
Init.Data.Nat.ToString	Init/Data/Nat/ToString.cs	221	Init.Data.Repr,Init.Data.Char.Basic,Init.Data.ToString.Basic,Init.Data.String.Basic,Init.Data.String.Length,Init.NotationExtra,Init.Data.Repr,Init.Omega,Init.RCases,Init.Data.Nat.Lemmas,Init.Data.Nat.Bitwise,Init.Data.Nat.Simproc,Init.WFTactics,Init.Data.Char.Lemmas,Init.Data.Nat.Div.Lemmas
Init.Data.Nat.Sqrt.Basic	Init/Data/Nat/Sqrt/Basic.cs	110	Init.Prelude,Init.Data.Nat.Log2,Init.Data.Nat.Bitwise.Basic,Init.WFTactics
Init.Data.Nat.Sqrt.Lemmas	Init/Data/Nat/Sqrt/Lemmas.cs	49	Init.Data.Nat.Sqrt.Basic,Init.Data.Nat.Sqrt.Basic,Init.TacticsExtra,Init.Data.Nat.Lemmas,Init.Data.Nat.Mod,Init.Omega
Init.Data.Nat.Sqrt	Init/Data/Nat/Sqrt.cs	29	Init.Data.Nat.Sqrt.Basic,Init.Data.Nat.Sqrt.Lemmas
Init.Data.Ord.Array	Init/Data/Ord/Array.cs	294	Init.Data.Ord.Basic,Init.Omega,Init.ByCases,Init.Data.Array.Basic,Init.WFTactics
Init.Data.Order.Ord	Init/Data/Order/Ord.cs	69	Init.Data.List.Lemmas,Init.Data.Array.DecidableEq,Init.Data.Ord.Array,Init.Data.BEq,Init.Data.Array.Basic,Init.ByCases,Init.Data.Bool,Init.Data.Int.Order,Init.Data.List.Nat.BEq,Init.Data.Option.Lemmas
Init.Data.Order.FactoriesExtra	Init/Data/Order/FactoriesExtra.cs	277	Init.Data.Order.ClassesExtra,Init.Data.Order.Ord,Init.Data.Order.Classes,Init.Data.Bool
Init.Data.Order.LemmasExtra	Init/Data/Order/LemmasExtra.cs	59	Init.ByCases,Init.Classical,Init.Data.Order.Classes,Init.Data.Order.ClassesExtra,Init.Data.Order.Ord,Init.Data.Bool,Init.Data.Order.FactoriesExtra,Init.Data.Order.Lemmas
Init.Data.Order.PackageFactories	Init/Data/Order/PackageFactories.cs	21061	Init.Data.Order.LemmasExtra,Init.Data.Order.FactoriesExtra,Init.Data.Order.Factories,Init.Data.Order.Lemmas,Init.Data.Bool
Init.Data.Nat.Package	Init/Data/Nat/Package.cs	34	Init.Data.Order.PackageFactories,Init.Data.Nat.Order,Init.Data.Nat.Compare
Init.Data.Nat	Init/Data/Nat.cs	139	Init.Data.Nat.Basic,Init.Data.Nat.Div,Init.Data.Nat.Dvd,Init.Data.Nat.Gcd,Init.Data.Nat.Coprime,Init.Data.Nat.MinMax,Init.Data.Nat.Order,Init.Data.Nat.Bitwise,Init.Data.Nat.Control,Init.Data.Nat.Log2,Init.Data.Nat.Power2,Init.Data.Nat.Internal,Init.Data.Nat.Internal,Init.Data.Nat.PowMod,Init.Data.Nat.Lemmas,Init.Data.Nat.Mod,Init.Data.Nat.Lcm,Init.Data.Nat.Compare,Init.Data.Nat.Simproc,Init.Data.Nat.Fold,Init.Data.Nat.Order,Init.Data.Nat.ToString,Init.Data.Nat.Sqrt,Init.Data.Nat.Package
Init.Data.Int.DivMod.Pow	Init/Data/Int/DivMod/Pow.cs	49	Init.ByCases,Init.Data.Int.DivMod.Bootstrap,Init.Data.Int.DivMod.Lemmas,Init.Data.Int.Lemmas,Init.Data.Int.Pow,Init.RCases
Init.Data.Int.DivMod	Init/Data/Int/DivMod.cs	39	Init.Data.Int.DivMod.Basic,Init.Data.Int.DivMod.Bootstrap,Init.Data.Int.DivMod.Lemmas,Init.Data.Int.DivMod.Pow
Init.Data.Fin.Iterate	Init/Data/Fin/Iterate.cs	127	Init.Data.Fin.Basic,Init.PropLemmas,Init.WFTactics,Init.Hints
Init.Data.BitVec.Folds	Init/Data/BitVec/Folds.cs	156	Init.Data.BitVec.Basic,Init.Data.BitVec.Basic,Init.Ext,Init.Data.BitVec.Lemmas,Init.Data.Fin.Iterate
Init.Data.BitVec.Decidable	Init/Data/BitVec/Decidable.cs	434	Init.Ext,Init.Data.BitVec.Basic,Init.PropLemmas,Init.Classical,Init.Data.BitVec.Bootstrap
Init.Data.BitVec.Bitblast	Init/Data/BitVec/Bitblast.cs	2108	Init.Data.Nat.Bitwise.Basic,Init.Data.Int.DivMod,Init.Data.BitVec.Basic,Init.Data.BitVec.Folds,Init.BinderPredicates,Init.Data.BitVec.Lemmas,Init.Data.Nat.Lemmas,Init.ByCases,Init.Data.BitVec.Bootstrap,Init.Data.BitVec.Decidable,Init.Data.Int.Pow,Init.Data.Nat.Div.Lemmas,Init.Data.Nat.Mod,Init.Data.Nat.Simproc,Init.TacticsExtra
Init.Data.BitVec.Package	Init/Data/BitVec/Package.cs	149	Init.Data.Order.PackageFactories,Init.Data.BitVec.Lemmas
Init.Data.BitVec	Init/Data/BitVec.cs	59	Init.Data.BitVec.BasicAux,Init.Data.BitVec.Basic,Init.Data.BitVec.Bootstrap,Init.Data.BitVec.Bitblast,Init.Data.BitVec.Decidable,Init.Data.BitVec.Lemmas,Init.Data.BitVec.Folds,Init.Data.BitVec.Package
Init.Data.Char.Order	Init/Data/Char/Order.cs	44	Init.Data.Char.Basic,Init.Data.Char.Lemmas,Init.Data.Order.Classes,Init.Data.Order.Factories,Init.PropLemmas
Init.Data.Fin.OverflowAware	Init/Data/Fin/OverflowAware.cs	62	Init.Data.Fin.Basic,Init.Data.Fin.Lemmas
Init.Grind.Lemmas	Init/Grind/Lemmas.cs	81	Init.Grind.Ring.Basic,Init.NotationExtra,Init.GetElem,Init.ByCases,Init.Classical,Init.Data.Bool
Init.Grind.Cases	Init/Grind/Cases.cs	24	Init.Grind.Tactics
Init.Grind.Propagator	Init/Grind/Propagator.cs	1458	Init.Meta,Init.Tactics,Init.Meta.Defs
Init.Grind.Offset	Init/Grind/Offset.cs	69	Init.Grind.Tactics,Init.Omega
Init.Grind.PP	Init/Grind/PP.cs	306	Init.Data.String.Defs,Init.Grind.Tactics
Init.Grind.Ordered.Order	Init/Grind/Ordered/Order.cs	34	Init.Data.Order.Classes,Init.Grind.Tactics,Init.Data.Order.Lemmas
Init.Grind.Ordered.Module	Init/Grind/Ordered/Module.cs	59	Init.Grind.Module.Basic,Init.Data.Order.Classes,Init.NotationExtra,Init.ByCases,Init.Data.Nat.Lemmas,Init.Grind.Ordered.Order,Init.Omega,Init.RCases
Init.Grind.Ordered.Ring	Init/Grind/Ordered/Ring.cs	49	Init.Grind.Ring.Basic,Init.Grind.Ordered.Module,Init.Data.Nat.Lemmas,Init.Grind.Ordered.Order,Init.Omega,Init.RCases
Init.Grind.Ring.Envelope	Init/Grind/Ring/Envelope.cs	1236	Init.Grind.Ordered.Ring,Init.Data.AC,Init.Omega,Init.RCases
Init.GrindInstances.Ring.Int	Init/GrindInstances/Ring/Int.cs	232	Init.Grind.Ring.Basic,Init.Data.Int.Lemmas,Init.Data.Int.Pow,Init.Data.Int.DivMod.Lemmas,Init.Meta
Init.Grind.Ring.CommSolver	Init/Grind/Ring/CommSolver.cs	13660	Init.Data.Ord.Basic,Init.Grind.Ring.Field,Init.Grind.Ordered.Ring,Init.GrindInstances.Ring.Int,Init.Data.Ord.Basic,Init.LawfulBEqTactics,Init.Classical,Init.Data.Bool,Init.Data.Int.DivMod.Lemmas,Init.Data.RArray,Init.Ext,Init.Data.Hashable,Init.Data.Int.LemmasAux,Init.Data.Nat.Internal.Linear,Init.Grind.Ordered.Order,Init.Omega,Init.WFTactics,Init.Data.Int.Repr,Init.Data.Nat.Gcd
Init.Grind.Ordered.Field	Init/Grind/Ordered/Field.cs	39	Init.Grind.Ring.Field,Init.Grind.Ordered.Ring,Init.Grind.Ordered.Order,Init.RCases
Init.Grind.Ring.FieldSolver	Init/Grind/Ring/FieldSolver.cs	1464	Init.Grind.Ring.CommSolver,Init.Grind.Ordered.Field,Init.Data.Nat.Gcd,Init.LawfulBEqTactics,Init.Data.Nat.Lemmas,Init.Omega
Init.Grind.Ring.IntSolver	Init/Grind/Ring/IntSolver.cs	49	Init.Grind.Ring.CommSolver,Init.GrindInstances.Ring.Int,Init.Data.Int.DivMod.Lemmas,Init.Data.Int.LemmasAux,Init.Data.Int.Linear,Init.Omega
Init.Grind.Ring.CommSemiringAdapter	Init/Grind/Ring/CommSemiringAdapter.cs	1852	Init.Grind.Ring.Envelope,Init.Grind.Ring.CommSolver,Init.Data.Int.LemmasAux,Init.Omega
Init.Grind.Ring	Init/Grind/Ring.cs	59	Init.Grind.Ring.Basic,Init.Grind.Ring.Field,Init.Grind.Ring.OfScientific,Init.Grind.Ring.Envelope,Init.Grind.Ring.CommSolver,Init.Grind.Ring.FieldSolver,Init.Grind.Ring.IntSolver,Init.Grind.Ring.CommSemiringAdapter
Init.Grind.ToInt	Init/Grind/ToInt.cs	19	
Init.Grind.Module.Envelope	Init/Grind/Module/Envelope.cs	763	Init.Grind.Ordered.Module,Init.Data.AC,Init.Omega,Init.RCases
Init.Grind.Module.OfNatModule	Init/Grind/Module/OfNatModule.cs	24	Init.Grind.Module.Envelope
Init.Grind.Ordered.Linarith	Init/Grind/Ordered/Linarith.cs	4242	Init.Grind.Ordered.Ring,Init.Grind.Ring.Field,Init.Data.Ord.Basic,Init.Data.AC,Init.LawfulBEqTactics,Init.Data.Bool,Init.Data.RArray,Init.Data.Int.DivMod.Lemmas,Init.Data.Nat.Lemmas,Init.Grind.Ordered.Order,Init.Omega,Init.WFTactics,Init.Data.Int.Repr
Init.Grind.Module.NatModuleNorm	Init/Grind/Module/NatModuleNorm.cs	664	Init.Grind.Ordered.Linarith,Init.Data.AC,Init.Data.Int.DivMod.Lemmas,Init.Data.Int.LemmasAux,Init.Omega
Init.Grind.Module	Init/Grind/Module.cs	39	Init.Grind.Module.Basic,Init.Grind.Module.Envelope,Init.Grind.Module.OfNatModule,Init.Grind.Module.NatModuleNorm
Init.Grind.Ordered.Int	Init/Grind/Ordered/Int.cs	34	Init.Grind.Ordered.Ring,Init.GrindInstances.Ring.Int,Init.Omega
Init.GrindInstances.Ring.Rat	Init/GrindInstances/Ring/Rat.cs	283	Init.Grind.Ring.OfScientific,Init.Data.Rat.Lemmas,Init.Data.Int.DivMod.Lemmas,Init.Data.Int.Lemmas
Init.Grind.Ordered.Rat	Init/Grind/Ordered/Rat.cs	29	Init.Grind.Ordered.Ring,Init.GrindInstances.Ring.Rat
Init.Grind.Ordered	Init/Grind/Ordered.cs	54	Init.Grind.Ordered.Order,Init.Grind.Ordered.Module,Init.Grind.Ordered.Ring,Init.Grind.Ordered.Field,Init.Grind.Ordered.Int,Init.Grind.Ordered.Rat,Init.Grind.Ordered.Linarith
Init.Grind.Ext	Init/Grind/Ext.cs	24	Init.Ext
Init.Grind.AC	Init/Grind/AC.cs	2268	Init.Data.Bool,Init.LawfulBEqTactics,Init.Data.RArray,Init.Classical
Init.Grind.Injective	Init/Grind/Injective.cs	239	Init.Data.Function,Init.NotationExtra,Init.Classical
Init.Grind.Order	Init/Grind/Order.cs	44	Init.Grind.Ordered.Ring,Init.Data.Int.LemmasAux,Init.Ext,Init.Grind.Ordered.Order,Init.Omega
Init.Grind.Lint	Init/Grind/Lint.cs	938	Init.Tactics
Init.Grind.FieldNormNum	Init/Grind/FieldNormNum.cs	100	Init.Grind.Ring.Field,Init.Data.Rat.Basic,Init.Data.Rat.Lemmas,Init.ByCases,Init.Omega
Init.Grind.Config	Init/Grind/Config.cs	1249	Init.Core
Init.Data.SInt.Basic	Init/Data/SInt/Basic.cs	6456	Init.Data.UInt.Basic,Init.Data.ToString.Extra
Init.Sym.Lemmas	Init/Sym/Lemmas.cs	59	Init.Data.Rat.Basic,Init.Data.SInt.Basic,Init.Data.Int.DivMod.Lemmas,Init.Data.Nat.Dvd,Init.Data.String.Basic,Init.Data.BitVec.Lemmas,Init.Data.Int.Order,Init.Data.UInt.Lemmas
Init.Grind.Homo.BitVec	Init/Grind/Homo/BitVec.cs	39	Init.Grind.Attr,Init.Data.BitVec.Bootstrap,Init.Data.BitVec.Lemmas,Init.Data.BitVec.Bitblast
Init.Grind.Homo.Fin	Init/Grind/Homo/Fin.cs	34	Init.Grind.Attr,Init.Data.Fin.Lemmas,Init.Data.Fin.Bitwise
Init.Grind.Homo.Extra	Init/Grind/Homo/Extra.cs	69	Init.Grind.Attr,Init.Data.Nat.Lemmas,Init.Data.Nat.Bitwise.Lemmas,Init.Data.Int.Lemmas,Init.Data.Int.Order,Init.Data.Int.LemmasAux,Init.Data.Int.Pow,Init.Data.Int.Bitwise.Lemmas,Init.Data.Int.DivMod.Bootstrap,Init.Data.Int.DivMod.Lemmas
Init.Data.SInt.Lemmas	Init/Data/SInt/Lemmas.cs	5231	Init.Data.Nat.Bitwise.Basic,Init.Data.SInt.Basic,Init.Data.SInt.Basic,Init.Data.BitVec.Basic,Init.Data.UInt.Basic,Init.Data.BitVec.Lemmas,Init.Data.Int.Order,Init.ByCases,Init.Data.BitVec.Bitblast,Init.Data.BitVec.Bootstrap,Init.Data.Int.DivMod.Lemmas,Init.Data.Int.LemmasAux,Init.Data.Int.Pow,Init.Data.UInt.Lemmas,Init.System.Platform
Init.Data.SInt.Bitwise	Init/Data/SInt/Bitwise.cs	2734	Init.Data.UInt.Basic,Init.Data.BitVec.Basic,Init.Data.BitVec.Lemmas,Init.Data.SInt.Basic,Init.Data.SInt.Basic,Init.Ext,Init.Data.BitVec.Bitblast,Init.Data.SInt.Lemmas,Init.System.Platform
Init.Grind.Homo.UInt8	Init/Grind/Homo/UInt8.cs	44	Init.Grind.Attr,Init.Data.UInt.Lemmas,Init.Data.UInt.Bitwise,Init.Data.SInt.Lemmas,Init.Data.SInt.Bitwise
Init.Grind.Homo.UInt16	Init/Grind/Homo/UInt16.cs	44	Init.Grind.Attr,Init.Data.UInt.Lemmas,Init.Data.UInt.Bitwise,Init.Data.SInt.Lemmas,Init.Data.SInt.Bitwise
Init.Grind.Homo.UInt32	Init/Grind/Homo/UInt32.cs	44	Init.Grind.Attr,Init.Data.UInt.Lemmas,Init.Data.UInt.Bitwise,Init.Data.SInt.Lemmas,Init.Data.SInt.Bitwise
Init.Grind.Homo.UInt64	Init/Grind/Homo/UInt64.cs	44	Init.Grind.Attr,Init.Data.UInt.Lemmas,Init.Data.UInt.Bitwise,Init.Data.SInt.Lemmas,Init.Data.SInt.Bitwise
Init.Grind.Homo.USize	Init/Grind/Homo/USize.cs	44	Init.Grind.Attr,Init.Data.UInt.Lemmas,Init.Data.UInt.Bitwise,Init.Data.SInt.Lemmas,Init.Data.SInt.Bitwise
Init.Grind.Homo.Int8	Init/Grind/Homo/Int8.cs	44	Init.Grind.Attr,Init.Data.UInt.Lemmas,Init.Data.UInt.Bitwise,Init.Data.SInt.Lemmas,Init.Data.SInt.Bitwise
Init.Grind.Homo.Int16	Init/Grind/Homo/Int16.cs	44	Init.Grind.Attr,Init.Data.UInt.Lemmas,Init.Data.UInt.Bitwise,Init.Data.SInt.Lemmas,Init.Data.SInt.Bitwise
Init.Grind.Homo.Int32	Init/Grind/Homo/Int32.cs	44	Init.Grind.Attr,Init.Data.UInt.Lemmas,Init.Data.UInt.Bitwise,Init.Data.SInt.Lemmas,Init.Data.SInt.Bitwise
Init.Grind.Homo.Int64	Init/Grind/Homo/Int64.cs	44	Init.Grind.Attr,Init.Data.UInt.Lemmas,Init.Data.UInt.Bitwise,Init.Data.SInt.Lemmas,Init.Data.SInt.Bitwise
Init.Grind.Homo.ISize	Init/Grind/Homo/ISize.cs	44	Init.Grind.Attr,Init.Data.UInt.Lemmas,Init.Data.UInt.Bitwise,Init.Data.SInt.Lemmas,Init.Data.SInt.Bitwise
Init.Grind.Homo	Init/Grind/Homo.cs	89	Init.Sym.Lemmas,Init.Grind.Homo.BitVec,Init.Grind.Homo.Fin,Init.Grind.Homo.Extra,Init.Grind.Homo.UInt8,Init.Grind.Homo.UInt16,Init.Grind.Homo.UInt32,Init.Grind.Homo.UInt64,Init.Grind.Homo.USize,Init.Grind.Homo.Int8,Init.Grind.Homo.Int16,Init.Grind.Homo.Int32,Init.Grind.Homo.Int64,Init.Grind.Homo.ISize
Init.Grind	Init/Grind.cs	134	Init.Grind.Norm,Init.Grind.Tactics,Init.Grind.Lemmas,Init.Grind.Cases,Init.Grind.Propagator,Init.Grind.Util,Init.Grind.Offset,Init.Grind.PP,Init.Grind.Ring,Init.Grind.ToInt,Init.Grind.Module,Init.Grind.Ordered,Init.Grind.Ext,Init.Grind.Attr,Init.Grind.AC,Init.Grind.Injective,Init.Grind.Order,Init.Grind.Interactive,Init.Grind.Lint,Init.Grind.Annotated,Init.Grind.FieldNormNum,Init.Grind.Config,Init.Grind.Homo
Init.Data.Int.OfNat	Init/Data/Int/OfNat.cs	94	Init.Data.Nat.Div.Basic,Init.Data.Int.Basic,Init.Data.Int.DivMod.Basic,Init.Data.Cast,Init.ByCases,Init.Data.Int.DivMod.Lemmas,Init.Data.Int.LemmasAux,Init.Data.Int.Pow,Init.Omega
Init.Data.Char.Ordinal	Init/Data/Char/Ordinal.cs	298	Init.Data.Fin.OverflowAware,Init.Data.Function,Init.Data.Char.Lemmas,Init.Data.Char.Order,Init.Grind,Init.Data.Char.Basic,Init.ByCases,Init.Data.Fin.Lemmas,Init.Data.Int.OfNat,Init.Data.Nat.Internal.Linear,Init.Data.Nat.Simproc,Init.Data.Option.Lemmas,Init.Data.UInt.Lemmas
Init.Data.Char	Init/Data/Char.cs	39	Init.Data.Char.Basic,Init.Data.Char.Lemmas,Init.Data.Char.Order,Init.Data.Char.Ordinal
Init.Data.Iterators.Basic	Init/Data/Iterators/Basic.cs	3279	Init.NotationExtra,Init.WFTactics,Init.Ext,Init.PropLemmas
Init.Data.Iterators.Consumers.Monadic.Partial	Init/Data/Iterators/Consumers/Monadic/Partial.cs	56	Init.Data.Iterators.Basic
Init.Data.Iterators.Internal.LawfulMonadLiftFunction	Init/Data/Iterators/Internal/LawfulMonadLiftFunction.cs	52	Init.Control.Lawful.MonadLift
Init.WFExtrinsicFix	Init/WFExtrinsicFix.cs	239	Init.WF,Init.Classical,Init.Ext,Init.NotationExtra
Init.Data.Iterators.Consumers.Monadic.Total	Init/Data/Iterators/Consumers/Monadic/Total.cs	58	Init.Data.Iterators.Basic
Init.Data.Iterators.Consumers.Monadic.Loop	Init/Data/Iterators/Consumers/Monadic/Loop.cs	3961	Init.Data.Iterators.Consumers.Monadic.Partial,Init.Data.Iterators.Internal.LawfulMonadLiftFunction,Init.WFExtrinsicFix,Init.Data.Iterators.Consumers.Monadic.Total,Init.PropLemmas
Init.Data.String.OrderInstances	Init/Data/String/OrderInstances.cs	1788	Init.Data.String.Defs,Init.Grind.Attr,Init.Data.Order.Classes,Init.Data.Order.PackageFactories,Init.Omega,Init.Data.Order.PackageFactories
Init.Data.String.Lemmas.Basic	Init/Data/String/Lemmas/Basic.cs	108	Init.Data.String.Basic,Init.Data.String.Basic,Init.Data.ByteArray.Lemmas,Init.Data.Nat.MinMax
Init.Data.String.FindPos	Init/Data/String/FindPos.cs	807	Init.Data.String.Basic,Init.Omega,Init.Data.String.OrderInstances,Init.Data.String.Lemmas.Basic
Init.Data.String.Lemmas.Order	Init/Data/String/Lemmas/Order.cs	49	Init.Data.String.Basic,Init.Data.String.OrderInstances,Init.Data.String.Lemmas.Basic,Init.Data.Order.Lemmas,Init.Omega,Init.ByCases
Init.Data.String.Lemmas.FindPos	Init/Data/String/Lemmas/FindPos.cs	123	Init.Data.String.FindPos,Init.Data.String.FindPos,Init.Data.String.OrderInstances,Init.Data.String.Lemmas.Order,Init.Data.Order.Lemmas,Init.Data.Option.Lemmas,Init.ByCases
Init.Data.Iterators.Consumers.Partial	Init/Data/Iterators/Consumers/Partial.cs	57	Init.Data.Iterators.Basic
Init.Data.Iterators.Consumers.Total	Init/Data/Iterators/Consumers/Total.cs	57	Init.Data.Iterators.Basic
Init.Data.Iterators.Consumers.Loop	Init/Data/Iterators/Consumers/Loop.cs	2310	Init.Data.Iterators.Consumers.Monadic.Loop,Init.Data.Iterators.Consumers.Partial,Init.Data.Iterators.Consumers.Total
Init.Data.String.Lemmas.IsEmpty	Init/Data/String/Lemmas/IsEmpty.cs	49	Init.Data.String.Basic,Init.Data.String.Defs,Init.Data.String.Lemmas.Order,Init.Data.String.Lemmas.Basic,Init.Data.String.OrderInstances,Init.Grind
Init.Data.String.Lemmas.Splits	Init/Data/String/Lemmas/Splits.cs	317	Init.Data.String.Basic,Init.Data.String.FindPos,Init.Data.ByteArray.Lemmas,Init.Data.String.Lemmas.Basic,Init.Data.Nat.MinMax,Init.Data.String.Lemmas.IsEmpty,Init.Data.String.Lemmas.Order,Init.Data.String.OrderInstances,Init.Data.Nat.Order,Init.Omega,Init.Data.String.Lemmas.FindPos,Init.Data.List.TakeDrop,Init.Data.List.Nat.TakeDrop
Init.Data.String.Termination	Init/Data/String/Termination.cs	2309	Init.Data.String.Lemmas.Splits,Init.Data.String.FindPos,Init.Data.Option.Lemmas,Init.Omega,Init.ByCases,Init.Data.String.Lemmas.FindPos
Init.Data.String.Pattern.Basic	Init/Data/String/Pattern/Basic.cs	2076	Init.Data.Iterators.Consumers.Monadic.Loop,Init.Data.String.Defs,Init.Data.String.Basic,Init.Data.String.FindPos,Init.Data.String.Lemmas.FindPos,Init.Data.Iterators.Consumers.Loop,Init.Omega,Init.Data.String.Lemmas.IsEmpty,Init.Data.String.Termination,Init.Data.String.OrderInstances,Init.Data.String.Lemmas.Order
Init.Data.String.Pattern.Pred	Init/Data/String/Pattern/Pred.cs	845	Init.Data.String.Pattern.Basic,Init.Data.String.Lemmas.IsEmpty,Init.Data.String.Termination,Init.Omega,Init.Data.String.Basic,Init.Data.String.Lemmas.Order,Init.Data.Option.Lemmas,Init.Data.String.Lemmas.FindPos
Init.Data.String.Pattern.Char	Init/Data/String/Pattern/Char.cs	485	Init.Data.String.Pattern.Pred
Init.Data.Array.MinMax	Init/Data/Array/MinMax.cs	367	Init.Data.Array.Lemmas,Init.Data.List.MinMax,Init.Data.Order.Classes,Init.Data.Array.Bootstrap,Init.Data.Array.DecidableEq,Init.Data.List.TakeDrop,Init.Data.Order.Lemmas
Init.Data.List.Nat.Sum	Init/Data/List/Nat/Sum.cs	59	Init.Data.List.MinMax,Init.BinderPredicates,Init.NotationExtra,Init.Data.Nat.Div.Lemmas,Init.Data.Nat.Lemmas,Init.Data.Nat.MinMax,Init.Data.Option.Lemmas,Init.Omega
Init.Data.List.Nat.Prod	Init/Data/List/Nat/Prod.cs	39	Init.Data.List.Lemmas,Init.BinderPredicates,Init.NotationExtra,Init.Data.Nat.Lemmas
Init.Data.Array.Nat	Init/Data/Array/Nat.cs	39	Init.Data.Array.MinMax,Init.Data.List.Nat.Sum,Init.Data.List.Nat.Prod,Init.Data.Array.Lemmas
Init.Data.Iterators.Consumers.Monadic.Collect	Init/Data/Iterators/Consumers/Monadic/Collect.cs	571	Init.Data.Iterators.Consumers.Monadic.Partial,Init.Data.Iterators.Consumers.Monadic.Total,Init.WFExtrinsicFix,Init.Ext
Init.Data.Iterators.Lemmas.Monadic.Basic	Init/Data/Iterators/Lemmas/Monadic/Basic.cs	119	Init.Data.Iterators.Basic
Init.Data.Iterators.Lemmas.Consumers.Monadic.Collect	Init/Data/Iterators/Lemmas/Consumers/Monadic/Collect.cs	397	Init.Data.Iterators.Consumers.Monadic.Collect,Init.Data.Iterators.Consumers.Monadic.Collect,Init.Data.Iterators.Consumers.Monadic.Total,Init.WFExtrinsicFix,Init.Control.Lawful,Init.Data.Array.Bootstrap,Init.Data.Array.Lemmas,Init.Data.Iterators.Lemmas.Monadic.Basic
Init.Data.Iterators.Lemmas.Consumers.Monadic.Loop	Init/Data/Iterators/Lemmas/Consumers/Monadic/Loop.cs	758	Init.Data.Iterators.Consumers.Monadic.Loop,Init.Data.Iterators.Consumers.Monadic.Loop,Init.Data.Iterators.Consumers.Monadic.Collect,Init.Data.List.Control,Init.Data.Array.Lemmas,Init.Data.Bool,Init.Data.Iterators.Lemmas.Consumers.Monadic.Collect,Init.Data.Iterators.Lemmas.Monadic.Basic,Init.Omega
Init.Data.Range.Polymorphic.UpwardEnumerable	Init/Data/Range/Polymorphic/UpwardEnumerable.cs	189	Init.Data.Order.Classes,Init.Classical,Init.Data.Option.Lemmas
Init.Data.Range.Polymorphic.PRange	Init/Data/Range/Polymorphic/PRange.cs	4308	Init.Data.Range.Polymorphic.UpwardEnumerable
Init.Data.Iterators.Consumers.Monadic.Access	Init/Data/Iterators/Consumers/Monadic/Access.cs	128	Init.Data.Iterators.Basic
Init.Data.Range.Polymorphic.RangeIterator	Init/Data/Range/Polymorphic/RangeIterator.cs	3734	Init.Data.Iterators.Lemmas.Consumers.Monadic.Loop,Init.Data.Range.Polymorphic.PRange,Init.Data.Iterators.Consumers.Monadic.Access,Init.Data.Iterators.Consumers.Monadic.Loop,Init.ByCases,Init.Data.Bool,Init.Data.List.Lemmas,Init.Data.List.Sublist,Init.Data.Option.Lemmas
Init.Data.Array.InsertIdx	Init/Data/Array/InsertIdx.cs	44	Init.Data.Array.Basic,Init.Data.List.Nat.InsertIdx,Init.Data.List.ToArray,Init.Data.Nat.Lemmas,Init.Omega
Init.Data.List.Nat.Count	Init/Data/List/Nat/Count.cs	125	Init.GetElem,Init.ByCases,Init.Data.Bool,Init.Data.List.Count,Init.Data.List.Lemmas,Init.Data.List.Sublist,Init.Data.Nat.Lemmas,Init.Data.Nat.MinMax,Init.Omega
Init.Data.Array.Count	Init/Data/Array/Count.cs	64	Init.Data.Array.Basic,Init.Grind.Util,Init.BinderPredicates,Init.Ext,Init.NotationExtra,Init.Data.Array.Lemmas,Init.Data.Bool,Init.Data.List.Count,Init.Data.List.Nat.Count
Init.Data.Array.Attach	Init/Data/Array/Attach.cs	428	Init.Data.List.Attach,Init.Data.Array.Lemmas,Init.Data.Array.Bootstrap,Init.Data.Array.Count
Init.Data.Option.List	Init/Data/Option/List.cs	49	Init.Data.List.Control,Init.Data.Option.Instances,Init.Data.List.Control,Init.Data.Option.Lemmas,Init.Data.Bool,Init.Data.List.Lemmas
Init.Data.Option.Array	Init/Data/Option/Array.cs	109	Init.Data.Option.Instances,Init.Control.Lawful,Init.Data.Option.Lemmas,Init.Data.Array.Bootstrap,Init.Data.Array.Lemmas,Init.Data.Bool,Init.Data.List.Zip,Init.Data.Option.List
Init.Data.Option.Attach	Init/Data/Option/Attach.cs	360	Init.Data.Array.Attach,Init.Data.Option.Lemmas,Init.Data.Bool,Init.Data.Option.Array,Init.Data.Option.List,Init.Data.Subtype.Basic
Init.Data.List.Nat.Range	Init/Data/List/Nat/Range.cs	502	Init.Data.Nat.Lemmas,Init.Ext,Init.ByCases,Init.Data.List.Erase,Init.Data.List.Find,Init.Data.List.Nat.TakeDrop,Init.Data.List.Pairwise,Init.Data.List.Range,Init.Data.List.Zip,Init.Data.Nat.Dvd,Init.Data.Option.Lemmas,Init.Omega,Init.TacticsExtra
Init.Data.List.MapIdx	Init/Data/List/MapIdx.cs	530	Init.Data.Option.Attach,Init.Data.List.OfFn,Init.ByCases,Init.Data.Array.Bootstrap,Init.Data.List.Nat.Range,Init.Data.List.Nat.TakeDrop,Init.Data.List.Range,Init.Data.List.TakeDrop,Init.Data.Prod,Init.Data.Subtype.Basic,Init.Omega
Init.Data.Array.Monadic	Init/Data/Array/Monadic.cs	323	Init.Data.List.Control,Init.Data.Array.Basic,Init.Data.Array.Attach,Init.Data.Bool
Init.Data.Array.OfFn	Init/Data/Array/OfFn.cs	98	Init.Data.Array.Basic,Init.Data.List.OfFn,Init.Data.Array.Bootstrap,Init.Data.Array.Monadic,Init.Data.Fin.Lemmas,Init.Data.List.FinRange,Init.Data.Option.Lemmas,Init.Omega
Init.Data.Array.MapIdx	Init/Data/Array/MapIdx.cs	213	Init.Data.Array.Basic,Init.Data.List.MapIdx,Init.Data.List.MapIdx,Init.Data.Array.OfFn
Init.Data.Range.Polymorphic.Basic	Init/Data/Range/Polymorphic/Basic.cs	1613	Init.Data.Range.Polymorphic.PRange,Init.Data.Option.Instances
Init.Data.Iterators.Consumers.Collect	Init/Data/Iterators/Consumers/Collect.cs	289	Init.Data.Iterators.Consumers.Partial,Init.Data.Iterators.Consumers.Total,Init.Data.Iterators.Consumers.Monadic.Collect
Init.Data.Range.Polymorphic.Iterators	Init/Data/Range/Polymorphic/Iterators.cs	3416	Init.Data.Range.Polymorphic.RangeIterator,Init.Data.Range.Polymorphic.Basic,Init.Data.Iterators.Consumers.Collect,Init.Data.Iterators.Consumers.Loop,Init.Data.Option.Lemmas
Init.Data.Range.Polymorphic.Instances	Init/Data/Range/Polymorphic/Instances.cs	73	Init.Data.Range.Polymorphic.Basic,Init.Data.Nat.Lemmas,Init.ByCases,Init.Data.Option.Lemmas,Init.Omega
Init.Data.Range.Polymorphic.Nat	Init/Data/Range/Polymorphic/Nat.cs	1143	Init.Data.Nat.Lemmas,Init.Data.Range.Polymorphic.Instances,Init.Data.Nat.MinMax,Init.Omega,Init.RCases
Init.Data.Vector.Basic	Init/Data/Vector/Basic.cs	8013	Init.Data.Array.Nat,Init.Data.Array.DecidableEq,Init.Data.Range.Polymorphic.RangeIterator,Init.Data.Array.InsertIdx,Init.Data.Array.MapIdx,Init.Data.Range.Polymorphic.Iterators,Init.Data.Range.Polymorphic.Nat,Init.Omega
Init.Data.String.Pattern.String	Init/Data/String/Pattern/String.cs	2587	Init.Data.String.Pattern.Basic,Init.Data.Vector.Basic,Init.Data.String.FindPos,Init.Data.String.Termination,Init.Data.String.Lemmas.FindPos,Init.ByCases,Init.Data.Array.Lemmas,Init.Data.Option.Lemmas,Init.Omega
Init.Data.String.Pattern	Init/Data/String/Pattern.cs	39	Init.Data.String.Pattern.Basic,Init.Data.String.Pattern.Char,Init.Data.String.Pattern.String,Init.Data.String.Pattern.Pred
Init.Data.Iterators.PostconditionMonad	Init/Data/Iterators/PostconditionMonad.cs	731	Init.Control.Lawful.Basic,Init.Control.Lawful.MonadLift.Basic,Init.Ext,Init.NotationExtra,Init.Data.Subtype.Basic,Init.PropLemmas
Init.Data.Iterators.Combinators.Monadic.FilterMap	Init/Data/Iterators/Combinators/Monadic/FilterMap.cs	1087	Init.Data.Iterators.PostconditionMonad,Init.Data.Iterators.Consumers.Monadic.Loop,Init.PropLemmas
Init.Data.Iterators.Combinators.FilterMap	Init/Data/Iterators/Combinators/FilterMap.cs	345	Init.Data.Iterators.Combinators.Monadic.FilterMap
Init.Data.String.ToSlice	Init/Data/String/ToSlice.cs	65	Init.Data.String.Defs
Init.Data.String.Subslice	Init/Data/String/Subslice.cs	698	Init.Data.String.Basic,Init.Data.String.Lemmas.IsEmpty,Init.Data.String.Lemmas.Basic
Init.Data.String.Iter.Basic	Init/Data/String/Iter/Basic.cs	132	Init.Data.Iterators.Combinators.FilterMap,Init.Data.Iterators.Consumers.Collect
Init.Data.String.Iterate	Init/Data/String/Iterate.cs	2496	Init.Data.String.Basic,Init.Data.String.FindPos,Init.Data.Iterators.Combinators.FilterMap,Init.Data.Iterators.Consumers.Loop,Init.Omega,Init.Data.Iterators.Consumers.Collect,Init.Data.String.Lemmas.FindPos
Init.Data.String.Slice	Init/Data/String/Slice.cs	9827	Init.Data.String.Pattern,Init.Data.Ord.Basic,Init.Data.Iterators.Combinators.FilterMap,Init.Data.String.ToSlice,Init.Data.String.Subslice,Init.Data.String.Iter.Basic,Init.Data.String.Iterate,Init.Data.Iterators.Consumers.Collect,Init.Data.Iterators.Consumers.Loop,Init.Data.Option.Lemmas,Init.Data.String.Termination,Init.Omega
Init.Data.String.Search	Init/Data/String/Search.cs	2364	Init.Data.String.Slice,Init.Data.Iterators.Consumers.Collect
Init.Data.String.Extra	Init/Data/String/Extra.cs	1065	Init.Data.ByteArray.Basic,Init.Data.String.Basic,Init.Data.String.Basic,Init.Data.String.Search,Init.Data.String.Termination,Init.Data.String.Length
Init.Data.String.Modify	Init/Data/String/Modify.cs	551	Init.Data.String.Termination,Init.Data.ByteArray.Lemmas,Init.Data.Char.Lemmas
Init.Data.String.Iterator	Init/Data/String/Iterator.cs	2144	Init.Data.String.Modify
Init.Data.String.Lemmas.Modify	Init/Data/String/Lemmas/Modify.cs	34	Init.Data.String.Modify,Init.Data.String.Modify,Init.Data.String.Lemmas.Basic
Init.Data.String.Lemmas.Pattern.Memcmp	Init/Data/String/Lemmas/Pattern/Memcmp.cs	44	Init.Data.String.Pattern.Basic,Init.Data.String.Pattern.Basic,Init.Data.ByteArray.Lemmas,Init.ByCases,Init.Data.Nat.MinMax
Init.Data.String.Lemmas.Slice	Init/Data/String/Lemmas/Slice.cs	54	Init.Data.String.Slice,Init.Data.String.Slice,Init.Data.String.Lemmas.Pattern.Memcmp,Init.Data.String.Lemmas.Basic,Init.Data.ByteArray.Lemmas,Init.Data.String.Lemmas.IsEmpty,Init.Data.String.Lemmas.FindPos
Init.Data.String.Lemmas.Search	Init/Data/String/Lemmas/Search.cs	39	Init.Data.String.Search,Init.Data.String.Search,Init.Data.String.Lemmas.Slice,Init.Data.String.Lemmas.FindPos
Init.Data.Iterators.Consumers.Access	Init/Data/Iterators/Consumers/Access.cs	368	Init.Data.Iterators.Consumers.Monadic.Access,Init.Data.Iterators.Consumers.Partial,Init.Data.Iterators.Consumers.Total,Init.Ext,Init.WFExtrinsicFix
Init.Data.Iterators.Lemmas.Basic	Init/Data/Iterators/Lemmas/Basic.cs	118	Init.Data.Iterators.Basic
Init.Data.Iterators.Lemmas.Consumers.Collect	Init/Data/Iterators/Lemmas/Consumers/Collect.cs	311	Init.Data.Iterators.Consumers.Access,Init.Data.Iterators.Consumers.Access,Init.Data.Iterators.Consumers.Collect,Init.Data.Iterators.Consumers.Total,Init.Data.Iterators.Consumers.Monadic.Total,Init.Data.Iterators.Consumers.Collect,Init.Data.Array.Bootstrap,Init.Data.Array.Lemmas,Init.Data.Iterators.Lemmas.Basic,Init.Data.Iterators.Lemmas.Consumers.Monadic.Collect,Init.Data.Option.Lemmas
Init.Data.String.Lemmas.Pattern.Basic	Init/Data/String/Lemmas/Pattern/Basic.cs	279	Init.Data.String.Pattern.Basic,Init.Data.String.Lemmas.Splits,Init.Data.Iterators.Consumers.Collect,Init.Data.String.Pattern.Basic,Init.Data.String.OrderInstances,Init.Data.String.Lemmas.IsEmpty,Init.Data.String.Lemmas.Basic,Init.Data.String.Lemmas.Order,Init.Data.String.Termination,Init.Data.Order.Lemmas,Init.ByCases,Init.Data.Option.Lemmas,Init.Data.Iterators.Lemmas.Consumers.Collect,Init.Data.String.Lemmas.FindPos
Init.Data.Iterators.Lemmas.Combinators.Monadic.FilterMap	Init/Data/Iterators/Lemmas/Combinators/Monadic/FilterMap.cs	1143	Init.Data.Iterators.Combinators.Monadic.FilterMap,Init.Data.Iterators.Consumers.Monadic.Collect,Init.Data.Array.Monadic,Init.Data.Iterators.Consumers.Monadic.Collect,Init.Data.List.Control,Init.Data.Bool,Init.Data.Iterators.Lemmas.Consumers.Monadic.Collect,Init.Data.Iterators.Lemmas.Consumers.Monadic.Loop,Init.Data.Iterators.Lemmas.Monadic.Basic
Init.Data.Iterators.Lemmas.Consumers.Loop	Init/Data/Iterators/Lemmas/Consumers/Loop.cs	790	Init.Data.Iterators.Lemmas.Consumers.Monadic.Loop,Init.Data.Iterators.Consumers.Loop,Init.Data.Iterators.Consumers.Monadic.Collect,Init.Data.Array.Monadic,Init.Data.Iterators.Consumers.Collect,Init.Data.Iterators.Consumers.Loop,Init.Data.List.Monadic,Init.Data.Iterators.Lemmas.Basic,Init.Data.Iterators.Lemmas.Consumers.Collect,Init.Data.List.Find,Init.Data.Option.Lemmas
Init.Data.Iterators.Lemmas.Combinators.FilterMap	Init/Data/Iterators/Lemmas/Combinators/FilterMap.cs	1371	Init.Data.Iterators.Combinators.FilterMap,Init.Data.Iterators.Consumers.Collect,Init.Data.Iterators.Consumers.Loop,Init.Data.List.Control,Init.Data.Array.Lemmas,Init.Data.Bool,Init.Data.Iterators.Lemmas.Basic,Init.Data.Iterators.Lemmas.Combinators.Monadic.FilterMap,Init.Data.Iterators.Lemmas.Consumers.Collect,Init.Data.Iterators.Lemmas.Consumers.Loop,Init.Data.Iterators.Lemmas.Consumers.Monadic.Loop
Init.Data.String.Lemmas.Iterate	Init/Data/String/Lemmas/Iterate.cs	347	Init.Data.String.Iterate,Init.Data.Iterators.Consumers.Collect,Init.Data.String.Lemmas.Splits,Init.Data.String.Iterate,Init.Data.String.Termination,Init.Data.Iterators.Lemmas.Consumers.Collect,Init.ByCases,Init.Data.Iterators.Lemmas.Combinators.FilterMap,Init.Data.String.Lemmas.Basic,Init.Data.Iterators.Lemmas.Consumers.Loop,Init.Data.String.Lemmas.Order,Init.Data.String.OrderInstances,Init.Data.Subtype.Basic
Init.Data.String.Lemmas.Pattern.Pred	Init/Data/String/Lemmas/Pattern/Pred.cs	218	Init.Data.String.Pattern.Pred,Init.Data.String.Lemmas.Pattern.Basic,Init.Data.String.Slice,Init.Data.String.Search,Init.Data.String.Slice,Init.Data.String.Pattern.Pred,Init.Data.String.Search,Init.Data.Option.Lemmas,Init.Data.String.Lemmas.Basic,Init.Data.String.Lemmas.Order,Init.Data.Order.Lemmas,Init.Data.String.OrderInstances,Init.Data.String.Lemmas.Iterate,Init.Omega,Init.Data.String.Lemmas.FindPos
Init.Data.String.Lemmas.Pattern.Char	Init/Data/String/Lemmas/Pattern/Char.cs	184	Init.Data.String.Pattern.Char,Init.Data.String.Lemmas.Pattern.Basic,Init.Data.String.Slice,Init.Data.String.Lemmas.Pattern.Pred,Init.Data.String.Search,Init.Data.String.Slice,Init.Data.String.Pattern.Char,Init.Data.String.Search,Init.Data.Option.Lemmas,Init.Data.String.Lemmas.Basic,Init.Data.String.Lemmas.Order,Init.Data.Order.Lemmas,Init.Data.String.OrderInstances,Init.Omega,Init.Data.String.Lemmas.FindPos
Init.Data.String.Lemmas.Intercalate	Init/Data/String/Lemmas/Intercalate.cs	244	Init.Data.String.Defs,Init.Data.String.Defs,Init.Data.String.Slice,Init.Data.String.Slice,Init.ByCases
Init.Data.String.Lemmas.Pattern.String.Basic	Init/Data/String/Lemmas/Pattern/String/Basic.cs	131	Init.Data.String.Pattern.String,Init.Data.String.Lemmas.Pattern.Basic,Init.Data.String.Lemmas.IsEmpty,Init.Data.String.Lemmas.Basic,Init.Data.String.Lemmas.Intercalate,Init.Data.String.OrderInstances,Init.Data.String.Lemmas.Splits,Init.Data.ByteArray.Lemmas,Init.Omega
Init.Data.String.Lemmas.Pattern.String.ForwardPattern	Init/Data/String/Lemmas/Pattern/String/ForwardPattern.cs	120	Init.Data.String.Lemmas.Pattern.String.Basic,Init.Data.String.Pattern.String,Init.Data.String.Slice,Init.Data.String.Pattern.String,Init.Data.String.Slice,Init.Data.String.Lemmas.Pattern.Pred,Init.Data.String.Lemmas.Pattern.Memcmp,Init.Data.String.Lemmas.Basic,Init.Data.ByteArray.Lemmas
Init.Data.List.Nat.Find	Init/Data/List/Nat/Find.cs	64	Init.BinderPredicates,Init.NotationExtra,Init.Data.List.Find,Init.Data.List.Nat.Range,Init.Data.List.Nat.TakeDrop,Init.Data.List.TakeDrop,Init.Data.Option.Lemmas,Init.Data.Prod,Init.Omega
Init.Data.Array.Find	Init/Data/Array/Find.cs	245	Init.Data.List.Nat.Sum,Init.Data.Array.Basic,Init.Data.Array.Attach,Init.Data.Option.BasicAux,Init.ByCases,Init.Data.Array.Bootstrap,Init.Data.Array.MapIdx,Init.Data.Bool,Init.Data.Fin.Lemmas,Init.Data.List.Count,Init.Data.List.Find,Init.Data.List.Impl,Init.Data.List.Nat.Find,Init.Data.List.Nat.TakeDrop,Init.Data.List.TakeDrop,Init.Omega
Init.Data.Vector.Lemmas	Init/Data/Vector/Lemmas.cs	375	Init.Data.Array.Basic,Init.Data.Vector.Basic,Init.Data.Vector.Basic,Init.Data.List.MapIdx,Init.ByCases,Init.Data.Array.Bootstrap,Init.Data.Array.Count,Init.Data.Array.Find,Init.Data.Array.OfFn,Init.Data.Bool,Init.Data.Fin.Lemmas,Init.Data.List.TakeDrop,Init.Data.Nat.Simproc,Init.TacticsExtra
Init.Data.String.Lemmas.Pattern.String.ForwardSearcher	Init/Data/String/Lemmas/Pattern/String/ForwardSearcher.cs	434	Init.Data.String.Lemmas.Pattern.String.Basic,Init.Data.String.Pattern.String,Init.Data.String.Slice,Init.Data.String.Search,Init.Data.String.Slice,Init.Data.String.Search,Init.Data.String.Pattern.String,Init.Data.String.Lemmas.IsEmpty,Init.Data.Vector.Lemmas,Init.Data.Iterators.Lemmas.Basic,Init.Data.Iterators.Lemmas.Consumers.Collect,Init.Data.String.Lemmas.Basic,Init.Data.String.OrderInstances
Init.Data.String.Lemmas.Pattern.String	Init/Data/String/Lemmas/Pattern/String.cs	34	Init.Data.String.Lemmas.Pattern.String.Basic,Init.Data.String.Lemmas.Pattern.String.ForwardPattern,Init.Data.String.Lemmas.Pattern.String.ForwardSearcher
Init.Data.String.Lemmas.Pattern.Split.Basic	Init/Data/String/Lemmas/Pattern/Split/Basic.cs	582	Init.Data.String.Lemmas.Pattern.Basic,Init.Data.String.Slice,Init.Data.String.Search,Init.Data.String.Slice,Init.Data.String.Search,Init.Data.Option.Lemmas,Init.Data.String.Termination,Init.Data.String.Lemmas.Order,Init.ByCases,Init.Data.Order.Lemmas,Init.Data.String.OrderInstances,Init.Data.Iterators.Lemmas.Basic,Init.Data.Iterators.Lemmas.Consumers.Collect,Init.Data.Iterators.Lemmas.Combinators.FilterMap,Init.Data.String.Lemmas.IsEmpty
Init.Data.List.SplitOn.Basic	Init/Data/List/SplitOn/Basic.cs	422	Init.Data.List.Basic,Init.NotationExtra,Init.Data.Array.Bootstrap,Init.Data.List.Lemmas
Init.Data.List.SplitOn.Lemmas	Init/Data/List/SplitOn/Lemmas.cs	87	Init.Data.List.SplitOn.Basic,Init.Data.List.SplitOn.Basic,Init.Data.List.Nat.Modify,Init.ByCases
Init.Data.String.Lemmas.Pattern.Split.Pred	Init/Data/String/Lemmas/Pattern/Split/Pred.cs	148	Init.Data.String.Slice,Init.Data.String.Search,Init.Data.List.SplitOn.Basic,Init.Data.String.Lemmas.Pattern.Split.Basic,Init.Data.String.Lemmas.Pattern.Pred,Init.Data.String.Termination,Init.Data.String.Lemmas.Pattern.Split.Basic,Init.Data.Order.Lemmas,Init.Data.Iterators.Lemmas.Combinators.FilterMap,Init.Data.String.Lemmas.Pattern.Split.Basic,Init.Data.String.Lemmas.Pattern.Pred,Init.ByCases,Init.Data.String.OrderInstances,Init.Data.List.SplitOn.Lemmas,Init.Data.String.Lemmas.Order
Init.Data.String.Lemmas.Pattern.Split.Char	Init/Data/String/Lemmas/Pattern/Split/Char.cs	163	Init.Data.String.Slice,Init.Data.String.Search,Init.Data.List.SplitOn.Basic,Init.Data.String.Lemmas.Pattern.Split.Basic,Init.Data.String.Lemmas.Pattern.Char,Init.Data.String.Lemmas.Pattern.Split.Basic,Init.Data.String.Termination,Init.Data.Order.Lemmas,Init.Data.Iterators.Lemmas.Combinators.FilterMap,Init.Data.String.Lemmas.Pattern.Split.Basic,Init.Data.String.Lemmas.Pattern.Split.Pred,Init.Data.String.Lemmas.Pattern.Char,Init.ByCases,Init.Data.String.OrderInstances,Init.Data.String.Lemmas.Order,Init.Data.String.Lemmas.Intercalate,Init.Data.List.SplitOn.Lemmas,Init.Data.String.Lemmas.Slice
Init.Data.String.Lemmas.Pattern.Split	Init/Data/String/Lemmas/Pattern/Split.cs	34	Init.Data.String.Lemmas.Pattern.Split.Basic,Init.Data.String.Lemmas.Pattern.Split.Char,Init.Data.String.Lemmas.Pattern.Split.Pred
Init.Data.String.Lemmas.Pattern.Find.Basic	Init/Data/String/Lemmas/Pattern/Find/Basic.cs	312	Init.Data.String.Slice,Init.Data.String.Search,Init.Data.String.Lemmas.Pattern.Basic,Init.Data.String.Slice,Init.Data.String.Search,Init.Data.Iterators.Lemmas.Consumers.Loop,Init.Data.String.Lemmas.Order,Init.Data.String.Lemmas.Basic,Init.Data.String.OrderInstances,Init.Data.Int.OfNat,Init.Grind
Init.Data.String.Lemmas.Pattern.Find.Char	Init/Data/String/Lemmas/Pattern/Find/Char.cs	79	Init.Data.String.Slice,Init.Data.String.Search,Init.Data.String.Lemmas.Splits,Init.Data.String.Lemmas.Pattern.Find.Basic,Init.Data.String.Lemmas.Pattern.Char,Init.Data.String.Lemmas.Basic,Init.Data.String.Lemmas.Order,Init.Data.String.Termination,Init.Data.String.Lemmas.Iterate,Init.Grind,Init.Data.Option.Lemmas,Init.Data.String.OrderInstances
Init.Data.String.Lemmas.Pattern.Find.Pred	Init/Data/String/Lemmas/Pattern/Find/Pred.cs	89	Init.Data.String.Slice,Init.Data.String.Search,Init.Data.String.Lemmas.Splits,Init.Data.String.Slice,Init.Data.String.Search,Init.Data.String.Lemmas.Pattern.Find.Basic,Init.Data.String.Lemmas.Pattern.Pred,Init.Data.String.Lemmas.Basic,Init.Data.String.Lemmas.Order,Init.Data.String.Termination,Init.Data.String.Lemmas.Iterate,Init.Grind,Init.Data.Option.Lemmas,Init.Data.String.OrderInstances
Init.Data.String.Lemmas.Pattern.Find.String	Init/Data/String/Lemmas/Pattern/Find/String.cs	116	Init.Data.String.Search,Init.Data.String.Slice,Init.Data.String.Pattern.String,Init.ByCases,Init.Data.String.Lemmas.Pattern.Find.Basic,Init.Data.String.Lemmas.Pattern.String.ForwardSearcher,Init.Data.Iterators.Lemmas.Consumers.Loop,Init.Data.List.Sublist
Init.Data.String.Lemmas.Pattern.Find	Init/Data/String/Lemmas/Pattern/Find.cs	39	Init.Data.String.Lemmas.Pattern.Find.Basic,Init.Data.String.Lemmas.Pattern.Find.Char,Init.Data.String.Lemmas.Pattern.Find.Pred,Init.Data.String.Lemmas.Pattern.Find.String
Init.Data.String.Substring	Init/Data/String/Substring.cs	5640	Init.Data.String.Slice,Init.Data.Option.BasicAux
Init.Data.String.TakeDrop	Init/Data/String/TakeDrop.cs	3118	Init.Data.String.Substring
Init.Data.String.Lemmas.Pattern.TakeDrop.Basic	Init/Data/String/Lemmas/Pattern/TakeDrop/Basic.cs	124	Init.Data.String.Slice,Init.Data.String.TakeDrop,Init.Data.String.Lemmas.Pattern.Basic,Init.Data.String.Slice,Init.Data.String.TakeDrop,Init.Data.String.Lemmas.Intercalate,Init.Data.String.Lemmas.Order,Init.Data.String.Lemmas.Basic,Init.Data.String.OrderInstances,Init.ByCases
Init.Data.String.Lemmas.Pattern.TakeDrop.Char	Init/Data/String/Lemmas/Pattern/TakeDrop/Char.cs	54	Init.Data.String.Slice,Init.Data.String.TakeDrop,Init.Data.String.Lemmas.Pattern.TakeDrop.Basic,Init.Data.String.Lemmas.Pattern.Char,Init.Data.Option.Lemmas,Init.Data.String.Lemmas.FindPos,Init.Data.List.Sublist
Init.Data.String.Lemmas.Pattern.TakeDrop.Pred	Init/Data/String/Lemmas/Pattern/TakeDrop/Pred.cs	79	Init.Data.String.Slice,Init.Data.String.TakeDrop,Init.Data.String.Lemmas.Order,Init.Data.String.Lemmas.Pattern.TakeDrop.Basic,Init.Data.String.Lemmas.Pattern.Pred,Init.Data.Option.Lemmas,Init.Data.String.Lemmas.FindPos,Init.Data.String.Lemmas.Intercalate,Init.ByCases,Init.Data.Order.Lemmas,Init.Data.String.OrderInstances,Init.Data.String.Lemmas.Basic
Init.Data.String.Lemmas.Pattern.TakeDrop.String	Init/Data/String/Lemmas/Pattern/TakeDrop/String.cs	59	Init.Data.String.Slice,Init.Data.String.TakeDrop,Init.Data.String.Lemmas.Splits,Init.Data.String.Lemmas.Pattern.TakeDrop.Basic,Init.Data.String.Lemmas.Pattern.String,Init.Data.List.Sublist,Init.Data.Option.Lemmas,Init.Data.String.Lemmas.Basic
Init.Data.String.Lemmas.Pattern.TakeDrop	Init/Data/String/Lemmas/Pattern/TakeDrop.cs	39	Init.Data.String.Lemmas.Pattern.TakeDrop.Basic,Init.Data.String.Lemmas.Pattern.TakeDrop.Char,Init.Data.String.Lemmas.Pattern.TakeDrop.Pred,Init.Data.String.Lemmas.Pattern.TakeDrop.String
Init.Data.String.Lemmas.Pattern	Init/Data/String/Lemmas/Pattern.cs	59	Init.Data.String.Lemmas.Pattern.Basic,Init.Data.String.Lemmas.Pattern.Memcmp,Init.Data.String.Lemmas.Pattern.Pred,Init.Data.String.Lemmas.Pattern.Char,Init.Data.String.Lemmas.Pattern.String,Init.Data.String.Lemmas.Pattern.Split,Init.Data.String.Lemmas.Pattern.Find,Init.Data.String.Lemmas.Pattern.TakeDrop
Init.Data.String.Iter.Intercalate	Init/Data/String/Iter/Intercalate.cs	268	Init.Data.Iterators.Combinators.Monadic.FilterMap,Init.Data.String.Basic,Init.Data.String.Slice
Init.Data.String.Lemmas.Iter	Init/Data/String/Lemmas/Iter.cs	142	Init.Data.String.Iter.Intercalate,Init.Data.String.Slice,Init.Data.String.Iter.Intercalate,Init.Data.String.Defs,Init.Data.String.Lemmas.Intercalate,Init.Data.Iterators.Lemmas.Consumers.Loop,Init.Data.Iterators.Lemmas.Combinators.FilterMap
Init.Data.LawfulHashable	Init/Data/LawfulHashable.cs	24	Init.Core
Init.Data.String.Lemmas.Hashable	Init/Data/String/Lemmas/Hashable.cs	39	Init.Data.String.Slice,Init.Data.LawfulHashable,Init.Data.String.Slice,Init.Data.String.Lemmas.Slice
Init.Data.String.Lemmas.TakeDrop	Init/Data/String/Lemmas/TakeDrop.cs	39	Init.Data.String.TakeDrop,Init.Data.String.Slice,Init.Data.String.TakeDrop,Init.Data.String.Lemmas.Splits
Init.Data.List.Lex	Init/Data/List/Lex.cs	228	Init.Data.Order.Lemmas,Init.Data.BEq,Init.Data.Order.Classes,Init.Ext,Init.NotationExtra,Init.ByCases,Init.Data.Bool,Init.Data.List.Nat.TakeDrop,Init.Data.List.TakeDrop,Init.Data.Nat.Lemmas,Init.TacticsExtra
Init.Data.String.Lemmas.StringOrder	Init/Data/String/Lemmas/StringOrder.cs	54	Init.Data.String.Basic,Init.Data.Order.Classes,Init.Data.List.Lex,Init.Data.Char.Lemmas,Init.Data.Char.Order,Init.Data.Order.Factories,Init.Data.Order.Lemmas
Init.Data.String.Lemmas.Length	Init/Data/String/Lemmas/Length.cs	39	Init.Data.String.Length,Init.Data.String.Modify,Init.Data.String.Lemmas.Modify,Init.Data.String.Lemmas.Intercalate
Init.Data.String.Lemmas	Init/Data/String/Lemmas.cs	99	Init.Data.String.Lemmas.Splits,Init.Data.String.Lemmas.Modify,Init.Data.String.Lemmas.Search,Init.Data.String.Lemmas.FindPos,Init.Data.String.Lemmas.Basic,Init.Data.String.Lemmas.Order,Init.Data.String.Lemmas.IsEmpty,Init.Data.String.Lemmas.Pattern,Init.Data.String.Lemmas.Slice,Init.Data.String.Lemmas.Iterate,Init.Data.String.Lemmas.Intercalate,Init.Data.String.Lemmas.Iter,Init.Data.String.Lemmas.Hashable,Init.Data.String.Lemmas.TakeDrop,Init.Data.String.Lemmas.StringOrder,Init.Data.String.Lemmas.Length
Init.Data.Range.Basic	Init/Data/Range/Basic.cs	3036	Init.Control.Basic,Init.Grind.Tactics,Init.Grind.Tactics,Init.Omega,Init.WFTactics
Init.Data.Range.Lemmas	Init/Data/Range/Lemmas.cs	154	Init.Data.Range.Basic,Init.Data.Range.Basic,Init.Data.List.Control,Init.Data.List.Monadic,Init.Data.List.Range,Init.Data.Nat.Div.Lemmas,Init.TacticsExtra
Init.Data.Range	Init/Data/Range.cs	29	Init.Data.Range.Basic,Init.Data.Range.Lemmas
Init.Data.Slice.Basic	Init/Data/Slice/Basic.cs	302	Init.Core
Init.Data.Iterators.ToIterator	Init/Data/Iterators/ToIterator.cs	108	Init.Data.Iterators.Basic
Init.Data.Slice.Operations	Init/Data/Slice/Operations.cs	523	Init.Data.Slice.Basic,Init.Data.Iterators.ToIterator,Init.Data.Iterators.Consumers.Loop,Init.Data.Iterators.Consumers.Collect
Init.Data.Array.Subarray	Init/Data/Array/Subarray.cs	3647	Init.Data.Array.Basic,Init.Data.Slice.Operations
Init.Data.Slice.Notation	Init/Data/Slice/Notation.cs	2319	Init.Data.Range.Polymorphic.PRange
Init.Data.Slice.Array.Basic	Init/Data/Slice/Array/Basic.cs	1308	Init.Data.Array.Subarray,Init.Data.Slice.Notation,Init.Data.Range.Polymorphic.Nat
Init.Data.Stream	Init/Data/Stream.cs	929	Init.Data.Range,Init.Data.Array.Subarray,Init.Data.Slice.Array.Basic
Init.Data.String.Stream	Init/Data/String/Stream.cs	127	Init.Data.String.Basic,Init.Data.Stream
Init.Data.String.Legacy	Init/Data/String/Legacy.cs	238	Init.Data.String.Basic
Init.Data.String.Iter	Init/Data/String/Iter.cs	29	Init.Data.String.Iter.Basic,Init.Data.String.Iter.Intercalate
Init.Data.String.Hashable	Init/Data/String/Hashable.cs	173	Init.Data.Hashable,Init.Data.String.Defs
Init.Data.String	Init/Data/String.cs	149	Init.Data.String.Basic,Init.Data.String.Bootstrap,Init.Data.String.Decode,Init.Data.String.Defs,Init.Data.String.Extra,Init.Data.String.Iterator,Init.Data.String.Lemmas,Init.Data.String.Bootstrap,Init.Data.String.Slice,Init.Data.String.Pattern,Init.Data.String.Stream,Init.Data.String.PosRaw,Init.Data.String.Substring,Init.Data.String.TakeDrop,Init.Data.String.Modify,Init.Data.String.Termination,Init.Data.String.ToSlice,Init.Data.String.Search,Init.Data.String.Legacy,Init.Data.String.OrderInstances,Init.Data.String.FindPos,Init.Data.String.Subslice,Init.Data.String.Iter,Init.Data.String.Iterate,Init.Data.String.Hashable,Init.Data.String.Length
Init.Data.Order.Opposite	Init/Data/Order/Opposite.cs	234	Init.Data.Order.ClassesExtra,Init.Data.Order.Classes,Init.Data.Order.FactoriesExtra,Init.Data.Order.Lemmas
Init.Data.Order.MinMaxOn	Init/Data/Order/MinMaxOn.cs	99	Init.Data.Order.Opposite,Init.Data.Order.Lemmas
Init.Data.List.MinMaxOn	Init/Data/List/MinMaxOn.cs	501	Init.Data.Order.MinMaxOn,Init.Data.List.Lemmas,Init.Data.List.TakeDrop,Init.Data.Order.Lemmas,Init.Data.List.Sublist,Init.Data.List.MinMax,Init.Data.Option.Lemmas,Init.ByCases,Init.Data.Bool
Init.Data.List.MinMaxIdx	Init/Data/List/MinMaxIdx.cs	449	Init.Data.List.MinMaxOn,Init.Data.List.Nat.TakeDrop,Init.ByCases,Init.Data.Bool,Init.Data.List.Sublist,Init.Data.Nat.Lemmas,Init.Omega
Init.Data.List.Nat.Pairwise	Init/Data/List/Nat/Pairwise.cs	59	Init.NotationExtra,Init.Data.Fin.Lemmas,Init.Data.List.Nat.TakeDrop,Init.Data.List.Pairwise,Init.Data.List.Sublist,Init.Data.List.TakeDrop,Init.Data.List.FinRange,Init.Data.List.Find
Init.Data.List.Nat.Sublist	Init/Data/List/Nat/Sublist.cs	64	Init.Data.Function,Init.Ext,Init.NotationExtra,Init.Data.List.Nat.Basic,Init.Data.List.Nat.TakeDrop,Init.Data.List.Sublist,Init.Data.List.TakeDrop,Init.Data.Nat.Lemmas,Init.Omega
Init.Data.List.Perm	Init/Data/List/Perm.cs	282	Init.Data.List.Attach,Init.Data.List.Attach,Init.Data.List.Erase,Init.Data.List.Pairwise,Init.Data.List.Sublist,Init.Data.List.TakeDrop,Init.Data.Nat.Lemmas
Init.Data.List.Nat.Perm	Init/Data/List/Nat/Perm.cs	49	Init.GetElem,Init.Data.List.Nat.TakeDrop,Init.Data.List.Perm,Init.Data.List.TakeDrop,Init.Omega,Init.TacticsExtra
Init.Data.List.Nat	Init/Data/List/Nat.cs	89	Init.Data.List.Nat.Basic,Init.Data.List.Nat.Pairwise,Init.Data.List.Nat.Range,Init.Data.List.Nat.Sublist,Init.Data.List.Nat.TakeDrop,Init.Data.List.Nat.Count,Init.Data.List.Nat.Sum,Init.Data.List.Nat.Prod,Init.Data.List.Nat.Erase,Init.Data.List.Nat.Find,Init.Data.List.Nat.BEq,Init.Data.List.Nat.Modify,Init.Data.List.Nat.InsertIdx,Init.Data.List.Nat.Perm
Init.Data.List.Int.Sum	Init/Data/List/Int/Sum.cs	44	Init.Data.Int.DivMod.Lemmas,Init.Data.List.MinMax,Init.Data.Int.DivMod.Basic,Init.Data.List.Basic,Init.Omega
Init.Data.List.Int.Prod	Init/Data/List/Int/Prod.cs	39	Init.Data.List.Lemmas,Init.Data.Int.Lemmas,Init.Data.Int.Pow,Init.Data.List.Basic
Init.Data.List.Int	Init/Data/List/Int.cs	29	Init.Data.List.Int.Sum,Init.Data.List.Int.Prod
Init.Data.List.Sort.Basic	Init/Data/List/Sort/Basic.cs	1294	Init.Ext,Init.Data.List.Nat.TakeDrop,Init.Data.List.TakeDrop,Init.Data.Nat.Lemmas,Init.Omega
Init.Data.List.Sort.Lemmas	Init/Data/List/Sort/Lemmas.cs	294	Init.Data.List.Sort.Basic,Init.Data.List.Sort.Basic,Init.BinderPredicates,Init.Data.Bool,Init.Data.List.Nat.Range,Init.Data.List.Pairwise,Init.Data.List.Perm,Init.Data.List.Range,Init.Data.List.Sublist,Init.Data.Nat.Internal.Linear,Init.Data.Prod
Init.Data.List.Sort.Impl	Init/Data/List/Sort/Impl.cs	1999	Init.Data.List.Sort.Basic,Init.Data.List.Sort.Basic,Init.Data.List.Sort.Lemmas,Init.Data.Nat.Internal.Linear
Init.Data.List.Sort	Init/Data/List/Sort.cs	34	Init.Data.List.Sort.Basic,Init.Data.List.Sort.Impl,Init.Data.List.Sort.Lemmas
Init.Data.List.Scan.Basic	Init/Data/List/Scan/Basic.cs	416	Init.Data.List.Basic,Init.Control.Id
Init.Data.List.Scan.Lemmas	Init/Data/List/Scan/Lemmas.cs	97	Init.Data.List.Scan.Basic,Init.Data.List.Lemmas,Init.Data.List.Scan.Basic,Init.Data.List.TakeDrop,Init.Data.Option.Lemmas,Init.Data.Nat.Lemmas
Init.Data.List.Scan	Init/Data/List/Scan.cs	29	Init.Data.List.Scan.Basic,Init.Data.List.Scan.Lemmas
Init.Data.List.ControlImpl	Init/Data/List/ControlImpl.cs	231	Init.Data.List.Control,Init.Data.List.Impl
Init.Data.List.SplitOn	Init/Data/List/SplitOn.cs	29	Init.Data.List.SplitOn.Basic,Init.Data.List.SplitOn.Lemmas
Init.Data.List	Init/Data/List.cs	179	Init.Data.List.Attach,Init.Data.List.Basic,Init.Data.List.BasicAux,Init.Data.List.Control,Init.Data.List.Count,Init.Data.List.Erase,Init.Data.List.Find,Init.Data.List.Impl,Init.Data.List.Lemmas,Init.Data.List.MinMax,Init.Data.List.MinMaxIdx,Init.Data.List.MinMaxOn,Init.Data.List.Monadic,Init.Data.List.Nat,Init.Data.List.Int,Init.Data.List.Notation,Init.Data.List.Pairwise,Init.Data.List.Sublist,Init.Data.List.TakeDrop,Init.Data.List.Zip,Init.Data.List.Perm,Init.Data.List.Sort,Init.Data.List.ToArray,Init.Data.List.ToArrayImpl,Init.Data.List.MapIdx,Init.Data.List.OfFn,Init.Data.List.FinRange,Init.Data.List.Lex,Init.Data.List.Range,Init.Data.List.Scan,Init.Data.List.ControlImpl,Init.Data.List.SplitOn
Init.Data.Int.Bitwise	Init/Data/Int/Bitwise.cs	29	Init.Data.Int.Bitwise.Basic,Init.Data.Int.Bitwise.Lemmas
Init.Data.Int.Compare	Init/Data/Int/Compare.cs	39	Init.Data.Ord.Basic,Init.Data.Order.ClassesExtra,Init.Data.Ord.Basic,Init.Omega
Init.Data.Int.ToString	Init/Data/Int/ToString.cs	125	Init.Data.ToString.Extra,Init.Data.Int.Repr,Init.Data.Int.Order,Init.Data.Int.LemmasAux
Init.Data.Int.Package	Init/Data/Int/Package.cs	157	Init.Data.Order.PackageFactories,Init.Data.Int.Order,Init.Data.Int.Compare
Init.Data.Int	Init/Data/Int.cs	89	Init.Data.Int.Basic,Init.Data.Int.Bitwise,Init.Data.Int.Compare,Init.Data.Int.DivMod,Init.Data.Int.Gcd,Init.Data.Int.Lemmas,Init.Data.Int.LemmasAux,Init.Data.Int.Order,Init.Data.Int.Pow,Init.Data.Int.Cooper,Init.Data.Int.Linear,Init.Data.Int.OfNat,Init.Data.Int.ToString,Init.Data.Int.Package
Init.Data.Array.QSort.Basic	Init/Data/Array/QSort/Basic.cs	1808	Init.Data.Vector.Basic,Init.Data.Ord.Basic,Init.Omega
Init.Data.Array.QSort	Init/Data/Array/QSort.cs	24	Init.Data.Array.QSort.Basic
Init.Data.Array.BinSearch	Init/Data/Array/BinSearch.cs	1087	Init.Data.Array.Basic,Init.Data.Bool,Init.Omega,Init.WFTactics
Init.Data.Array.InsertionSort	Init/Data/Array/InsertionSort.cs	896	Init.Data.Array.Basic
Init.Data.Array.Mem	Init/Data/Array/Mem.cs	1825	Init.Data.Array.Basic,Init.WFTactics,Init.Data.List.BasicAux,Init.Data.Nat.Internal.Linear,Init.MetaTypes
Init.Data.Array.BasicAux	Init/Data/Array/BasicAux.cs	435	Init.Data.Array.Basic,Init.Data.Array.Set,Init.Util,Init.Data.Nat.Internal.Linear
Init.Data.Array.TakeDrop	Init/Data/Array/TakeDrop.cs	49	Init.Data.Array.Basic,Init.Data.Array.Basic,Init.NotationExtra,Init.Data.Array.Lemmas,Init.Data.List.Nat.TakeDrop,Init.Data.List.TakeDrop
Init.Data.Array.FinRange	Init/Data/Array/FinRange.cs	80	Init.Data.Array.Basic,Init.Data.Array.Lemmas,Init.Data.Array.OfFn,Init.Data.Fin.Lemmas,Init.Omega
Init.Data.Array.Perm	Init/Data/Array/Perm.cs	624	Init.Data.Array.Basic,Init.Data.Array.Basic,Init.Data.Array.Lemmas,Init.Data.List.Nat.Perm,Init.Data.List.Nat.TakeDrop,Init.Data.List.Perm,Init.Omega
Init.Data.Array.Lex.Basic	Init/Data/Array/Lex/Basic.cs	961	Init.Data.Range.Polymorphic.RangeIterator,Init.Data.Range.Polymorphic.Iterators,Init.Data.Range.Polymorphic.Nat,Init.Omega
Init.Data.Range.Polymorphic.Lemmas	Init/Data/Range/Polymorphic/Lemmas.cs	594	Init.Data.Iterators.Lemmas.Consumers.Collect,Init.Data.Range.Polymorphic.Basic,Init.Data.Range.Polymorphic.RangeIterator,Init.Data.Range.Polymorphic.Iterators,Init.Data.Range.Polymorphic.Iterators,Init.Data.Iterators.Consumers.Loop,Init.Data.Array.Monadic,Init.Data.List.Control,Init.Data.Order.Lemmas,Init.Data.Array.Bootstrap,Init.Data.Iterators.Lemmas.Basic,Init.Data.Iterators.Lemmas.Consumers.Loop,Init.Data.List.Pairwise,Init.Data.Nat.Internal.Linear,Init.Omega
Init.Data.Range.Polymorphic.NatLemmas	Init/Data/Range/Polymorphic/NatLemmas.cs	74	Init.Data.Range.Polymorphic.Nat,Init.Data.List.BasicAux,Init.Data.Range.Polymorphic.Iterators,Init.ByCases,Init.Data.Array.Bootstrap,Init.Data.Array.Lemmas,Init.Data.List.Range,Init.Data.Nat.Simproc,Init.Data.Option.Lemmas,Init.Data.Range.Polymorphic.Lemmas,Init.Omega
Init.Data.Array.Lex.Lemmas	Init/Data/Array/Lex/Lemmas.cs	309	Init.Data.Array.Lex.Basic,Init.Data.Array.Lex.Basic,Init.Data.Range.Polymorphic.NatLemmas,Init.Data.BEq,Init.Data.Array.DecidableEq,Init.Data.Array.Lemmas,Init.Data.Bool,Init.Data.List.Lex,Init.Data.Range.Polymorphic.Lemmas
Init.Data.Array.Lex	Init/Data/Array/Lex.cs	29	Init.Data.Array.Lex.Basic,Init.Data.Array.Lex.Lemmas
Init.Data.Array.Zip	Init/Data/Array/Zip.cs	324	Init.Data.Array.Basic,Init.Control.Lawful,Init.Data.Function,Init.Data.Array.Lemmas,Init.Data.List.Nat.TakeDrop,Init.Data.List.Zip,Init.Data.Option.Lemmas,Init.Data.Prod,Init.Omega
Init.Data.Array.Range	Init/Data/Array/Range.cs	475	Init.Data.Array.Basic,Init.Data.Array.OfFn,Init.BinderPredicates,Init.Data.Nat.Lemmas,Init.Ext,Init.ByCases,Init.Data.Array.Count,Init.Data.Array.MapIdx,Init.Data.Array.Zip,Init.Data.List.Find,Init.Data.List.Nat.Range,Init.Data.List.Range
Init.Data.Array.Erase	Init/Data/Array/Erase.cs	156	Init.Data.Array.Basic,Init.Data.Array.Lemmas,Init.Data.Array.Bootstrap,Init.Data.Bool,Init.Data.List.Erase,Init.Data.List.Nat.Basic,Init.Data.List.Nat.Erase,Init.Data.List.TakeDrop,Init.Omega
Init.Data.Array.Int	Init/Data/Array/Int.cs	39	Init.Data.List.Int.Sum,Init.Data.List.Int.Prod,Init.Data.Array.MinMax,Init.Data.Int.Lemmas
Init.Data.Array.Subarray.Split	Init/Data/Array/Subarray/Split.cs	293	Init.Data.Array.Subarray,Init.Data.Array.Subarray,Init.Omega
Init.Data.Slice.Array.Iterator	Init/Data/Slice/Array/Iterator.cs	1215	Init.Data.Slice.Operations,Init.Data.Range.Polymorphic.Basic,Init.Omega,Init.Data.Array.Subarray,Init.Data.ToString.Extra
Init.Data.Iterators.Lemmas.Consumers.Monadic	Init/Data/Iterators/Lemmas/Consumers/Monadic.cs	29	Init.Data.Iterators.Lemmas.Consumers.Monadic.Collect,Init.Data.Iterators.Lemmas.Consumers.Monadic.Loop
Init.Data.Iterators.Lemmas.Consumers.Access	Init/Data/Iterators/Lemmas/Consumers/Access.cs	173	Init.Data.Iterators.Consumers.Access
Init.Data.Iterators.Lemmas.Consumers	Init/Data/Iterators/Lemmas/Consumers.cs	39	Init.Data.Iterators.Lemmas.Consumers.Monadic,Init.Data.Iterators.Lemmas.Consumers.Collect,Init.Data.Iterators.Lemmas.Consumers.Loop,Init.Data.Iterators.Lemmas.Consumers.Access
Init.Data.Slice.InternalLemmas	Init/Data/Slice/InternalLemmas.cs	44	Init.Data.Slice.Operations,Init.Data.Slice.Operations,Init.Data.Iterators.Consumers.Collect,Init.Data.Iterators.Lemmas.Consumers,Init.Data.List.Control
Init.Data.Slice.Lemmas	Init/Data/Slice/Lemmas.cs	49	Init.Data.Slice.Operations,Init.Data.Slice.Operations,Init.Data.Iterators.Lemmas.Consumers,Init.Data.List.Control,Init.Data.Iterators.Consumers.Collect,Init.Data.Slice.InternalLemmas
Init.Data.Slice.List.Basic	Init/Data/Slice/List/Basic.cs	1368	Init.Data.Slice.Basic,Init.Data.Slice.Notation
Init.Data.Iterators.Consumers.Monadic	Init/Data/Iterators/Consumers/Monadic.cs	39	Init.Data.Iterators.Consumers.Monadic.Access,Init.Data.Iterators.Consumers.Monadic.Collect,Init.Data.Iterators.Consumers.Monadic.Loop,Init.Data.Iterators.Consumers.Monadic.Partial
Init.Data.Iterators.Consumers.Stream	Init/Data/Iterators/Consumers/Stream.cs	120	Init.Data.Stream,Init.Data.Iterators.Consumers.Monadic.Access
Init.Data.Iterators.Consumers	Init/Data/Iterators/Consumers.cs	54	Init.Data.Iterators.Consumers.Monadic,Init.Data.Iterators.Consumers.Access,Init.Data.Iterators.Consumers.Collect,Init.Data.Iterators.Consumers.Loop,Init.Data.Iterators.Consumers.Partial,Init.Data.Iterators.Consumers.Total,Init.Data.Iterators.Consumers.Stream
Init.Data.Iterators.Producers.Monadic.List	Init/Data/Iterators/Producers/Monadic/List.cs	500	Init.Data.Iterators.Consumers,Init.Data.Nat.Lemmas
Init.Data.Iterators.Producers.List	Init/Data/Iterators/Producers/List.cs	56	Init.Data.Iterators.Producers.Monadic.List
Init.Data.Iterators.Combinators.Monadic.Take	Init/Data/Iterators/Combinators/Monadic/Take.cs	513	Init.Data.Iterators.Consumers.Monadic.Loop,Init.Classical,Init.ByCases,Init.Omega
Init.Data.Iterators.Combinators.Take	Init/Data/Iterators/Combinators/Take.cs	99	Init.Data.Iterators.Combinators.Monadic.Take
Init.Data.Slice.List.Iterator	Init/Data/Slice/List/Iterator.cs	1423	Init.Data.Slice.List.Basic,Init.Data.Iterators.Producers.List,Init.Data.Iterators.Combinators.Take,Init.Data.Range.Polymorphic.Basic,Init.Data.Slice.Operations,Init.Data.ToString.Extra
Init.Data.Iterators.Lemmas.Combinators.Monadic.Take	Init/Data/Iterators/Lemmas/Combinators/Monadic/Take.cs	371	Init.Data.Iterators.Combinators.Monadic.Take,Init.Data.Iterators.Consumers.Monadic.Collect,Init.Data.Iterators.Lemmas.Consumers.Monadic.Collect,Init.Data.Iterators.Lemmas.Monadic.Basic,Init.Data.Nat.Lemmas
Init.Data.Iterators.Lemmas.Combinators.Take	Init/Data/Iterators/Lemmas/Combinators/Take.cs	608	Init.Data.Iterators.Combinators.Take,Init.Data.Iterators.Lemmas.Combinators.Monadic.Take,Init.Data.Iterators.Consumers.Access,Init.Data.Iterators.Consumers.Collect,Init.Data.Array.Lemmas,Init.Data.Iterators.Lemmas.Basic,Init.Data.Iterators.Lemmas.Consumers.Access,Init.Data.Iterators.Lemmas.Consumers.Collect,Init.Data.List.Nat.TakeDrop
Init.Data.Iterators.Lemmas.Producers.Monadic.List	Init/Data/Iterators/Lemmas/Producers/Monadic/List.cs	164	Init.Data.Iterators.Producers.Monadic.List,Init.Data.Iterators.Lemmas.Consumers.Monadic.Collect,Init.Data.List.ToArray
Init.Data.Iterators.Lemmas.Producers.List	Init/Data/Iterators/Lemmas/Producers/List.cs	34	Init.Data.Iterators.Producers.List,Init.Data.Iterators.Lemmas.Consumers.Collect,Init.Data.Iterators.Lemmas.Producers.Monadic.List
Init.Data.Slice.List.Lemmas	Init/Data/Slice/List/Lemmas.cs	217	Init.Data.Slice.List.Basic,Init.Data.Slice.List.Iterator,Init.Data.Slice.List.Iterator,Init.Data.Slice.Operations,Init.Data.Range.Polymorphic.Iterators,Init.Data.Range.Polymorphic.Lemmas,Init.Data.Iterators.Lemmas.Combinators.Take,Init.Data.Iterators.Lemmas.Producers.List,Init.Data.List.Nat.TakeDrop,Init.Data.List.TakeDrop,Init.Data.Nat.Simproc,Init.Data.Slice.Lemmas
Init.Data.Slice.Array.Lemmas	Init/Data/Slice/Array/Lemmas.cs	184	Init.Data.Slice.Array.Iterator,Init.Data.Array.Subarray,Init.Data.Slice.Array.Basic,Init.Data.Slice.Lemmas,Init.Data.Slice.Array.Iterator,Init.Data.Slice.Operations,Init.Data.Range.Polymorphic.Iterators,Init.Data.Range.Polymorphic.Lemmas,Init.Data.Slice.List.Lemmas,Init.Data.List.Control,Init.Data.Nat.MinMax,Init.Data.Slice.Array.Basic,Init.Data.List.Nat.TakeDrop,Init.Data.List.TakeDrop,Init.Data.Array.Subarray.Split,Init.Data.Array.Subarray.Split,Init.Data.Slice.InternalLemmas
Init.Data.Slice.Array	Init/Data/Slice/Array.cs	34	Init.Data.Slice.Array.Basic,Init.Data.Slice.Array.Iterator,Init.Data.Slice.Array.Lemmas
Init.Data.Array.Sort.Basic	Init/Data/Array/Sort/Basic.cs	1227	Init.Data.Array.Subarray.Split,Init.Data.Slice.Array,Init.Omega
Init.Data.Array.Sort.Lemmas	Init/Data/Array/Sort/Lemmas.cs	251	Init.Data.Array.Sort.Basic,Init.Data.List.Sort.Basic,Init.Data.Array.Perm,Init.Data.Array.Sort.Basic,Init.Data.List.Sort.Basic,Init.Data.List.Sort.Lemmas,Init.Data.Slice.Array.Lemmas,Init.Data.Slice.List.Lemmas,Init.Data.Array.Bootstrap,Init.Data.Array.Lemmas,Init.Data.Array.MapIdx,Init.ByCases
Init.Data.Array.Sort	Init/Data/Array/Sort.cs	29	Init.Data.Array.Sort.Basic,Init.Data.Array.Sort.Lemmas
Init.Data.Array	Init/Data/Array.cs	164	Init.Data.Array.Basic,Init.Data.Array.QSort,Init.Data.Array.BinSearch,Init.Data.Array.InsertionSort,Init.Data.Array.DecidableEq,Init.Data.Array.Mem,Init.Data.Array.Attach,Init.Data.Array.BasicAux,Init.Data.Array.Lemmas,Init.Data.Array.TakeDrop,Init.Data.Array.Bootstrap,Init.Data.Array.GetLit,Init.Data.Array.MapIdx,Init.Data.Array.Set,Init.Data.Array.Monadic,Init.Data.Array.FinRange,Init.Data.Array.Perm,Init.Data.Array.Find,Init.Data.Array.Lex,Init.Data.Array.Range,Init.Data.Array.Erase,Init.Data.Array.Zip,Init.Data.Array.InsertIdx,Init.Data.Array.Extract,Init.Data.Array.MinMax,Init.Data.Array.Nat,Init.Data.Array.Int,Init.Data.Array.Count,Init.Data.Array.Sort
Init.Data.ByteArray.Extra	Init/Data/ByteArray/Extra.cs	291	Init.Data.ByteArray.Basic,Init.Data.String.Defs,Init.Data.UInt.Basic
Init.Data.ByteArray	Init/Data/ByteArray.cs	39	Init.Data.ByteArray.Basic,Init.Data.ByteArray.Bootstrap,Init.Data.ByteArray.Extra,Init.Data.ByteArray.Lemmas
Init.Data.Float.Model.Unpacked.Sign	Init/Data/Float/Model/Unpacked/Sign.cs	681	Init.Data.Int.Basic,Init.Data.BitVec.Basic,Init.Data.Repr,Init.Data.Ord.Basic
Init.Data.Float.Model.Unpacked.Basic	Init/Data/Float/Model/Unpacked/Basic.cs	783	Init.Data.Float.Model.Unpacked.Sign,Init.Data.Int.Repr
Init.Data.Float.Model.Format.Basic	Init/Data/Float/Model/Format/Basic.cs	633	Init.Data.Nat.Log2,Init.Data.Int.Basic
Init.Data.Float.Model.Unpacked.Pack.Basic	Init/Data/Float/Model/Unpacked/Pack/Basic.cs	492	Init.Data.Float.Model.Unpacked.Basic,Init.Data.Float.Model.Format.Basic,Init.Data.Nat.Bitwise,Init.Omega,Init.Data.BitVec.Lemmas,Init.Data.BitVec.Bootstrap
Init.Data.Float.Model.Format.Valid	Init/Data/Float/Model/Format/Valid.cs	24	Init.Data.Float.Model.Unpacked.Pack.Basic
Init.Data.Float.Model.Unpacked.Pack.Lemmas	Init/Data/Float/Model/Unpacked/Pack/Lemmas.cs	143	Init.Data.Float.Model.Unpacked.Pack.Basic,Init.Data.Float.Model.Format.Valid
Init.Data.Float.Model.Unpacked.Round	Init/Data/Float/Model/Unpacked/Round.cs	815	Init.Data.Float.Model.Unpacked.Basic,Init.Data.Float.Model.Format.Basic,Init.Data.Float.Model.Unpacked.Sign
Init.Data.Float.Model.Unpacked.Operations.Add	Init/Data/Float/Model/Unpacked/Operations/Add.cs	251	Init.Data.Float.Model.Unpacked.Round
Init.Data.Float.Model.Unpacked.Operations.Mul	Init/Data/Float/Model/Unpacked/Operations/Mul.cs	466	Init.Data.Float.Model.Unpacked.Round
Init.Data.Float.Model.Unpacked.Operations.Sub	Init/Data/Float/Model/Unpacked/Operations/Sub.cs	447	Init.Data.Float.Model.Unpacked.Round
Init.Data.Float.Model.Unpacked.Operations.Div	Init/Data/Float/Model/Unpacked/Operations/Div.cs	798	Init.Data.Float.Model.Unpacked.Round
Init.Data.Float.Model.Unpacked.Operations.Sqrt	Init/Data/Float/Model/Unpacked/Operations/Sqrt.cs	235	Init.Data.Float.Model.Unpacked.Round,Init.Data.Nat.Sqrt.Basic
Init.Data.Float.Model.Unpacked.Operations.Fma	Init/Data/Float/Model/Unpacked/Operations/Fma.cs	815	Init.Data.Float.Model.Unpacked.Round
Init.Data.Float.Model.Unpacked.Operations.Compare	Init/Data/Float/Model/Unpacked/Operations/Compare.cs	535	Init.Data.Float.Model.Unpacked.Basic
Init.Data.Float.Model.Unpacked.Operations.MinMax	Init/Data/Float/Model/Unpacked/Operations/MinMax.cs	351	Init.Data.Float.Model.Unpacked.Operations.Compare
Init.Data.Float.Model.Unpacked.Operations.Sign	Init/Data/Float/Model/Unpacked/Operations/Sign.cs	289	Init.Data.Float.Model.Unpacked.Basic
Init.Data.Float.Model.Unpacked.Operations.Status	Init/Data/Float/Model/Unpacked/Operations/Status.cs	115	Init.Data.Float.Model.Unpacked.Basic
Init.Data.Float.Model.Unpacked.Operations.OfNat	Init/Data/Float/Model/Unpacked/Operations/OfNat.cs	302	Init.Data.Float.Model.Unpacked.Round,Init.Data.SInt.Basic
Init.Data.Float.Model.Unpacked.Operations.ToNat	Init/Data/Float/Model/Unpacked/Operations/ToNat.cs	857	Init.Data.Float.Model.Unpacked.Round,Init.Data.SInt.Basic
Init.Data.Float.Model.Unpacked.Operations.OfScientific	Init/Data/Float/Model/Unpacked/Operations/OfScientific.cs	203	Init.Data.Float.Model.Unpacked.Operations.Mul,Init.Data.Float.Model.Unpacked.Operations.Div,Init.Data.Nat.Bitwise.Lemmas
Init.Data.Float.Model.Unpacked.Operations	Init/Data/Float/Model/Unpacked/Operations.cs	84	Init.Data.Float.Model.Unpacked.Operations.Add,Init.Data.Float.Model.Unpacked.Operations.Mul,Init.Data.Float.Model.Unpacked.Operations.Sub,Init.Data.Float.Model.Unpacked.Operations.Div,Init.Data.Float.Model.Unpacked.Operations.Sqrt,Init.Data.Float.Model.Unpacked.Operations.Fma,Init.Data.Float.Model.Unpacked.Operations.Compare,Init.Data.Float.Model.Unpacked.Operations.MinMax,Init.Data.Float.Model.Unpacked.Operations.Sign,Init.Data.Float.Model.Unpacked.Operations.Status,Init.Data.Float.Model.Unpacked.Operations.OfNat,Init.Data.Float.Model.Unpacked.Operations.ToNat,Init.Data.Float.Model.Unpacked.Operations.OfScientific
Init.Data.Float.Model.Float	Init/Data/Float/Model/Float.cs	1445	Init.Data.Float.Model.Format.Valid,Init.Data.Float.Model.Unpacked.Pack.Lemmas,Init.Data.Float.Model.Unpacked.Operations
Init.Data.Float.Float	Init/Data/Float/Float.cs	1145	Init.Data.ToString.Basic,Init.Data.Float.Model.Float
Init.Data.FloatArray.Basic	Init/Data/FloatArray/Basic.cs	1829	Init.Data.Float.Float,Init.Ext,Init.GetElem,Init.Data.ToString.Extra
Init.Data.FloatArray	Init/Data/FloatArray.cs	24	Init.Data.FloatArray.Basic
Init.Data.Fin.Log2	Init/Data/Fin/Log2.cs	65	Init.Prelude,Init.Data.Nat.Log2
Init.Data.Fin.MinMax	Init/Data/Fin/MinMax.cs	182	Init.Data.Fin.Basic,Init.Data.Order.Lemmas,Init.Data.Nat.Order,Init.Data.Nat.MinMax
Init.Data.Fin.Package	Init/Data/Fin/Package.cs	119	Init.Data.Order.PackageFactories,Init.Data.Fin.MinMax,Init.Data.Fin.Lemmas,Init.Data.Order.Lemmas,Init.Data.Nat.Compare,Init.ByCases,Init.Data.Nat.Order
Init.Data.Fin	Init/Data/Fin.cs	59	Init.Data.Fin.Basic,Init.Data.Fin.Log2,Init.Data.Fin.Iterate,Init.Data.Fin.Fold,Init.Data.Fin.Lemmas,Init.Data.Fin.OverflowAware,Init.Data.Fin.Package,Init.Data.Fin.MinMax
Init.Data.UInt.Log2	Init/Data/UInt/Log2.cs	89	Init.Prelude,Init.Data.Fin.Log2,Init.Data.UInt.BasicAux
Init.Data.UInt.IntToBitVec	Init/Data/UInt/IntToBitVec.cs	29	Init.Data.UInt.Lemmas,Init.Data.UInt.Bitwise
Init.Data.Ord.UInt	Init/Data/Ord/UInt.cs	358	Init.Data.Order.Ord,Init.Data.Order.ClassesExtra,Init.Data.UInt.Basic,Init.Data.UInt.Lemmas,Init.Data.Order.Lemmas
Init.Data.UInt.Package	Init/Data/UInt/Package.cs	649	Init.Data.Order.PackageFactories,Init.Data.UInt.Lemmas,Init.Data.Ord.UInt
Init.Data.UInt	Init/Data/UInt.cs	54	Init.Data.UInt.BasicAux,Init.Data.UInt.Basic,Init.Data.UInt.Log2,Init.Data.UInt.Lemmas,Init.Data.UInt.Bitwise,Init.Data.UInt.IntToBitVec,Init.Data.UInt.Package
Init.Data.SInt.Float	Init/Data/SInt/Float.cs	143	Init.Data.Float.Float,Init.Data.SInt.Basic
Init.Data.Float.Model.Float32	Init/Data/Float/Model/Float32.cs	1467	Init.Data.Float.Model.Format.Valid,Init.Data.Float.Model.Unpacked.Pack.Lemmas,Init.Data.Float.Model.Unpacked.Operations
Init.Data.Float.Float32	Init/Data/Float/Float32.cs	1175	Init.Data.Float.Float,Init.Data.Float.Model.Float32
Init.Data.SInt.Float32	Init/Data/SInt/Float32.cs	140	Init.Data.Float.Float32,Init.Data.SInt.Basic
Init.Data.SInt.IntToBitVec	Init/Data/SInt/IntToBitVec.cs	39	Init.Data.SInt.Lemmas,Init.Data.SInt.Bitwise,Init.Data.UInt.IntToBitVec,Init.ByCases
Init.Data.Ord.SInt	Init/Data/Ord/SInt.cs	357	Init.Data.Order.Ord,Init.Data.Order.ClassesExtra,Init.Data.SInt.Basic,Init.Data.SInt.Lemmas,Init.Data.Order.Lemmas
Init.Data.SInt.Package	Init/Data/SInt/Package.cs	649	Init.Data.Order.PackageFactories,Init.Data.SInt.Lemmas,Init.Data.Ord.SInt
Init.Data.SInt	Init/Data/SInt.cs	54	Init.Data.SInt.Basic,Init.Data.SInt.Float,Init.Data.SInt.Float32,Init.Data.SInt.Lemmas,Init.Data.SInt.Bitwise,Init.Data.SInt.IntToBitVec,Init.Data.SInt.Package
Init.Data.Float.Model.Format	Init/Data/Float/Model/Format.cs	29	Init.Data.Float.Model.Format.Basic,Init.Data.Float.Model.Format.Valid
Init.Data.Float.Model.Unpacked.Pack	Init/Data/Float/Model/Unpacked/Pack.cs	29	Init.Data.Float.Model.Unpacked.Pack.Basic,Init.Data.Float.Model.Unpacked.Pack.Lemmas
Init.Data.Float.Model.Unpacked	Init/Data/Float/Model/Unpacked.cs	44	Init.Data.Float.Model.Unpacked.Basic,Init.Data.Float.Model.Unpacked.Sign,Init.Data.Float.Model.Unpacked.Round,Init.Data.Float.Model.Unpacked.Pack,Init.Data.Float.Model.Unpacked.Operations
Init.Data.Float.Model	Init/Data/Float/Model.cs	39	Init.Data.Float.Model.Format,Init.Data.Float.Model.Unpacked,Init.Data.Float.Model.Float,Init.Data.Float.Model.Float32
Init.Data.Float	Init/Data/Float.cs	34	Init.Data.Float.Float,Init.Data.Float.Float32,Init.Data.Float.Model
Init.Data.Option.Coe	Init/Data/Option/Coe.cs	69	Init.Coe
Init.Data.Option.Monadic	Init/Data/Option/Monadic.cs	130	Init.Data.Option.Instances,Init.Control.Lawful,Init.Data.Option.Lemmas
Init.Data.Option.Function	Init/Data/Option/Function.cs	29	Init.Data.Function,Init.NotationExtra
Init.Data.Option	Init/Data/Option.cs	69	Init.Data.Option.Basic,Init.Data.Option.BasicAux,Init.Data.Option.Coe,Init.Data.Option.Instances,Init.Data.Option.Lemmas,Init.Data.Option.Attach,Init.Data.Option.List,Init.Data.Option.Monadic,Init.Data.Option.Array,Init.Data.Option.Function
Init.Data.Ord.BitVec	Init/Data/Ord/BitVec.cs	29	Init.Data.Order.Ord,Init.Data.BitVec.Lemmas
Init.Data.Ord.String	Init/Data/Ord/String.cs	71	Init.Data.Order.Ord,Init.Data.String.Basic,Init.Data.Char.Lemmas,Init.Data.String.Lemmas.StringOrder
Init.Data.Ord.Vector	Init/Data/Ord/Vector.cs	139	Init.Data.Order.Ord,Init.Data.Vector.Basic,Init.Data.Vector.Lemmas
Init.Data.Ord	Init/Data/Ord.cs	54	Init.Data.Ord.Basic,Init.Data.Ord.BitVec,Init.Data.Ord.SInt,Init.Data.Ord.String,Init.Data.Ord.UInt,Init.Data.Ord.Vector,Init.Data.Ord.Array
Init.System.IOError	Init/System/IOError.cs	2179	Init.Data.ToString.Basic,Init.Data.String.Modify
Init.System.FilePath	Init/System/FilePath.cs	3210	Init.Data.String.Modify,Init.Data.String.Search,Init.Data.ToString.Basic,Init.Data.Iterators.Consumers.Collect,Init.System.Platform,Init.Data.String.Length,Init.Data.Iterators.Combinators.Take,Init.Data.Iterators.Consumers.Access
Init.System.IO	Init/System/IO.cs	17684	Init.Control.Do,Init.System.IOError,Init.System.FilePath,Init.Data.String.TakeDrop,Init.Data.String.Search,Init.Data.Ord.Basic,Init.Data.String.Basic,Init.Data.List.MapIdx,Init.Data.Ord.UInt,Init.Data.ToString.Macro,Init.Data.List.Impl,Init.Data.Int.Repr
Init.Data.Random	Init/Data/Random.cs	1488	Init.System.IO,Init.Data.ByteArray.Extra
Init.Data.ToString.Name	Init/Data/ToString/Name.cs	2754	Init.Data.String.Substring,Init.Data.String.TakeDrop,Init.Data.String.Search
Init.Data.ToString	Init/Data/ToString.cs	39	Init.Data.ToString.Basic,Init.Data.ToString.Macro,Init.Data.ToString.Name,Init.Data.ToString.Extra
Init.Data.OfScientific	Init/Data/OfScientific.cs	1394	Init.Data.OfScientific.Basic,Init.Data.Float.Float32,Init.Data.Nat.Log2,Init.Meta,Init.Data.Array.Lemmas
Init.Data.Format.Macro	Init/Data/Format/Macro.cs	561	Init.Meta,Init.Notation
Init.Data.Format.Instances	Init/Data/Format/Instances.cs	1007	Init.Data.String.Search,Init.Data.ToString.Basic,Init.Data.Iterators.Consumers.Collect
Init.Data.Format.Syntax	Init/Data/Format/Syntax.cs	1159	Init.Data.ToString.Name,Init.Data.ToString.Basic,Init.Data.Format.Instances,Init.Data.Format.Macro
Init.Data.Format	Init/Data/Format.cs	39	Init.Data.Format.Basic,Init.Data.Format.Macro,Init.Data.Format.Instances,Init.Data.Format.Syntax
Init.Data.Queue	Init/Data/Queue.cs	618	Init.Data.List.Control
Init.Data.Sum.Basic	Init/Data/Sum/Basic.cs	836	Init.PropLemmas,Init.LawfulBEqTactics
Init.Data.Sum.Lemmas	Init/Data/Sum/Lemmas.cs	134	Init.Data.Sum.Basic,Init.Data.Sum.Basic,Init.Ext
Init.Data.Sum	Init/Data/Sum.cs	29	Init.Data.Sum.Basic,Init.Data.Sum.Lemmas
Init.Data.Subtype.OrderExtra	Init/Data/Subtype/OrderExtra.cs	61	Init.Data.Ord.Basic
Init.Data.Subtype	Init/Data/Subtype.cs	34	Init.Data.Subtype.Basic,Init.Data.Subtype.Order,Init.Data.Subtype.OrderExtra
Init.Data.Erased	Init/Data/Erased.cs	34	Init.Classical,Init.Ext,Init.Grind.Attr
Init.Data.ULift	Init/Data/ULift.cs	96	Init.Core
Init.Data.PLift	Init/Data/PLift.cs	100	Init.Core
Init.Data.Vector.Lex	Init/Data/Vector/Lex.cs	275	Init.Data.Vector.Basic,Init.Data.Array.Lex.Basic,Init.Data.Range.Polymorphic.Lemmas,Init.Data.Array.Lex.Basic,Init.Data.BEq,Init.Data.Vector.Basic,Init.Data.Array.Lex.Lemmas,Init.Data.Vector.Lemmas
Init.Data.Vector.Attach	Init/Data/Vector/Attach.cs	379	Init.Data.Vector.Lemmas,Init.Data.Array.Attach
Init.Data.Vector.MapIdx	Init/Data/Vector/MapIdx.cs	108	Init.Data.Array.Basic,Init.Data.Vector.Basic,Init.Data.Vector.Attach,Init.ByCases
Init.Data.Vector.Count	Init/Data/Vector/Count.cs	44	Init.Data.Array.Count,Init.Data.Vector.Basic,Init.BinderPredicates,Init.Data.Vector.Basic,Init.Data.Vector.Lemmas
Init.Data.Vector.DecidableEq	Init/Data/Vector/DecidableEq.cs	29	Init.Data.Vector.Basic,Init.Data.Vector.Lemmas
Init.Data.Vector.Zip	Init/Data/Vector/Zip.cs	189	Init.Data.Array.Basic,Init.Data.Vector.Basic,Init.Data.Function,Init.Data.Vector.Basic,Init.Data.Array.Zip,Init.Data.Vector.Lemmas
Init.Data.Vector.Monadic	Init/Data/Vector/Monadic.cs	134	Init.Data.Vector.Basic,Init.Data.Vector.Attach,Init.Data.Array.Monadic
Init.Data.Vector.OfFn	Init/Data/Vector/OfFn.cs	483	Init.Data.Vector.Basic,Init.Data.Array.OfFn,Init.Data.Vector.Basic,Init.Data.Fin.Lemmas,Init.Data.Vector.Monadic,Init.TacticsExtra
Init.Data.Vector.Range	Init/Data/Vector/Range.cs	460	Init.Data.Array.Basic,Init.Data.Vector.Basic,Init.BinderPredicates,Init.Data.Vector.Basic,Init.ByCases,Init.Data.Array.Find,Init.Data.Array.Range,Init.Data.Vector.MapIdx,Init.Data.Vector.Zip
Init.Data.Vector.Erase	Init/Data/Vector/Erase.cs	44	Init.BinderPredicates,Init.Data.Vector.Basic,Init.Data.Array.Erase,Init.Data.Vector.Lemmas,Init.Omega
Init.Data.Vector.InsertIdx	Init/Data/Vector/InsertIdx.cs	39	Init.Data.Vector.Basic,Init.Data.Array.InsertIdx,Init.Data.Vector.Lemmas,Init.Omega
Init.Data.Vector.FinRange	Init/Data/Vector/FinRange.cs	79	Init.Data.Vector.Basic,Init.Data.Fin.Lemmas,Init.Data.Vector.Lemmas,Init.Data.Vector.OfFn,Init.Omega
Init.Data.Vector.Extract	Init/Data/Vector/Extract.cs	49	Init.Data.Vector.Basic,Init.ByCases,Init.Data.Array.Bootstrap,Init.Data.Array.Extract,Init.Data.Vector.Lemmas,Init.Omega
Init.Data.Vector.Perm	Init/Data/Vector/Perm.cs	678	Init.Data.Array.Basic,Init.Data.Array.Perm,Init.Data.Vector.Basic,Init.Data.Vector.Basic,Init.Data.List.Nat.Perm,Init.Data.Vector.Lemmas
Init.Data.Vector.Find	Init/Data/Vector/Find.cs	64	Init.Data.Array.Basic,Init.Data.Vector.Basic,Init.Data.Vector.Attach,Init.Data.Array.Find,Init.Data.Bool,Init.Data.Fin.Lemmas,Init.Data.List.Find,Init.Data.List.Impl,Init.Data.Subtype.Basic
Init.Data.Vector.Algebra	Init/Data/Vector/Algebra.cs	826	Init.Grind,Init.Data.Vector.Basic,Init.Data.Vector.Lemmas
Init.Data.Vector.Stream	Init/Data/Vector/Stream.cs	88	Init.Data.Stream,Init.Data.Vector.Basic,Init.Data.Slice.Array.Basic
Init.Data.Vector.Nat	Init/Data/Vector/Nat.cs	39	Init.Data.Vector.Basic,Init.Data.Array.Nat,Init.BinderPredicates,Init.Data.Vector.Lemmas
Init.Data.Vector.Int	Init/Data/Vector/Int.cs	39	Init.Data.Vector.Basic,Init.Data.Array.Int,Init.Data.Int.Lemmas,Init.Data.Vector.Lemmas
Init.Data.Vector	Init/Data/Vector.cs	119	Init.Data.Vector.Basic,Init.Data.Vector.Lemmas,Init.Data.Vector.Lex,Init.Data.Vector.MapIdx,Init.Data.Vector.Count,Init.Data.Vector.DecidableEq,Init.Data.Vector.Zip,Init.Data.Vector.OfFn,Init.Data.Vector.Range,Init.Data.Vector.Erase,Init.Data.Vector.Monadic,Init.Data.Vector.InsertIdx,Init.Data.Vector.FinRange,Init.Data.Vector.Extract,Init.Data.Vector.Perm,Init.Data.Vector.Find,Init.Data.Vector.Algebra,Init.Data.Vector.Stream,Init.Data.Vector.Nat,Init.Data.Vector.Int
Init.Data.Iterators.Producers.Monadic	Init/Data/Iterators/Producers/Monadic.cs	24	Init.Data.Iterators.Producers.Monadic.List
Init.Data.Iterators.Producers	Init/Data/Iterators/Producers.cs	29	Init.Data.Iterators.Producers.Monadic,Init.Data.Iterators.Producers.List
Init.Data.Iterators.Combinators.Monadic.Append	Init/Data/Iterators/Combinators/Monadic/Append.cs	765	Init.Data.Iterators.Consumers.Monadic.Loop,Init.Classical,Init.Data.Option.Lemmas,Init.ByCases,Init.Omega
Init.Data.Iterators.Combinators.Append	Init/Data/Iterators/Combinators/Append.cs	83	Init.Data.Iterators.Combinators.Monadic.Append
Init.Data.Iterators.Combinators.Monadic.FlatMap	Init/Data/Iterators/Combinators/Monadic/FlatMap.cs	705	Init.Data.Iterators.Combinators.Monadic.FilterMap,Init.Data.Option.Lemmas
Init.Data.Iterators.Combinators.Monadic.ULift	Init/Data/Iterators/Combinators/Monadic/ULift.cs	976	Init.Data.Iterators.Consumers.Monadic
Init.Data.Iterators.Combinators.Monadic	Init/Data/Iterators/Combinators/Monadic.cs	44	Init.Data.Iterators.Combinators.Monadic.Append,Init.Data.Iterators.Combinators.Monadic.FilterMap,Init.Data.Iterators.Combinators.Monadic.FlatMap,Init.Data.Iterators.Combinators.Monadic.Take,Init.Data.Iterators.Combinators.Monadic.ULift
Init.Data.Iterators.Combinators.FlatMap	Init/Data/Iterators/Combinators/FlatMap.cs	261	Init.Data.Iterators.Combinators.Monadic.FlatMap,Init.Data.Iterators.Combinators.FilterMap
Init.Data.Iterators.Combinators.ULift	Init/Data/Iterators/Combinators/ULift.cs	252	Init.Data.Iterators.Combinators.Monadic.ULift
Init.Data.Iterators.Combinators	Init/Data/Iterators/Combinators.cs	49	Init.Data.Iterators.Combinators.Append,Init.Data.Iterators.Combinators.Monadic,Init.Data.Iterators.Combinators.FilterMap,Init.Data.Iterators.Combinators.FlatMap,Init.Data.Iterators.Combinators.Take,Init.Data.Iterators.Combinators.ULift
Init.Data.Iterators.Lemmas.Combinators.Monadic.Append	Init/Data/Iterators/Lemmas/Combinators/Monadic/Append.cs	305	Init.Data.Iterators.Combinators.Monadic.Append,Init.Data.Iterators.Consumers.Monadic.Collect,Init.Data.Iterators.Lemmas.Consumers.Monadic.Collect,Init.Data.Iterators.Lemmas.Monadic.Basic,Init.Data.List.Lemmas,Init.Data.List.ToArray
Init.Data.Iterators.Lemmas.Combinators.Append	Init/Data/Iterators/Lemmas/Combinators/Append.cs	237	Init.Data.Iterators.Combinators.Append,Init.Data.Iterators.Lemmas.Combinators.Monadic.Append,Init.Data.Iterators.Consumers.Collect,Init.Data.Iterators.Consumers.Access,Init.Data.Iterators.Lemmas.Consumers.Collect,Init.Data.Iterators.Lemmas.Consumers.Access,Init.Data.Iterators.Lemmas.Basic,Init.Omega
Init.Data.Iterators.Combinators.Monadic.Attach	Init/Data/Iterators/Combinators/Monadic/Attach.cs	708	Init.Data.Iterators.Consumers.Monadic.Loop
Init.Data.Iterators.Combinators.Attach	Init/Data/Iterators/Combinators/Attach.cs	58	Init.Data.Iterators.Combinators.Monadic.Attach
Init.Data.Iterators.Lemmas.Combinators.Monadic.Attach	Init/Data/Iterators/Lemmas/Combinators/Monadic/Attach.cs	227	Init.Data.Iterators.Combinators.Monadic.Attach,Init.Data.Iterators.Combinators.Monadic.Attach,Init.Data.Iterators.Consumers.Monadic.Collect,Init.Data.List.Attach,Init.Data.Array.Lemmas,Init.Data.Iterators.Lemmas.Consumers.Monadic.Collect,Init.Data.Iterators.Lemmas.Consumers.Monadic.Loop,Init.Data.Iterators.Lemmas.Monadic.Basic
Init.Data.Iterators.Lemmas.Combinators.Attach	Init/Data/Iterators/Lemmas/Combinators/Attach.cs	59	Init.Data.Iterators.Combinators.Attach,Init.Data.Iterators.Combinators.Attach,Init.Data.Iterators.Combinators.Monadic.Attach,Init.Data.Iterators.Lemmas.Consumers.Collect,Init.Data.Array.Attach,Init.Data.Iterators.Consumers.Loop,Init.Data.Iterators.Lemmas.Combinators.Monadic.Attach,Init.Data.Iterators.Lemmas.Consumers.Loop
Init.Data.Iterators.Lemmas.Combinators.Monadic.FlatMap	Init/Data/Iterators/Lemmas/Combinators/Monadic/FlatMap.cs	582	Init.Data.Iterators.Lemmas.Combinators.Monadic.FilterMap,Init.Data.Iterators.Combinators.Monadic.FlatMap,Init.Data.Iterators.Combinators.Monadic.FlatMap,Init.Data.Iterators.Consumers.Monadic.Collect,Init.Data.Array.Lemmas,Init.Data.Iterators.Lemmas.Consumers.Monadic,Init.Data.Iterators.Lemmas.Monadic.Basic
Init.Data.Iterators.Lemmas.Combinators.Monadic.ULift	Init/Data/Iterators/Lemmas/Combinators/Monadic/ULift.cs	373	Init.Data.Iterators.Combinators.Monadic.ULift,Init.Data.Array.Lemmas,Init.Data.Iterators.Lemmas.Consumers.Monadic.Collect,Init.Data.Iterators.Lemmas.Consumers.Monadic.Loop,Init.Data.Iterators.Lemmas.Monadic.Basic
Init.Data.Iterators.Lemmas.Combinators.Monadic	Init/Data/Iterators/Lemmas/Combinators/Monadic.cs	49	Init.Data.Iterators.Lemmas.Combinators.Monadic.Append,Init.Data.Iterators.Lemmas.Combinators.Monadic.Attach,Init.Data.Iterators.Lemmas.Combinators.Monadic.FilterMap,Init.Data.Iterators.Lemmas.Combinators.Monadic.FlatMap,Init.Data.Iterators.Lemmas.Combinators.Monadic.Take,Init.Data.Iterators.Lemmas.Combinators.Monadic.ULift
Init.Data.Iterators.Lemmas.Combinators.FlatMap	Init/Data/Iterators/Lemmas/Combinators/FlatMap.cs	599	Init.Data.Iterators.Lemmas.Combinators.FilterMap,Init.Data.Iterators.Combinators.FlatMap,Init.Data.Iterators.Combinators.FlatMap,Init.Data.Iterators.Combinators.FilterMap,Init.Data.Iterators.Consumers.Collect,Init.Data.Iterators.Lemmas.Combinators.Monadic.FilterMap,Init.Data.Iterators.Lemmas.Combinators.Monadic.FlatMap,Init.Data.List.Monadic,Init.Data.Option.Lemmas
Init.Data.Iterators.Lemmas.Combinators.ULift	Init/Data/Iterators/Lemmas/Combinators/ULift.cs	236	Init.Data.Iterators.Combinators.ULift,Init.Data.Iterators.Combinators.ULift,Init.Data.Iterators.Consumers.Collect,Init.Data.Iterators.Consumers.Loop,Init.Data.Array.Lemmas,Init.Data.Iterators.Lemmas.Combinators.Monadic.ULift,Init.Data.Iterators.Lemmas.Consumers.Collect,Init.Data.Iterators.Lemmas.Consumers.Loop
Init.Data.Iterators.Lemmas.Combinators	Init/Data/Iterators/Lemmas/Combinators.cs	54	Init.Data.Iterators.Lemmas.Combinators.Append,Init.Data.Iterators.Lemmas.Combinators.Attach,Init.Data.Iterators.Lemmas.Combinators.Monadic,Init.Data.Iterators.Lemmas.Combinators.FilterMap,Init.Data.Iterators.Lemmas.Combinators.FlatMap,Init.Data.Iterators.Lemmas.Combinators.Take,Init.Data.Iterators.Lemmas.Combinators.ULift
Init.Data.Iterators.Lemmas.Producers.Monadic	Init/Data/Iterators/Lemmas/Producers/Monadic.cs	24	Init.Data.Iterators.Lemmas.Producers.Monadic.List
Init.Data.Iterators.Lemmas.Producers	Init/Data/Iterators/Lemmas/Producers.cs	29	Init.Data.Iterators.Lemmas.Producers.Monadic,Init.Data.Iterators.Lemmas.Producers.List
Init.Data.Iterators.Lemmas	Init/Data/Iterators/Lemmas.cs	34	Init.Data.Iterators.Lemmas.Consumers,Init.Data.Iterators.Lemmas.Combinators,Init.Data.Iterators.Lemmas.Producers
Init.Data.Iterators.Internal	Init/Data/Iterators/Internal.cs	24	Init.Data.Iterators.Internal.LawfulMonadLiftFunction
Init.Data.Iterators	Init/Data/Iterators.cs	59	Init.Data.Iterators.Basic,Init.Data.Iterators.PostconditionMonad,Init.Data.Iterators.Consumers,Init.Data.Iterators.Producers,Init.Data.Iterators.Combinators,Init.Data.Iterators.Lemmas,Init.Data.Iterators.ToIterator,Init.Data.Iterators.Internal
Init.Data.Range.Polymorphic.Stream	Init/Data/Range/Polymorphic/Stream.cs	564	Init.Data.Range.Polymorphic.Iterators,Init.Data.Stream
Init.Data.Range.Polymorphic.Map	Init/Data/Range/Polymorphic/Map.cs	44	Init.Data.Function,Init.Data.Order.Lemmas,Init.Data.Option.Function,Init.Data.Range.Polymorphic.Basic,Init.Data.Option.Lemmas
Init.Data.Range.Polymorphic.Fin	Init/Data/Range/Polymorphic/Fin.cs	370	Init.Data.Range.Polymorphic.Instances,Init.Data.Fin.OverflowAware,Init.Grind,Init.ByCases,Init.Data.Fin.Lemmas,Init.Data.Int.OfNat,Init.Data.Nat.Internal.Linear,Init.Data.Option.Lemmas
Init.Data.Range.Polymorphic.Char	Init/Data/Range/Polymorphic/Char.cs	287	Init.Data.Char.Ordinal,Init.Data.Range.Polymorphic.Fin,Init.Data.Range.Polymorphic.Map,Init.Data.Char.Order,Init.Data.Fin.Lemmas,Init.Data.Option.Lemmas
Init.Data.Range.Polymorphic.Int	Init/Data/Range/Polymorphic/Int.cs	217	Init.Data.Range.Polymorphic.Instances,Init.Omega
Init.Data.Range.Polymorphic.BitVec	Init/Data/Range/Polymorphic/BitVec.cs	302	Init.Data.Range.Polymorphic.Instances,Init.Omega,Init.Data.BitVec.Bootstrap,Init.Data.BitVec.Lemmas,Init.Data.Nat.Lemmas,Init.Data.Option.Lemmas
Init.Data.Range.Polymorphic.UInt	Init/Data/Range/Polymorphic/UInt.cs	1471	Init.Data.Range.Polymorphic.BitVec,Init.Data.UInt,Init.ByCases,Init.Data.BitVec.Lemmas,Init.Data.Option.Lemmas
Init.Data.Range.Polymorphic.Internal.SignedBitVec	Init/Data/Range/Polymorphic/Internal/SignedBitVec.cs	469	Init.Data.BitVec.Bootstrap,Init.Data.BitVec.Lemmas,Init.Data.Int.DivMod.Lemmas,Init.Data.Int.Pow,Init.Data.Nat.Div.Lemmas,Init.Data.Nat.Lemmas,Init.Data.Nat.Mod,Init.Data.Option.Lemmas,Init.Data.Range.Polymorphic.BitVec,Init.Omega
Init.Data.Range.Polymorphic.SInt	Init/Data/Range/Polymorphic/SInt.cs	2433	Init.Data.Range.Polymorphic.Instances,Init.Data.SInt,Init.Data.SInt.Basic,Init.Data.Range.Polymorphic.Internal.SignedBitVec,Init.ByCases,Init.Data.Int.LemmasAux,Init.System.Platform
Init.Data.Range.Polymorphic.IntLemmas	Init/Data/Range/Polymorphic/IntLemmas.cs	64	Init.Data.Range.Polymorphic.Int,Init.Data.List.BasicAux,Init.Data.Range.Polymorphic.Iterators,Init.ByCases,Init.Data.Array.Bootstrap,Init.Data.Array.Lemmas,Init.Data.Option.Lemmas,Init.Data.Range.Polymorphic.Lemmas,Init.Omega
Init.Data.Range.Polymorphic.GetElemTactic	Init/Data/Range/Polymorphic/GetElemTactic.cs	2591	Init.Grind.Tactics,Init.Data.Range.Polymorphic.Basic,Init.Data.Vector.Basic,Init.Data.Slice.Array.Lemmas
Init.Data.Range.Polymorphic	Init/Data/Range/Polymorphic.cs	94	Init.Data.Range.Polymorphic.Basic,Init.Data.Range.Polymorphic.Iterators,Init.Data.Range.Polymorphic.Stream,Init.Data.Range.Polymorphic.Lemmas,Init.Data.Range.Polymorphic.Map,Init.Data.Range.Polymorphic.Fin,Init.Data.Range.Polymorphic.Char,Init.Data.Range.Polymorphic.Nat,Init.Data.Range.Polymorphic.Int,Init.Data.Range.Polymorphic.BitVec,Init.Data.Range.Polymorphic.UInt,Init.Data.Range.Polymorphic.SInt,Init.Data.Range.Polymorphic.NatLemmas,Init.Data.Range.Polymorphic.IntLemmas,Init.Data.Range.Polymorphic.GetElemTactic
Init.Data.Slice.List	Init/Data/Slice/List.cs	34	Init.Data.Slice.List.Basic,Init.Data.Slice.List.Iterator,Init.Data.Slice.List.Lemmas
Init.Data.Slice	Init/Data/Slice.cs	49	Init.Data.Slice.Basic,Init.Data.Slice.Notation,Init.Data.Slice.Operations,Init.Data.Slice.Array,Init.Data.Slice.List,Init.Data.Slice.Lemmas
Init.Data.Order	Init/Data/Order.cs	69	Init.Data.Order.Ord,Init.Data.Order.Classes,Init.Data.Order.ClassesExtra,Init.Data.Order.Lemmas,Init.Data.Order.LemmasExtra,Init.Data.Order.Factories,Init.Data.Order.FactoriesExtra,Init.Data.Order.MinMaxOn,Init.Data.Order.Opposite,Init.Data.Order.PackageFactories
Init.Data.Rat	Init/Data/Rat.cs	29	Init.Data.Rat.Basic,Init.Data.Rat.Lemmas
Init.Data.Dyadic.Basic	Init/Data/Dyadic/Basic.cs	2416	Init.Data.Int.Bitwise.Lemmas,Init.Data.Int.Bitwise.Basic,Init.Data.Order.Classes,Init.Data.Rat.Basic,Init.ByCases,Init.Data.Int.DivMod.Lemmas,Init.Data.Int.Pow,Init.Data.Nat.Bitwise.Lemmas,Init.Data.Option.Lemmas,Init.Data.Rat.Lemmas,Init.Omega
Init.Data.Dyadic.Instances	Init/Data/Dyadic/Instances.cs	218	Init.Data.Dyadic.Basic,Init.Grind.Ordered.Ring,Init.Data.Rat.Lemmas
Init.Data.Dyadic.Round	Init/Data/Dyadic/Round.cs	154	Init.Data.Dyadic.Basic,Init.Data.Dyadic.Instances,Init.Grind.Ordered.Rat,Init.Grind.Ordered.Field,Init.ByCases,Init.Data.Int.Bitwise.Lemmas,Init.Data.Int.DivMod.Lemmas,Init.Data.Int.Pow,Init.Data.Option.Lemmas,Init.Omega
Init.Data.Dyadic.Inv	Init/Data/Dyadic/Inv.cs	90	Init.Data.Dyadic.Basic,Init.Data.Int.Order,Init.Data.Rat.Lemmas
Init.Data.Dyadic	Init/Data/Dyadic.cs	39	Init.Data.Dyadic.Basic,Init.Data.Dyadic.Instances,Init.Data.Dyadic.Round,Init.Data.Dyadic.Inv
Init.Data	Init/Data.cs	249	Init.Data.Nat,Init.Data.Bool,Init.Data.BitVec,Init.Data.Cast,Init.Data.Char,Init.Data.String,Init.Data.List,Init.Data.Int,Init.Data.Array,Init.Data.Array.Subarray.Split,Init.Data.ByteArray,Init.Data.FloatArray,Init.Data.Fin,Init.Data.UInt,Init.Data.SInt,Init.Data.Float,Init.Data.Option,Init.Data.Ord,Init.Data.Random,Init.Data.ToString,Init.Data.Range,Init.Data.Hashable,Init.Data.LawfulHashable,Init.Data.OfScientific,Init.Data.Format,Init.Data.Stream,Init.Data.Prod,Init.Data.AC,Init.Data.Queue,Init.Data.Sum,Init.Data.BEq,Init.Data.Subtype,Init.Data.Erased,Init.Data.ULift,Init.Data.PLift,Init.Data.Zero,Init.Data.NeZero,Init.Data.Function,Init.Data.RArray,Init.Data.Vector,Init.Data.Iterators,Init.Data.Range.Polymorphic,Init.Data.Slice,Init.Data.Order,Init.Data.Rat,Init.Data.Dyadic
Init.While	Init/While.cs	394	Init.Core,Init.Classical
Init.System.Uri	Init/System/Uri.cs	2646	Init.System.FilePath,Init.Data.String.TakeDrop,Init.Data.String.Modify,Init.Data.String.Search,Init.Omega,Init.System.Platform,Init.While,Init.Data.String.Length,Init.Data.Iterators.Combinators.Take
Init.System.Promise	Init/System/Promise.cs	177	Init.System.IO
Init.System.CancelToken	Init/System/CancelToken.cs	153	Init.System.Promise
Init.System	Init/System.cs	44	Init.System.IO,Init.System.Platform,Init.System.Uri,Init.System.Promise,Init.System.CancelToken
Init.Dynamic	Init/Dynamic.cs	217	Init.Prelude,Init.Core
Init.ShareCommon	Init/ShareCommon.cs	507	Init.Data.UInt.Basic,Init.Control.State
Init.Guard	Init/Guard.cs	2101	Init.Conv
Init.Simproc	Init/Simproc.cs	7610	Init.Data.ToString.Name,Init.Tactics,Init.Meta.Defs
Init.CbvSimproc	Init/CbvSimproc.cs	3412	Init.Data.ToString.Name,Init.Tactics,Init.Meta.Defs
Init.SizeOfLemmas	Init/SizeOfLemmas.cs	44	Init.Data.Char.Basic,Init.SizeOf,Init.Data.Char.Basic,Init.Data.Nat.Internal.Linear,Init.MetaTypes
Init.MacroTrace	Init/MacroTrace.cs	827	Init.Meta,Init.Notation,Init.Data.ToString.Macro
Init.GrindInstances.Ring.Nat	Init/GrindInstances/Ring/Nat.cs	152	Init.Grind.Ordered.Ring,Init.Data.Nat.Lemmas,Init.Omega
Init.GrindInstances.Ring.UInt	Init/GrindInstances/Ring/UInt.cs	1184	Init.Data.UInt.Basic,Init.Data.UInt.Lemmas,Init.Grind.Ring.Basic,Init.Data.Int.DivMod.Lemmas,Init.Data.Int.LemmasAux,Init.Data.Int.Order,Init.Data.Int.Pow
Init.GrindInstances.Ring.SInt	Init/GrindInstances/Ring/SInt.cs	1184	Init.Data.BitVec.Basic,Init.Data.SInt.Basic,Init.Data.SInt.Lemmas,Init.Grind.Ring.Basic,Init.Data.Int.DivMod.Lemmas,Init.Data.Int.Pow,Init.Data.Nat.Dvd
Init.GrindInstances.Ring.Fin	Init/GrindInstances/Ring/Fin.cs	174	Init.Data.Zero,Init.Data.Fin.Lemmas,Init.Grind.Ring.Basic,Init.Omega,Init.Data.Nat.Div.Lemmas,Init.Data.Int.Order,Init.Data.Nat.Lemmas,Init.Data.Nat.MinMax
Init.GrindInstances.Ring.BitVec	Init/GrindInstances/Ring/BitVec.cs	125	Init.Data.BitVec.Basic,Init.Data.BitVec.Lemmas,Init.Grind.Ring.Basic,Init.Data.BitVec.Bootstrap
Init.GrindInstances.Ring	Init/GrindInstances/Ring.cs	54	Init.GrindInstances.Ring.Nat,Init.GrindInstances.Ring.Int,Init.GrindInstances.Ring.UInt,Init.GrindInstances.Ring.SInt,Init.GrindInstances.Ring.Fin,Init.GrindInstances.Ring.BitVec,Init.GrindInstances.Ring.Rat
Init.GrindInstances.Nat	Init/GrindInstances/Nat.cs	29	Init.Grind.Ordered.Module,Init.Omega
Init.GrindInstances	Init/GrindInstances.cs	29	Init.GrindInstances.Ring,Init.GrindInstances.Nat
Init.Sym.Simp.SimprocDSL	Init/Sym/Simp/SimprocDSL.cs	2904	Init.Tactics
Init.Sym.DSimp.DSimprocDSL	Init/Sym/DSimp/DSimprocDSL.cs	2100	Init.Tactics
Init.Sym	Init/Sym.cs	34	Init.Sym.Lemmas,Init.Sym.Simp.SimprocDSL,Init.Sym.DSimp.DSimprocDSL
Init.Internal.Order.Basic	Init/Internal/Order/Basic.cs	1688	Init.System.IO,Init.Control.Except,Init.Control.StateRef,Init.Control.Option,Init.System.ST,Init.ByCases
Init.Internal.Order.Lemmas	Init/Internal/Order/Lemmas.cs	302	Init.Data.List.Control,Init.Data.Option.Basic,Init.Data.Array.Basic,Init.Internal.Order.Basic,Init.Data.List.Monadic,Init.Data.Array.Bootstrap
Init.Internal.Order.MonadTail	Init/Internal/Order/MonadTail.cs	546	Init.Internal.Order.Basic,Init.System.ST
Init.Internal.Order.While	Init/Internal/Order/While.cs	134	Init.While,Init.While,Init.Internal.Order.MonadTail
Init.Internal.Order.Tactic	Init/Internal/Order/Tactic.cs	107	Init.Notation
Init.Internal.Order	Init/Internal/Order.cs	44	Init.Internal.Order.Basic,Init.Internal.Order.Lemmas,Init.Internal.Order.MonadTail,Init.Internal.Order.While,Init.Internal.Order.Tactic
Init.Internal	Init/Internal.cs	24	Init.Internal.Order
Init.Try	Init/Try.cs	2132	Init.Tactics
Init.Task	Init/Task.cs	203	Init.Core,Init.Data.List.Basic,Init.Data.Nat.Bitwise.Basic
Init.MethodSpecsSimp	Init/MethodSpecsSimp.cs	24	Init.Prelude
Init.LetFun	Init/LetFun.cs	40	Init.Notation
Init	Init.cs	239	Init.Prelude,Init.Notation,Init.Tactics,Init.TacticsExtra,Init.ByCases,Init.RCases,Init.Core,Init.Control,Init.WF,Init.WFComputable,Init.WFTactics,Init.Data,Init.System,Init.Util,Init.Dynamic,Init.ShareCommon,Init.MetaTypes,Init.Meta,Init.NotationExtra,Init.SimpLemmas,Init.PropLemmas,Init.Hints,Init.Conv,Init.Guard,Init.Simproc,Init.CbvSimproc,Init.SizeOfLemmas,Init.BinderPredicates,Init.Ext,Init.Omega,Init.MacroTrace,Init.Grind,Init.GrindInstances,Init.Sym,Init.While,Init.Syntax,Init.Internal,Init.Try,Init.Try,Init.BinderNameHint,Init.Task,Init.MethodSpecsSimp,Init.LawfulBEqTactics,Init.LetFun
Std.Data.DHashMap.Internal.AssocList.Basic	Std/Data/DHashMap/Internal/AssocList/Basic.cs	2891	Init.NotationExtra
Std.Data.DHashMap.RawDef	Std/Data/DHashMap/RawDef.cs	975	Std.Data.DHashMap.Internal.AssocList.Basic,Init.Data.Array.Basic
Std.Data.Internal.List.Defs	Std/Data/Internal/List/Defs.cs	170	Init.BinderPredicates,Init.NotationExtra
Std.Data.DHashMap.Internal.Index	Std/Data/DHashMap/Internal/Index.cs	120	Init.Data.UInt.Bitwise,Init.ByCases,Init.Data.UInt.Lemmas
Std.Data.DHashMap.Internal.Defs	Std/Data/DHashMap/Internal/Defs.cs	5167	Init.Data.Array.Lemmas,Std.Data.DHashMap.RawDef,Std.Data.Internal.List.Defs,Std.Data.DHashMap.Internal.Index,Init.Data.Nat.Power2.Basic,Init.Data.Nat.Power2.Lemmas,Init.Data.List.Impl,Init.Omega
Std.Data.DHashMap.Raw	Std/Data/DHashMap/Raw.cs	6709	Init.Data.LawfulHashable,Std.Data.DHashMap.Internal.Defs,Std.Data.DHashMap.Internal.Defs
Std.Data.DHashMap.Basic	Std/Data/DHashMap/Basic.cs	5948	Std.Data.DHashMap.Raw,Std.Data.DHashMap.Raw
Std.Data.DHashMap.Internal.Raw	Std/Data/DHashMap/Internal/Raw.cs	29	Std.Data.DHashMap.Basic,Std.Data.DHashMap.Basic
Std.Data.Internal.List.Associative	Std/Data/Internal/List/Associative.cs	3433	Init.Data.Option.Attach,Init.Data.List.Perm,Std.Data.Internal.List.Defs,Std.Data.Internal.List.Defs,Init.Data.Order.LemmasExtra,Init.Data.Bool,Init.ByCases,Init.Data.List.Count,Init.Data.List.Erase,Init.Data.List.Find,Init.Data.List.MinMax,Init.Data.List.Pairwise,Init.Data.List.Sublist,Init.Data.Prod,Init.Omega
Std.Data.DHashMap.Internal.HashesTo	Std/Data/DHashMap/Internal/HashesTo.cs	34	Init.Data.LawfulHashable,Std.Data.Internal.List.Associative,Std.Data.DHashMap.Internal.Defs
Std.Data.DHashMap.Internal.AssocList.Lemmas	Std/Data/DHashMap/Internal/AssocList/Lemmas.cs	488	Std.Data.DHashMap.Internal.AssocList.Basic,Std.Data.DHashMap.Internal.AssocList.Basic,Std.Data.Internal.List.Associative,Init.ByCases,Init.Data.Array.Bootstrap
Std.Data.DHashMap.Internal.Model	Std/Data/DHashMap/Internal/Model.cs	3493	Init.Data.Array.TakeDrop,Std.Data.DHashMap.Basic,Std.Data.DHashMap.Internal.Defs,Std.Data.DHashMap.Internal.HashesTo,Std.Data.DHashMap.Internal.AssocList.Lemmas,Init.Data.Array.Bootstrap,Init.Data.UInt.Lemmas
Std.Data.DHashMap.Internal.WF	Std/Data/DHashMap/Internal/WF.cs	875	Std.Data.Internal.List.Associative,Std.Data.DHashMap.Raw,Std.Data.DHashMap.Internal.Defs,Std.Data.DHashMap.Internal.Model,Std.Data.DHashMap.Internal.AssocList.Basic,Std.Data.DHashMap.RawDef,Init.Data.Array.Bootstrap,Init.Data.List.Nat.TakeDrop,Init.Data.List.TakeDrop
Std.Data.DHashMap.AdditionalOperations	Std/Data/DHashMap/AdditionalOperations.cs	82	Std.Data.DHashMap.Internal.Raw,Std.Data.DHashMap.Internal.WF
Std.Data.Iterators.Producers.Monadic.Array	Std/Data/Iterators/Producers/Monadic/Array.cs	423	Init.Data.Iterators.Consumers,Init.Omega
Std.Data.Iterators.Producers.Array	Std/Data/Iterators/Producers/Array.cs	66	Std.Data.Iterators.Producers.Monadic.Array
Std.Data.DHashMap.Internal.AssocList.Iterator	Std/Data/DHashMap/Internal/AssocList/Iterator.cs	454	Init.Data.Nat.Lemmas,Init.Data.Iterators.Consumers,Std.Data.DHashMap.Internal.AssocList.Basic
Std.Data.DHashMap.Iterator	Std/Data/DHashMap/Iterator.cs	735	Std.Data.Iterators.Producers.Array,Init.Data.Iterators.Combinators.FlatMap,Std.Data.DHashMap.Basic,Std.Data.DHashMap.Internal.AssocList.Iterator,Init.Data.Iterators.Combinators.FilterMap
Std.Data.DHashMap.Internal.RawLemmas	Std/Data/DHashMap/Internal/RawLemmas.cs	15757	Std.Data.Internal.List.Associative,Std.Data.DHashMap.Internal.Defs,Std.Data.DHashMap.Internal.WF,Std.Data.DHashMap.Raw,Std.Data.DHashMap.Basic,Std.Data.DHashMap.RawDef,Std.Data.DHashMap.Basic
Std.Internal.ForIn.Basic	Std/Internal/ForIn/Basic.cs	54	Init.Control.Id,Init.Data.List.Basic,Init.Data.List.Control,Init.Data.Array.Basic,Init.Data.Array.Bootstrap,Init.Data.Array.Lemmas,Init.Data.List.Monadic
Std.Data.DHashMap.Lemmas	Std/Data/DHashMap/Lemmas.cs	134	Std.Data.DHashMap.Internal.RawLemmas,Std.Data.DHashMap.Basic,Std.Data.DHashMap.AdditionalOperations,Std.Internal.ForIn.Basic,Std.Data.DHashMap.AdditionalOperations,Init.ByCases,Init.Data.List.Find,Init.Data.List.Impl,Init.Data.List.Pairwise,Init.Data.Prod
Std.Data.Iterators.Producers.Monadic.Vector	Std/Data/Iterators/Producers/Monadic/Vector.cs	91	Init.Data.Vector.Basic,Std.Data.Iterators.Producers.Monadic.Array
Std.Data.Iterators.Producers.Monadic.Empty	Std/Data/Iterators/Producers/Monadic/Empty.cs	249	Init.Data.Iterators.Consumers.Loop
Std.Data.Iterators.Producers.Monadic	Std/Data/Iterators/Producers/Monadic.cs	34	Std.Data.Iterators.Producers.Monadic.Array,Std.Data.Iterators.Producers.Monadic.Vector,Std.Data.Iterators.Producers.Monadic.Empty
Std.Data.Iterators.Producers.Vector	Std/Data/Iterators/Producers/Vector.cs	91	Init.Data.Vector.Basic,Std.Data.Iterators.Producers.Array
Std.Data.Iterators.Producers.Empty	Std/Data/Iterators/Producers/Empty.cs	48	Std.Data.Iterators.Producers.Monadic.Empty
Std.Data.Iterators.Producers.Range	Std/Data/Iterators/Producers/Range.cs	537	Init.Data.Range.Polymorphic.Iterators
Std.Data.Iterators.Producers.Repeat	Std/Data/Iterators/Producers/Repeat.cs	253	Init.Data.Iterators.Consumers.Monadic
Std.Data.Iterators.Producers.Slice	Std/Data/Iterators/Producers/Slice.cs	40	Init.Data.Slice.Operations
Std.Data.Iterators.Producers	Std/Data/Iterators/Producers.cs	54	Std.Data.Iterators.Producers.Monadic,Std.Data.Iterators.Producers.Array,Std.Data.Iterators.Producers.Vector,Std.Data.Iterators.Producers.Empty,Std.Data.Iterators.Producers.Range,Std.Data.Iterators.Producers.Repeat,Std.Data.Iterators.Producers.Slice
Std.Data.Iterators.Combinators.Monadic.TakeWhile	Std/Data/Iterators/Combinators/Monadic/TakeWhile.cs	539	Init.Data.Nat.Lemmas,Init.Data.Iterators.Consumers.Monadic.Collect,Init.Data.Iterators.Consumers.Monadic.Loop,Init.Data.Iterators.PostconditionMonad
Std.Data.Iterators.Combinators.Monadic.Drop	Std/Data/Iterators/Combinators/Monadic/Drop.cs	441	Init.Data.Iterators.Consumers.Loop
Std.Data.Iterators.Combinators.Monadic.DropWhile	Std/Data/Iterators/Combinators/Monadic/DropWhile.cs	695	Init.Data.Nat.Lemmas,Init.Data.Iterators.Consumers.Monadic.Collect,Init.Data.Iterators.Consumers.Monadic.Loop,Init.Data.Iterators.PostconditionMonad
Std.Data.Iterators.Combinators.Monadic.StepSize	Std/Data/Iterators/Combinators/Monadic/StepSize.cs	479	Init.Data.Iterators.Consumers.Monadic.Access,Init.Data.Iterators.Consumers.Monadic.Collect,Init.Data.Iterators.Consumers.Monadic.Loop
Std.Data.Iterators.Combinators.Monadic.Zip	Std/Data/Iterators/Combinators/Monadic/Zip.cs	705	Init.Data.Option.Lemmas,Init.Data.Iterators.Consumers.Loop
Std.Data.Iterators.Combinators.Monadic	Std/Data/Iterators/Combinators/Monadic.cs	44	Std.Data.Iterators.Combinators.Monadic.TakeWhile,Std.Data.Iterators.Combinators.Monadic.Drop,Std.Data.Iterators.Combinators.Monadic.DropWhile,Std.Data.Iterators.Combinators.Monadic.StepSize,Std.Data.Iterators.Combinators.Monadic.Zip
Std.Data.Iterators.Combinators.TakeWhile	Std/Data/Iterators/Combinators/TakeWhile.cs	58	Std.Data.Iterators.Combinators.Monadic.TakeWhile
Std.Data.Iterators.Combinators.Drop	Std/Data/Iterators/Combinators/Drop.cs	44	Std.Data.Iterators.Combinators.Monadic.Drop
Std.Data.Iterators.Combinators.DropWhile	Std/Data/Iterators/Combinators/DropWhile.cs	97	Std.Data.Iterators.Combinators.Monadic.DropWhile
Std.Data.Iterators.Combinators.StepSize	Std/Data/Iterators/Combinators/StepSize.cs	74	Std.Data.Iterators.Combinators.Monadic.StepSize
Std.Data.Iterators.Combinators.Zip	Std/Data/Iterators/Combinators/Zip.cs	58	Std.Data.Iterators.Combinators.Monadic.Zip
Std.Data.Iterators.Combinators	Std/Data/Iterators/Combinators.cs	49	Std.Data.Iterators.Combinators.Monadic,Std.Data.Iterators.Combinators.TakeWhile,Std.Data.Iterators.Combinators.Drop,Std.Data.Iterators.Combinators.DropWhile,Std.Data.Iterators.Combinators.StepSize,Std.Data.Iterators.Combinators.Zip
Std.Data.Iterators.Lemmas.Monadic	Std/Data/Iterators/Lemmas/Monadic.cs	24	Init.Data.Iterators.Lemmas.Monadic.Basic
Std.Data.Iterators.Lemmas.Equivalence.HetT	Std/Data/Iterators/Lemmas/Equivalence/HetT.cs	34	Init.Data.Iterators.Internal.LawfulMonadLiftFunction,Init.Data.Iterators.PostconditionMonad,Init.Classical
Std.Data.Iterators.Lemmas.Equivalence.Basic	Std/Data/Iterators/Lemmas/Equivalence/Basic.cs	123	Init.Internal.Order,Init.Data.Iterators.Basic,Std.Data.Iterators.Lemmas.Equivalence.HetT
Std.Data.Iterators.Lemmas.Equivalence.StepCongr	Std/Data/Iterators/Lemmas/Equivalence/StepCongr.cs	177	Std.Data.Iterators.Lemmas.Equivalence.Basic
Std.Data.Iterators.Lemmas.Consumers.Monadic.Collect	Std/Data/Iterators/Lemmas/Consumers/Monadic/Collect.cs	34	Init.Data.Iterators.Lemmas.Consumers.Monadic.Collect,Std.Data.Iterators.Lemmas.Equivalence.StepCongr,Init.Data.Iterators.Lemmas.Monadic.Basic
Std.Data.Iterators.Lemmas.Consumers.Monadic.Loop	Std/Data/Iterators/Lemmas/Consumers/Monadic/Loop.cs	34	Init.Data.Iterators.Lemmas.Consumers.Monadic.Loop,Std.Data.Iterators.Lemmas.Consumers.Monadic.Collect,Init.Data.Iterators.Lemmas.Monadic.Basic
Std.Data.HashMap.Basic	Std/Data/HashMap/Basic.cs	5178	Std.Data.DHashMap.Basic,Init.Data.List.Impl
Std.Data.HashSet.Basic	Std/Data/HashSet/Basic.cs	3499	Std.Data.HashMap.Basic
Std.Data.ExtDHashMap.Basic	Std/Data/ExtDHashMap/Basic.cs	3158	Std.Data.DHashMap.Lemmas,Std.Data.DHashMap.Lemmas
Std.Data.ExtHashMap.Basic	Std/Data/ExtHashMap/Basic.cs	2565	Std.Data.ExtDHashMap.Basic
Std.Data.ExtHashSet.Basic	Std/Data/ExtHashSet/Basic.cs	1582	Std.Data.ExtHashMap.Basic
Std.Data.DTreeMap.Internal.Def	Std/Data/DTreeMap/Internal/Def.cs	388	Init.Data.SInt.Basic
Std.Data.DTreeMap.Internal.Balanced	Std/Data/DTreeMap/Internal/Balanced.cs	39	Init.Data.AC,Std.Data.DTreeMap.Internal.Def,Init.Omega,Init.RCases
Std.Data.DTreeMap.Internal.Balancing	Std/Data/DTreeMap/Internal/Balancing.cs	15505	Init.Data.Ord.Basic,Std.Data.DTreeMap.Internal.Balanced,Init.ByCases,Init.Data.Nat.Lemmas,Init.Data.Nat.Simproc,Init.Omega
Std.Data.Internal.Cut	Std/Data/Internal/Cut.cs	29	Init.Data.Order.Ord,Init.RCases
Std.Data.DTreeMap.Internal.Ordered	Std/Data/DTreeMap/Internal/Ordered.cs	39	Std.Data.DTreeMap.Internal.Def,Std.Data.Internal.Cut,Init.Data.List.Pairwise,Init.Data.List.Sublist
Std.Data.DTreeMap.Internal.Queries	Std/Data/DTreeMap/Internal/Queries.cs	11802	Init.Data.Nat.Compare,Std.Data.DTreeMap.Internal.Balanced,Std.Data.DTreeMap.Internal.Ordered,Init.BinderPredicates,Init.Data.Option.BasicAux,Init.Data.Nat.Lemmas,Init.Data.Nat.Internal.Linear,Init.Omega,Init.RCases,Init.WFTactics
Std.Data.DTreeMap.Internal.Operations	Std/Data/DTreeMap/Internal/Operations.cs	44416	Std.Data.DTreeMap.Internal.Balancing,Std.Data.DTreeMap.Internal.Queries,Init.Data.List.Control,Init.Data.Nat.Lemmas,Init.Data.Nat.Internal.Linear,Init.Omega,Init.WFTactics
Std.Data.DTreeMap.Internal.WF.Defs	Std/Data/DTreeMap/Internal/WF/Defs.cs	146	Std.Data.DTreeMap.Internal.Operations
Std.Data.DTreeMap.Basic	Std/Data/DTreeMap/Basic.cs	13050	Std.Data.DTreeMap.Internal.WF.Defs
Std.Data.TreeMap.Basic	Std/Data/TreeMap/Basic.cs	6018	Std.Data.DTreeMap.Basic
Std.Data.TreeSet.Basic	Std/Data/TreeSet/Basic.cs	6216	Std.Data.TreeMap.Basic
Std.Data.DTreeMap.Internal.Cell	Std/Data/DTreeMap/Internal/Cell.cs	768	Std.Data.Internal.List.Associative,Init.Data.List.Find
Std.Data.DTreeMap.Internal.Model	Std/Data/DTreeMap/Internal/Model.cs	7187	Std.Data.DTreeMap.Internal.WF.Defs,Std.Data.DTreeMap.Internal.Cell,Init.Data.Nat.Internal.Linear,Init.Omega
Std.Data.DTreeMap.Internal.WF.Lemmas	Std/Data/DTreeMap/Internal/WF/Lemmas.cs	2419	Std.Data.DTreeMap.Internal.Model,Std.Data.Internal.List.Associative,Init.Data.List.Impl,Init.Data.Nat.Internal.Linear,Init.Data.Option.List,Init.Data.Subtype.Basic
Std.Data.DTreeMap.Internal.Lemmas	Std/Data/DTreeMap/Internal/Lemmas.cs	19214	Std.Data.HashMap.Basic,Std.Data.DTreeMap.Internal.WF.Lemmas,Init.Data.Array.Perm,Std.Data.HashMap.Basic,Init.Data.List.Find,Init.Data.List.Pairwise,Init.Data.Prod,Init.Omega
Std.Data.DTreeMap.Raw.Basic	Std/Data/DTreeMap/Raw/Basic.cs	14735	Std.Data.DTreeMap.Basic
Std.Data.DTreeMap.AdditionalOperations	Std/Data/DTreeMap/AdditionalOperations.cs	293	Std.Data.DTreeMap.Raw.Basic,Std.Data.DTreeMap.Internal.WF.Lemmas
Std.Data.DTreeMap.Lemmas	Std/Data/DTreeMap/Lemmas.cs	517	Std.Data.DTreeMap.Internal.Lemmas,Std.Data.DTreeMap.AdditionalOperations,Init.Data.Array.Perm,Std.Internal.ForIn.Basic,Init.Data.List.Pairwise,Init.Data.Prod
Std.Data.ExtDTreeMap.Basic	Std/Data/ExtDTreeMap/Basic.cs	7538	Std.Data.DTreeMap.Lemmas
Std.Data.ExtTreeMap.Basic	Std/Data/ExtTreeMap/Basic.cs	5735	Std.Data.ExtDTreeMap.Basic
Std.Data.ExtTreeSet.Basic	Std/Data/ExtTreeSet/Basic.cs	5351	Std.Data.ExtTreeMap.Basic
Std.Data.Iterators.Consumers.Monadic.Set	Std/Data/Iterators/Consumers/Monadic/Set.cs	1047	Init.Data.Iterators.Consumers.Monadic.Loop,Std.Data.HashSet.Basic,Std.Data.ExtHashSet.Basic,Std.Data.TreeSet.Basic,Std.Data.ExtTreeSet.Basic,Init.Data.Iterators.Consumers.Monadic.Loop
Std.Data.ExtDHashMap.Lemmas	Std/Data/ExtDHashMap/Lemmas.cs	44	Std.Data.ExtDHashMap.Basic,Std.Data.ExtDHashMap.Basic,Std.Data.DHashMap.Basic,Std.Data.DHashMap.Raw,Std.Data.DHashMap.Internal.Defs
Std.Data.ExtHashMap.Lemmas	Std/Data/ExtHashMap/Lemmas.cs	80	Std.Data.ExtHashMap.Basic,Std.Data.ExtDHashMap.Basic,Std.Data.ExtDHashMap.Lemmas
Std.Data.ExtHashSet.Lemmas	Std/Data/ExtHashSet/Lemmas.cs	29	Std.Data.ExtHashMap.Lemmas,Std.Data.ExtHashSet.Basic
Std.Data.ExtDTreeMap.Lemmas	Std/Data/ExtDTreeMap/Lemmas.cs	54	Std.Data.ExtDTreeMap.Basic,Std.Internal.ForIn.Basic,Init.Data.List.Pairwise
Std.Data.ExtTreeMap.Lemmas	Std/Data/ExtTreeMap/Lemmas.cs	85	Std.Data.ExtDTreeMap.Lemmas,Std.Data.ExtTreeMap.Basic,Std.Internal.ForIn.Basic,Init.Data.List.Pairwise
Std.Data.ExtTreeSet.Lemmas	Std/Data/ExtTreeSet/Lemmas.cs	34	Std.Data.ExtTreeMap.Lemmas,Std.Data.ExtTreeSet.Basic,Std.Internal.ForIn.Basic
Std.Data.Iterators.Lemmas.Consumers.Monadic.Set	Std/Data/Iterators/Lemmas/Consumers/Monadic/Set.cs	49	Std.Data.Iterators.Consumers.Monadic.Set,Init.Data.Iterators.Consumers.Monadic.Collect,Std.Data.Iterators.Consumers.Monadic.Set,Init.Data.Iterators.Lemmas.Consumers.Monadic.Loop,Std.Data.ExtHashSet.Lemmas,Std.Data.ExtTreeSet.Lemmas
Std.Data.Iterators.Lemmas.Consumers.Monadic	Std/Data/Iterators/Lemmas/Consumers/Monadic.cs	34	Std.Data.Iterators.Lemmas.Consumers.Monadic.Collect,Std.Data.Iterators.Lemmas.Consumers.Monadic.Loop,Std.Data.Iterators.Lemmas.Consumers.Monadic.Set
Std.Data.Iterators.Lemmas.Combinators.Monadic.TakeWhile	Std/Data/Iterators/Lemmas/Combinators/Monadic/TakeWhile.cs	441	Std.Data.Iterators.Combinators.Monadic.TakeWhile,Std.Data.Iterators.Lemmas.Consumers.Monadic
Std.Data.Iterators.Lemmas.Combinators.Monadic.Drop	Std/Data/Iterators/Lemmas/Combinators/Monadic/Drop.cs	340	Std.Data.Iterators.Combinators.Monadic.Drop,Init.Data.Iterators.Lemmas.Consumers.Monadic
Std.Data.Iterators.Lemmas.Combinators.Monadic.DropWhile	Std/Data/Iterators/Lemmas/Combinators/Monadic/DropWhile.cs	448	Std.Data.Iterators.Combinators.Monadic.DropWhile,Init.Data.Iterators.Lemmas.Consumers.Monadic,Init.Data.Bool
Std.Data.Iterators.Lemmas.Combinators.Monadic.FilterMap	Std/Data/Iterators/Lemmas/Combinators/Monadic/FilterMap.cs	299	Init.Data.Iterators.Lemmas.Combinators.Monadic.FilterMap,Std.Data.Iterators.Lemmas.Equivalence.StepCongr
Std.Data.Iterators.Lemmas.Combinators.Monadic.Zip	Std/Data/Iterators/Lemmas/Combinators/Monadic/Zip.cs	405	Std.Data.Iterators.Combinators.Monadic.Zip,Init.Data.Iterators.Lemmas.Consumers.Monadic
Std.Data.Iterators.Lemmas.Combinators.Monadic	Std/Data/Iterators/Lemmas/Combinators/Monadic.cs	44	Std.Data.Iterators.Lemmas.Combinators.Monadic.TakeWhile,Std.Data.Iterators.Lemmas.Combinators.Monadic.Drop,Std.Data.Iterators.Lemmas.Combinators.Monadic.DropWhile,Std.Data.Iterators.Lemmas.Combinators.Monadic.FilterMap,Std.Data.Iterators.Lemmas.Combinators.Monadic.Zip
Std.Data.Iterators.Lemmas.Consumers.Collect	Std/Data/Iterators/Lemmas/Consumers/Collect.cs	29	Init.Data.Iterators.Lemmas.Consumers.Collect,Std.Data.Iterators.Lemmas.Consumers.Monadic.Collect
Std.Data.Iterators.Lemmas.Consumers.Loop	Std/Data/Iterators/Lemmas/Consumers/Loop.cs	34	Init.Data.Iterators.Lemmas.Consumers.Loop,Std.Data.Iterators.Lemmas.Consumers.Collect,Std.Data.Iterators.Lemmas.Consumers.Monadic.Loop
Std.Data.Iterators.Consumers.Set	Std/Data/Iterators/Consumers/Set.cs	809	Std.Data.Iterators.Consumers.Monadic.Set,Init.Data.Iterators.Consumers.Total
Std.Data.HashMap.Raw	Std/Data/HashMap/Raw.cs	5669	Std.Data.DHashMap.Raw
Std.Data.HashMap.AdditionalOperations	Std/Data/HashMap/AdditionalOperations.cs	87	Std.Data.DHashMap.AdditionalOperations,Std.Data.HashMap.Basic,Std.Data.HashMap.Raw
Std.Data.HashMap.Lemmas	Std/Data/HashMap/Lemmas.cs	122	Std.Data.DHashMap.Lemmas,Std.Data.HashMap.AdditionalOperations,Std.Internal.ForIn.Basic,Std.Data.DHashMap.Basic,Init.Data.List.Pairwise
Std.Data.HashSet.Lemmas	Std/Data/HashSet/Lemmas.cs	65	Std.Data.HashMap.Lemmas,Std.Data.HashSet.Basic,Std.Internal.ForIn.Basic
Std.Data.TreeMap.Raw.Basic	Std/Data/TreeMap/Raw/Basic.cs	5878	Std.Data.DTreeMap.Raw.Basic
Std.Data.TreeMap.AdditionalOperations	Std/Data/TreeMap/AdditionalOperations.cs	212	Std.Data.TreeMap.Basic,Std.Data.TreeMap.Raw.Basic,Std.Data.DTreeMap.AdditionalOperations
Std.Data.TreeMap.Lemmas	Std/Data/TreeMap/Lemmas.cs	120	Std.Data.DTreeMap.Lemmas,Std.Data.TreeMap.AdditionalOperations,Init.Data.Array.Perm,Std.Internal.ForIn.Basic,Init.Data.List.Pairwise
Std.Data.TreeSet.Raw.Basic	Std/Data/TreeSet/Raw/Basic.cs	4578	Std.Data.TreeMap.Raw.Basic,Std.Data.TreeSet.Basic
Std.Data.TreeSet.AdditionalOperations	Std/Data/TreeSet/AdditionalOperations.cs	93	Std.Data.TreeSet.Raw.Basic,Std.Data.TreeMap.AdditionalOperations
Std.Data.TreeSet.Lemmas	Std/Data/TreeSet/Lemmas.cs	73	Std.Data.TreeMap.Lemmas,Std.Data.DTreeMap.Lemmas,Init.Data.Array.Perm,Std.Data.TreeSet.AdditionalOperations,Std.Internal.ForIn.Basic
Std.Data.Iterators.Lemmas.Consumers.Set	Std/Data/Iterators/Lemmas/Consumers/Set.cs	59	Std.Data.Iterators.Consumers.Set,Init.Data.Iterators.Consumers.Collect,Std.Data.Iterators.Consumers.Set,Std.Data.Iterators.Lemmas.Consumers.Monadic.Set,Init.Data.Iterators.Lemmas.Consumers.Loop,Std.Data.HashSet.Lemmas,Std.Data.TreeSet.Lemmas,Init.Data.Iterators.Lemmas.Consumers.Collect
Std.Data.Iterators.Lemmas.Consumers	Std/Data/Iterators/Lemmas/Consumers.cs	44	Init.Data.Iterators.Lemmas.Consumers,Std.Data.Iterators.Lemmas.Consumers.Monadic,Std.Data.Iterators.Lemmas.Consumers.Collect,Std.Data.Iterators.Lemmas.Consumers.Loop,Std.Data.Iterators.Lemmas.Consumers.Set
Std.Data.Iterators.Lemmas.Combinators.TakeWhile	Std/Data/Iterators/Lemmas/Combinators/TakeWhile.cs	634	Std.Data.Iterators.Combinators.TakeWhile,Std.Data.Iterators.Lemmas.Combinators.Monadic.TakeWhile,Std.Data.Iterators.Lemmas.Consumers,Init.Data.List.TakeDrop,Init.Data.List.ToArray,Init.Data.Option.Lemmas,Init.Omega
Std.Data.Iterators.Lemmas.Combinators.Drop	Std/Data/Iterators/Lemmas/Combinators/Drop.cs	379	Std.Data.Iterators.Combinators.Drop,Std.Data.Iterators.Lemmas.Combinators.Monadic.Drop,Init.Data.Iterators.Lemmas.Combinators.Take,Init.Data.Array.Lemmas,Init.Data.Iterators.Lemmas.Basic,Init.Data.Iterators.Lemmas.Consumers.Access,Init.Data.Iterators.Lemmas.Consumers.Collect,Init.Data.List.Nat.TakeDrop,Init.Data.Option.Lemmas
Std.Data.Iterators.Lemmas.Combinators.DropWhile	Std/Data/Iterators/Lemmas/Combinators/DropWhile.cs	561	Std.Data.Iterators.Combinators.DropWhile,Std.Data.Iterators.Lemmas.Combinators.Monadic.DropWhile,Init.Data.Iterators.Lemmas.Consumers,Init.Data.Bool,Init.Data.Iterators.Lemmas.Basic,Init.Data.List.TakeDrop
Std.Data.Iterators.Lemmas.Combinators.Zip	Std/Data/Iterators/Lemmas/Combinators/Zip.cs	642	Std.Data.Iterators.Combinators.Zip,Std.Data.Iterators.Lemmas.Combinators.Monadic.Zip,Init.Data.Iterators.Lemmas.Combinators.Take,Init.Data.Iterators.Lemmas.Basic,Init.Data.Iterators.Lemmas.Consumers.Access,Init.Data.Iterators.Lemmas.Consumers.Collect,Init.Data.List.ToArray,Init.Data.List.Zip
Std.Data.Iterators.Lemmas.Combinators	Std/Data/Iterators/Lemmas/Combinators.cs	44	Std.Data.Iterators.Lemmas.Combinators.Monadic,Std.Data.Iterators.Lemmas.Combinators.TakeWhile,Std.Data.Iterators.Lemmas.Combinators.Drop,Std.Data.Iterators.Lemmas.Combinators.DropWhile,Std.Data.Iterators.Lemmas.Combinators.Zip
Std.Data.Iterators.Lemmas.Producers.Monadic.List	Std/Data/Iterators/Lemmas/Producers/Monadic/List.cs	209	Init.Data.Iterators.Lemmas.Producers.Monadic.List,Std.Data.Iterators.Lemmas.Equivalence.Basic
Std.Data.Iterators.Lemmas.Producers.Monadic.Array	Std/Data/Iterators/Lemmas/Producers/Monadic/Array.cs	184	Std.Data.Iterators.Producers.Monadic.Array,Std.Data.Iterators.Lemmas.Consumers.Monadic,Std.Data.Iterators.Lemmas.Producers.Monadic.List,Init.Data.Array.Lemmas,Init.Data.List.Nat.TakeDrop,Init.Data.List.TakeDrop,Init.Omega
Std.Data.Iterators.Lemmas.Producers.Monadic.Vector	Std/Data/Iterators/Lemmas/Producers/Monadic/Vector.cs	144	Std.Data.Iterators.Lemmas.Producers.Monadic.Array,Std.Data.Iterators.Producers.Monadic.Vector,Std.Data.Iterators.Lemmas.Consumers.Monadic,Std.Data.Iterators.Lemmas.Producers.Monadic.List,Init.Data.Array.Lemmas,Init.Data.List.Nat.TakeDrop,Init.Data.List.TakeDrop,Init.Omega,Init.Data.Vector.Lemmas
Std.Data.Iterators.Lemmas.Producers.Monadic.Empty	Std/Data/Iterators/Lemmas/Producers/Monadic/Empty.cs	247	Std.Data.Iterators.Producers.Monadic.Empty,Init.Data.Iterators.Lemmas.Consumers.Monadic
Std.Data.Iterators.Lemmas.Producers.Monadic	Std/Data/Iterators/Lemmas/Producers/Monadic.cs	39	Std.Data.Iterators.Lemmas.Producers.Monadic.Array,Std.Data.Iterators.Lemmas.Producers.Monadic.Vector,Std.Data.Iterators.Lemmas.Producers.Monadic.Empty,Std.Data.Iterators.Lemmas.Producers.Monadic.List
Std.Data.Iterators.Lemmas.Producers.Array	Std/Data/Iterators/Lemmas/Producers/Array.cs	49	Std.Data.Iterators.Lemmas.Consumers.Collect,Std.Data.Iterators.Lemmas.Consumers.Loop,Init.Data.List.TakeDrop,Std.Data.Iterators.Producers.Array,Init.Data.Iterators.Producers.List,Std.Data.Iterators.Lemmas.Producers.Monadic.Array
Std.Data.Iterators.Lemmas.Producers.Vector	Std/Data/Iterators/Lemmas/Producers/Vector.cs	139	Std.Data.Iterators.Lemmas.Producers.Array,Std.Data.Iterators.Producers.Vector,Std.Data.Iterators.Producers.Monadic.Vector,Init.Data.Vector.Lemmas,Std.Data.Iterators.Lemmas.Consumers.Collect,Std.Data.Iterators.Lemmas.Consumers.Loop,Init.Data.List.TakeDrop,Std.Data.Iterators.Lemmas.Producers.Monadic.Vector
Std.Data.Iterators.Lemmas.Producers.Empty	Std/Data/Iterators/Lemmas/Producers/Empty.cs	34	Std.Data.Iterators.Lemmas.Producers.Monadic.Empty,Init.Data.Iterators.Lemmas.Consumers,Std.Data.Iterators.Producers.Empty
Std.Data.Iterators.Lemmas.Producers.Repeat	Std/Data/Iterators/Lemmas/Producers/Repeat.cs	111	Std.Data.Iterators.Producers.Repeat,Init.Data.Iterators.Lemmas.Combinators.Take,Init.Data.Iterators.Lemmas.Consumers.Access,Init.Data.Iterators.Lemmas.Consumers.Collect,Init.Data.Option.Lemmas
Std.Data.Iterators.Lemmas.Producers.Range	Std/Data/Iterators/Lemmas/Producers/Range.cs	39	Std.Data.Iterators.Producers.Range,Init.Data.Range.Polymorphic.Lemmas,Init.Data.Iterators.Consumers.Loop,Init.Data.Iterators.Lemmas.Consumers.Loop
Std.Data.Iterators.Lemmas.Producers.Slice	Std/Data/Iterators/Lemmas/Producers/Slice.cs	39	Std.Data.Iterators.Producers.Slice,Std.Data.Iterators.Producers.Slice,Init.Data.Slice.Lemmas,Init.Data.Slice.InternalLemmas
Std.Data.Iterators.Lemmas.Producers	Std/Data/Iterators/Lemmas/Producers.cs	54	Std.Data.Iterators.Lemmas.Producers.Monadic,Std.Data.Iterators.Lemmas.Producers.Array,Std.Data.Iterators.Lemmas.Producers.Vector,Std.Data.Iterators.Lemmas.Producers.Empty,Std.Data.Iterators.Lemmas.Producers.Repeat,Std.Data.Iterators.Lemmas.Producers.Range,Std.Data.Iterators.Lemmas.Producers.Slice
Std.Data.Iterators.Lemmas.Equivalence	Std/Data/Iterators/Lemmas/Equivalence.cs	34	Std.Data.Iterators.Lemmas.Equivalence.HetT,Std.Data.Iterators.Lemmas.Equivalence.Basic,Std.Data.Iterators.Lemmas.Equivalence.StepCongr
Std.Data.Iterators.Lemmas	Std/Data/Iterators/Lemmas.cs	39	Std.Data.Iterators.Lemmas.Monadic,Std.Data.Iterators.Lemmas.Combinators,Std.Data.Iterators.Lemmas.Producers,Std.Data.Iterators.Lemmas.Equivalence
Std.Data.Iterators.Consumers.Monadic	Std/Data/Iterators/Consumers/Monadic.cs	24	Std.Data.Iterators.Consumers.Monadic.Set
Std.Data.Iterators.Consumers	Std/Data/Iterators/Consumers.cs	29	Std.Data.Iterators.Consumers.Monadic,Std.Data.Iterators.Consumers.Set
Std.Data.Iterators	Std/Data/Iterators.cs	44	Init.Data.Iterators.Internal,Std.Data.Iterators.Producers,Std.Data.Iterators.Combinators,Std.Data.Iterators.Lemmas,Std.Data.Iterators.Consumers
Std.Data.DHashMap.RawLemmas	Std/Data/DHashMap/RawLemmas.cs	2598	Std.Data.DHashMap.Internal.Raw,Std.Data.DHashMap.Internal.RawLemmas,Std.Data.DHashMap.Raw,Init.ByCases,Init.Data.List.Find,Init.Data.List.Impl,Init.Data.List.Pairwise,Init.Data.Prod
Std.Data.DHashMap.IteratorLemmas	Std/Data/DHashMap/IteratorLemmas.cs	64	Std.Data.Iterators,Std.Data.DHashMap.Iterator,Std.Data.DHashMap.Basic,Std.Data.DHashMap.Raw,Std.Data.DHashMap.Iterator,Init.Data.Iterators.Lemmas.Combinators,Std.Data.DHashMap.Internal.Defs,Std.Data.DHashMap.RawLemmas,Std.Data.DHashMap.Lemmas
Std.Data.DHashMap.DecidableEquiv	Std/Data/DHashMap/DecidableEquiv.cs	58	Std.Data.DHashMap.Internal.RawLemmas
Std.Data.DHashMap	Std/Data/DHashMap.cs	49	Std.Data.DHashMap.Basic,Std.Data.DHashMap.AdditionalOperations,Std.Data.DHashMap.Iterator,Std.Data.DHashMap.Lemmas,Std.Data.DHashMap.IteratorLemmas,Std.Data.DHashMap.DecidableEquiv
Std.Data.HashMap.Iterator	Std/Data/HashMap/Iterator.cs	730	Std.Data.DHashMap.Iterator,Std.Data.HashMap.Basic,Std.Data.HashMap.Raw,Init.Data.Iterators.Combinators.FilterMap
Std.Data.HashMap.RawLemmas	Std/Data/HashMap/RawLemmas.cs	60	Std.Data.DHashMap.RawLemmas,Std.Data.HashMap.Raw,Std.Data.DHashMap.Raw,Init.Data.List.Pairwise
Std.Data.HashMap.IteratorLemmas	Std/Data/HashMap/IteratorLemmas.cs	54	Init.Data.Iterators.Lemmas.Combinators,Std.Data.DHashMap.IteratorLemmas,Std.Data.HashMap.Iterator,Std.Data.HashMap.Iterator,Std.Data.HashMap.RawLemmas,Std.Data.HashMap.Lemmas,Std.Data.DHashMap.Basic
Std.Data.HashMap.DecidableEquiv	Std/Data/HashMap/DecidableEquiv.cs	85	Std.Data.DHashMap.DecidableEquiv,Std.Data.HashMap.Basic
Std.Data.HashMap	Std/Data/HashMap.cs	49	Std.Data.HashMap.Basic,Std.Data.HashMap.AdditionalOperations,Std.Data.HashMap.Iterator,Std.Data.HashMap.Lemmas,Std.Data.HashMap.IteratorLemmas,Std.Data.HashMap.DecidableEquiv
Std.Data.HashSet.Raw	Std/Data/HashSet/Raw.cs	3683	Std.Data.HashMap.Raw
Std.Data.HashSet.Iterator	Std/Data/HashSet/Iterator.cs	269	Std.Data.HashMap.Iterator,Std.Data.HashSet.Basic,Std.Data.HashSet.Raw,Init.Data.Iterators.Combinators.FilterMap
Std.Data.HashSet.RawLemmas	Std/Data/HashSet/RawLemmas.cs	50	Std.Data.HashMap.RawLemmas,Std.Data.HashSet.Raw
Std.Data.HashSet.IteratorLemmas	Std/Data/HashSet/IteratorLemmas.cs	49	Std.Data.DHashMap.IteratorLemmas,Std.Data.HashMap.IteratorLemmas,Std.Data.HashSet.Iterator,Std.Data.HashSet.Iterator,Std.Data.HashSet.RawLemmas,Std.Data.DHashMap.Basic
Std.Data.HashSet.DecidableEquiv	Std/Data/HashSet/DecidableEquiv.cs	96	Std.Data.HashMap.DecidableEquiv,Std.Data.HashSet.Basic
Std.Data.HashSet	Std/Data/HashSet.cs	44	Std.Data.HashSet.Basic,Std.Data.HashSet.Iterator,Std.Data.HashSet.Lemmas,Std.Data.HashSet.IteratorLemmas,Std.Data.HashSet.DecidableEquiv
Std.Data.DTreeMap.Internal.Zipper	Std/Data/DTreeMap/Internal/Zipper.cs	5791	Std.Data.Iterators.Lemmas.Producers.Slice,Init.Data.Slice,Std.Data.DTreeMap.Internal.Lemmas,Init.Data.Iterators.Combinators.FilterMap,Init.Data.Iterators.Lemmas.Combinators.FilterMap,Init.Data.Iterators.Lemmas.Consumers.Collect,Init.Data.Iterators.Lemmas.Consumers.Monadic.Collect,Init.Data.List.Pairwise,Init.Data.List.Sublist,Init.Data.List.TakeDrop,Init.Data.Slice.InternalLemmas
Std.Data.DTreeMap.Raw.Iterator	Std/Data/DTreeMap/Raw/Iterator.cs	141	Std.Data.DTreeMap.Internal.Zipper,Std.Data.DTreeMap.Raw.Basic,Init.Data.Iterators.Lemmas.Combinators.FilterMap
Std.Data.DTreeMap.Iterator	Std/Data/DTreeMap/Iterator.cs	131	Std.Data.DTreeMap.Raw.Iterator
Std.Data.DTreeMap.Raw.Slice	Std/Data/DTreeMap/Raw/Slice.cs	1039	Std.Data.DTreeMap.Internal.Zipper,Std.Data.DTreeMap.Raw.Basic
Std.Data.DTreeMap.Slice	Std/Data/DTreeMap/Slice.cs	1035	Std.Data.DTreeMap.Raw.Slice
Std.Data.DTreeMap.Raw.AdditionalOperations	Std/Data/DTreeMap/Raw/AdditionalOperations.cs	95	Std.Data.DTreeMap.AdditionalOperations
Std.Data.DTreeMap.Raw.Lemmas	Std/Data/DTreeMap/Raw/Lemmas.cs	146	Std.Data.DTreeMap.Internal.Lemmas,Std.Data.DTreeMap.Raw.AdditionalOperations,Init.Data.Array.Perm,Init.Data.List.Find,Init.Data.List.Pairwise,Init.Data.Prod
Std.Data.DTreeMap.Raw.WF	Std/Data/DTreeMap/Raw/WF.cs	45	Std.Data.DTreeMap.Raw.AdditionalOperations
Std.Data.DTreeMap.Raw.DecidableEquiv	Std/Data/DTreeMap/Raw/DecidableEquiv.cs	63	Std.Data.DTreeMap.Internal.Lemmas,Std.Data.DTreeMap.Raw.Basic
Std.Data.DTreeMap.Raw	Std/Data/DTreeMap/Raw.cs	54	Std.Data.DTreeMap.Raw.Basic,Std.Data.DTreeMap.Raw.AdditionalOperations,Std.Data.DTreeMap.Raw.Lemmas,Std.Data.DTreeMap.Raw.WF,Std.Data.DTreeMap.Raw.Iterator,Std.Data.DTreeMap.Raw.Slice,Std.Data.DTreeMap.Raw.DecidableEquiv
Std.Data.DTreeMap.DecidableEquiv	Std/Data/DTreeMap/DecidableEquiv.cs	58	Std.Data.DTreeMap.Raw
Std.Data.DTreeMap	Std/Data/DTreeMap.cs	49	Std.Data.DTreeMap.Basic,Std.Data.DTreeMap.AdditionalOperations,Std.Data.DTreeMap.Lemmas,Std.Data.DTreeMap.Iterator,Std.Data.DTreeMap.Slice,Std.Data.DTreeMap.DecidableEquiv
Std.Data.TreeMap.Iterator	Std/Data/TreeMap/Iterator.cs	144	Std.Data.TreeMap.Basic,Std.Data.DTreeMap.Iterator,Init.Data.Iterators.Lemmas.Combinators.FilterMap
Std.Data.TreeMap.Raw.Slice	Std/Data/TreeMap/Raw/Slice.cs	1043	Std.Data.DTreeMap.Raw.Slice,Std.Data.TreeMap.Raw.Basic
Std.Data.TreeMap.Slice	Std/Data/TreeMap/Slice.cs	1040	Std.Data.TreeMap.Raw.Slice,Std.Data.TreeMap.Basic
Std.Data.TreeMap.DecidableEquiv	Std/Data/TreeMap/DecidableEquiv.cs	86	Std.Data.DTreeMap.DecidableEquiv,Std.Data.TreeMap.Basic
Std.Data.TreeMap	Std/Data/TreeMap.cs	49	Std.Data.TreeMap.Basic,Std.Data.TreeMap.AdditionalOperations,Std.Data.TreeMap.Lemmas,Std.Data.TreeMap.Iterator,Std.Data.TreeMap.Slice,Std.Data.TreeMap.DecidableEquiv
Std.Data.TreeSet.Iterator	Std/Data/TreeSet/Iterator.cs	74	Std.Data.TreeSet.Basic,Std.Data.TreeMap.Iterator,Std.Data.DTreeMap.Lemmas,Init.Data.Iterators.Lemmas.Combinators.FilterMap
Std.Data.TreeSet.Raw.Slice	Std/Data/TreeSet/Raw/Slice.cs	1044	Std.Data.TreeMap.Raw.Slice,Std.Data.TreeSet.Raw.Basic
Std.Data.TreeSet.Slice	Std/Data/TreeSet/Slice.cs	1035	Std.Data.TreeSet.Raw.Slice
Std.Data.TreeSet.DecidableEquiv	Std/Data/TreeSet/DecidableEquiv.cs	97	Std.Data.TreeMap.DecidableEquiv,Std.Data.TreeSet.Basic
Std.Data.TreeSet	Std/Data/TreeSet.cs	49	Std.Data.TreeSet.Basic,Std.Data.TreeSet.AdditionalOperations,Std.Data.TreeSet.Lemmas,Std.Data.TreeSet.Iterator,Std.Data.TreeSet.Slice,Std.Data.TreeSet.DecidableEquiv
Std.Data.ExtDHashMap	Std/Data/ExtDHashMap.cs	29	Std.Data.ExtDHashMap.Basic,Std.Data.ExtDHashMap.Lemmas
Std.Data.ExtHashMap	Std/Data/ExtHashMap.cs	29	Std.Data.ExtHashMap.Basic,Std.Data.ExtHashMap.Lemmas
Std.Data.ExtHashSet	Std/Data/ExtHashSet.cs	29	Std.Data.ExtHashSet.Basic,Std.Data.ExtHashSet.Lemmas
Std.Data.ExtDTreeMap	Std/Data/ExtDTreeMap.cs	29	Std.Data.ExtDTreeMap.Basic,Std.Data.ExtDTreeMap.Lemmas
Std.Data.ExtTreeMap	Std/Data/ExtTreeMap.cs	29	Std.Data.ExtTreeMap.Basic,Std.Data.ExtTreeMap.Lemmas
Std.Data.ExtTreeSet	Std/Data/ExtTreeSet.cs	29	Std.Data.ExtTreeSet.Basic,Std.Data.ExtTreeSet.Lemmas
Std.Data.DHashMap.RawDecidableEquiv	Std/Data/DHashMap/RawDecidableEquiv.cs	59	Std.Data.DHashMap.Internal.RawLemmas
Std.Data.HashMap.RawDecidableEquiv	Std/Data/HashMap/RawDecidableEquiv.cs	87	Std.Data.DHashMap.RawDecidableEquiv,Std.Data.HashMap.Raw
Std.Data.HashSet.RawDecidableEquiv	Std/Data/HashSet/RawDecidableEquiv.cs	96	Std.Data.HashMap.RawDecidableEquiv,Std.Data.HashSet.Raw
Std.Data.TreeMap.Raw.AdditionalOperations	Std/Data/TreeMap/Raw/AdditionalOperations.cs	85	Std.Data.TreeMap.Basic,Std.Data.TreeMap.Raw.Basic,Std.Data.DTreeMap.Raw.AdditionalOperations
Std.Data.TreeMap.Raw.Lemmas	Std/Data/TreeMap/Raw/Lemmas.cs	85	Std.Data.DTreeMap.Raw.Lemmas,Std.Data.TreeMap.Raw.AdditionalOperations,Init.Data.Array.Perm,Init.Data.List.Find,Init.Data.List.Impl,Init.Data.List.Pairwise,Init.Data.Prod
Std.Data.TreeMap.Raw.WF	Std/Data/TreeMap/Raw/WF.cs	29	Std.Data.DTreeMap.Raw.WF,Std.Data.TreeMap.Raw.AdditionalOperations
Std.Data.TreeMap.Raw.Iterator	Std/Data/TreeMap/Raw/Iterator.cs	141	Std.Data.DTreeMap.Raw.Iterator,Std.Data.TreeMap.Raw.Basic,Init.Data.Iterators.Lemmas.Combinators.FilterMap
Std.Data.TreeMap.Raw.DecidableEquiv	Std/Data/TreeMap/Raw/DecidableEquiv.cs	86	Std.Data.DTreeMap.DecidableEquiv,Std.Data.TreeMap.Raw.Basic
Std.Data.TreeMap.Raw	Std/Data/TreeMap/Raw.cs	54	Std.Data.TreeMap.Raw.Basic,Std.Data.TreeMap.Raw.AdditionalOperations,Std.Data.TreeMap.Raw.Lemmas,Std.Data.TreeMap.Raw.WF,Std.Data.TreeMap.Raw.Iterator,Std.Data.TreeMap.Raw.Slice,Std.Data.TreeMap.Raw.DecidableEquiv
Std.Data.TreeSet.Raw.Lemmas	Std/Data/TreeSet/Raw/Lemmas.cs	84	Std.Data.TreeMap.Raw.Lemmas,Std.Data.DTreeMap.Raw.Lemmas,Std.Data.TreeSet.Raw.Basic,Init.Data.List.BasicAux,Init.Data.Array.Perm,Init.Data.Order.ClassesExtra,Init.Data.Order.Classes
Std.Data.TreeSet.Raw.WF	Std/Data/TreeSet/Raw/WF.cs	29	Std.Data.TreeMap.Raw.WF,Std.Data.TreeSet.AdditionalOperations
Std.Data.TreeSet.Raw.Iterator	Std/Data/TreeSet/Raw/Iterator.cs	75	Std.Data.TreeSet.Raw.Basic,Std.Data.TreeMap.Raw.Iterator,Std.Data.DTreeMap.Raw.Lemmas,Init.Data.Iterators.Lemmas.Combinators.FilterMap
Std.Data.TreeSet.Raw.DecidableEquiv	Std/Data/TreeSet/Raw/DecidableEquiv.cs	98	Std.Data.TreeMap.Raw.DecidableEquiv,Std.Data.TreeSet.Raw.Basic
Std.Data.TreeSet.Raw	Std/Data/TreeSet/Raw.cs	49	Std.Data.TreeSet.Raw.Basic,Std.Data.TreeSet.Raw.Lemmas,Std.Data.TreeSet.Raw.WF,Std.Data.TreeSet.Raw.Iterator,Std.Data.TreeSet.Raw.Slice,Std.Data.TreeSet.Raw.DecidableEquiv
Std.Data.ByteSlice	Std/Data/ByteSlice.cs	2017	Init.Data.ByteArray,Init.Data.Slice.Basic,Init.Data.Slice.Notation,Init.Data.Range.Polymorphic.Nat,Init.Omega
Std.Do.SPred.SVal	Std/Do/SPred/SVal.cs	455	Init.Data.List.Notation,Init.SimpLemmas,Init.Core,Init.Grind.Attr
Std.Do.SPred.SPred	Std/Do/SPred/SPred.cs	424	Init.Ext,Std.Do.SPred.SVal,Init.NotationExtra
Std.Tactic.Do.ProofMode	Std/Tactic/Do/ProofMode.cs	500	Std.Do.SPred.SPred
Std.Do.SPred.Notation.Basic	Std/Do/SPred/Notation/Basic.cs	2551	Std.Do.SPred.SPred
Std.Do.SPred.Notation	Std/Do/SPred/Notation.cs	17566	Std.Do.SPred.Notation.Basic,Std.Do.SPred.Notation.Basic
Std.Do.SPred.Laws	Std/Do/SPred/Laws.cs	196	Std.Do.SPred.Notation
Std.Do.SPred.DerivedLaws	Std/Do/SPred/DerivedLaws.cs	39	Init.ByCases,Std.Do.SPred.Laws,Init.Classical,Init.TacticsExtra
Std.Do.SPred	Std/Do/SPred.cs	44	Std.Do.SPred.SVal,Std.Do.SPred.SPred,Std.Do.SPred.Notation,Std.Do.SPred.Laws,Std.Do.SPred.DerivedLaws
Std.Do.PostCond	Std/Do/PostCond.cs	4909	Std.Do.SPred
Std.Do.PredTrans	Std/Do/PredTrans.cs	769	Init.Control.Lawful,Std.Do.PostCond
Std.Do.WP.Basic	Std/Do/WP/Basic.cs	1879	Std.Do.PredTrans
Std.Do.WP.Monad	Std/Do/WP/Monad.cs	630	Std.Do.WP.Basic,Std.Do.WP.Basic
Std.Do.WP.SimpLemmas	Std/Do/WP/SimpLemmas.cs	568	Std.Do.WP.Monad
Std.Do.Internal.Ensures.Def	Std/Do/Internal/Ensures/Def.cs	24	Init.Core
Std.Do.Internal.Ensures.Lemmas	Std/Do/Internal/Ensures/Lemmas.cs	34	Std.Do.Internal.Ensures.Def,Init.Control.Lawful.MonadAttach.Lemmas,Init.RCases
Std.Do.Internal.Ensures	Std/Do/Internal/Ensures.cs	29	Std.Do.Internal.Ensures.Def,Std.Do.Internal.Ensures.Lemmas
Std.Do.WP.Sound	Std/Do/WP/Sound.cs	424	Std.Do.WP.Monad,Std.Do.Internal.Ensures,Init.Control.Lawful.MonadAttach.Instances
Std.Do.WP	Std/Do/WP.cs	39	Std.Do.WP.Basic,Std.Do.WP.Monad,Std.Do.WP.SimpLemmas,Std.Do.WP.Sound
Std.Do.Triple.Basic	Std/Do/Triple/Basic.cs	1743	Std.Do.WP
Std.Do.Triple.SpecLemmas	Std/Do/Triple/SpecLemmas.cs	1315	Std.Do.Triple.Basic,Init.Data.Range.Polymorphic.Iterators,Init.Data.Range.Polymorphic,Init.Data.Slice.Array,Init.While,Init.Internal.Order.While,Init.Data.Iterators.Lemmas.Combinators.FilterMap,Init.Data.Range,Init.Data.Iterators.Lemmas,Init.Data.List.Nat.Range,Init.Data.List.Nat.TakeDrop,Init.Data.List.Range,Init.Data.List.TakeDrop,Init.Data.Nat.Mod,Init.Data.Slice.Lemmas,Init.Omega,Init.Data.String.Defs,Init.Data.String.Iterate,Init.Data.String.Lemmas.Splits,Init.Data.String.Termination,Init.Data.String.Lemmas.Iterate
Std.Do.Triple	Std/Do/Triple.cs	29	Std.Do.Triple.Basic,Std.Do.Triple.SpecLemmas
Std.Do.Internal	Std/Do/Internal.cs	24	Std.Do.Internal.Ensures
Std.Do	Std/Do.cs	49	Std.Do.SPred,Std.Do.WP,Std.Do.Triple,Std.Do.PredTrans,Std.Do.PostCond,Std.Do.Internal
Std.WP.Tactic	Std/WP/Tactic.cs	2523	Init.Grind.Interactive,Init.NotationExtra
Std.Tactic.Do.Syntax	Std/Tactic/Do/Syntax.cs	15737	Std.Do,Std.WP.Tactic,Std.Tactic.Do.ProofMode,Init.Data.Array.GetLit,Init.Grind.Interactive
Std.Tactic.Do	Std/Tactic/Do.cs	29	Std.Tactic.Do.ProofMode,Std.Tactic.Do.Syntax
Std.Data.String.ToNat	Std/Data/String/ToNat.cs	105	Init.Data.String.Slice,Init.Data.String.Search,Init.Data.Nat.ToString,Init.Data.String.Slice,Init.Data.String.Search,Init.Data.String.Lemmas.Iterate,Std.Tactic.Do,Init.Data.List.Sublist
Std.Data.String.ToInt	Std/Data/String/ToInt.cs	115	Init.Data.String.Slice,Init.Data.String.Search,Init.Data.ToString.Extra,Init.Data.String.TakeDrop,Init.Data.String.Slice,Init.Data.String.Search,Std.Data.String.ToNat,Init.Data.String.Lemmas.Pattern.TakeDrop.Basic,Init.Data.String.Lemmas.Pattern.TakeDrop.Char,Init.Data.Int.ToString
Std.Data.String	Std/Data/String.cs	29	Std.Data.String.ToNat,Std.Data.String.ToInt
Std.Data	Std/Data.cs	139	Std.Data.DHashMap,Std.Data.HashMap,Std.Data.HashSet,Std.Data.DTreeMap,Std.Data.TreeMap,Std.Data.TreeSet,Std.Data.ExtDHashMap,Std.Data.ExtHashMap,Std.Data.ExtHashSet,Std.Data.ExtDTreeMap,Std.Data.ExtTreeMap,Std.Data.ExtTreeSet,Std.Data.DHashMap.RawLemmas,Std.Data.DHashMap.RawDecidableEquiv,Std.Data.HashMap.RawLemmas,Std.Data.HashMap.RawDecidableEquiv,Std.Data.HashSet.RawLemmas,Std.Data.HashSet.RawDecidableEquiv,Std.Data.DTreeMap.Raw,Std.Data.TreeMap.Raw,Std.Data.TreeSet.Raw,Std.Data.Iterators,Std.Data.ByteSlice,Std.Data.String
Std.Sat.AIG.Basic	Std/Sat/AIG/Basic.cs	7331	Std.Data.HashSet,Init.Data.Vector.Basic,Init.Data.Hashable,Init.Data.String.Defs,Init.Data.ToString.Macro,Init.Omega
Std.Sat.AIG.LawfulOperator	Std/Sat/AIG/LawfulOperator.cs	107	Std.Sat.AIG.Basic,Init.Omega
Std.Sat.AIG.Lemmas	Std/Sat/AIG/Lemmas.cs	147	Std.Sat.AIG.LawfulOperator,Init.Omega
Std.Sat.AIG.Cached	Std/Sat/AIG/Cached.cs	767	Std.Sat.AIG.Lemmas,Init.Omega
Std.Sat.AIG.CachedLemmas	Std/Sat/AIG/CachedLemmas.cs	424	Std.Sat.AIG.Cached,Init.Data.Nat.Order,Init.Data.Order.Lemmas
Std.Sat.AIG.CachedGates	Std/Sat/AIG/CachedGates.cs	2058	Std.Sat.AIG.CachedLemmas
Std.Sat.AIG.CachedGatesLemmas	Std/Sat/AIG/CachedGatesLemmas.cs	29	Std.Sat.AIG.CachedGates,Init.Omega
Std.Sat.CNF.Literal	Std/Sat/CNF/Literal.cs	237	Init.Data.Hashable,Init.Data.ToString
Std.Sat.CNF.Basic	Std/Sat/CNF/Basic.cs	2209	Std.Sat.CNF.Literal,Init.Data.Prod,Init.Data.Array.Lemmas,Init.Data.Array.Bootstrap,Init.Data.List.Range,Init.Data.List.Nat.Range,Init.Data.ByteArray.Lemmas,Init.Data.List.Sublist,Init.Data.List.TakeDrop,Init.Omega,Init.ByCases
Std.Sat.CNF.Sat	Std/Sat/CNF/Sat.cs	304	Std.Sat.CNF.Basic,Init.ByCases
Std.Sat.CNF.Relabel	Std/Sat/CNF/Relabel.cs	259	Std.Sat.CNF.Basic,Std.Sat.CNF.Sat,Init.Data.List.Nat.Range
Std.Sat.CNF.RelabelFin	Std/Sat/CNF/RelabelFin.cs	513	Init.Data.Nat.Order,Std.Sat.CNF.Relabel,Init.Data.Option.Lemmas,Init.Omega,Init.Data.List.Impl,Init.Data.List.MinMax,Init.Data.Array.MinMax,Init.TacticsExtra
Std.Sat.CNF.Dimacs	Std/Sat/CNF/Dimacs.cs	607	Std.Sat.CNF.RelabelFin
Std.Sat.CNF.Entails	Std/Sat/CNF/Entails.cs	24	Std.Sat.CNF.Sat
Std.Sat.CNF.Unit	Std/Sat/CNF/Unit.cs	116	Std.Sat.CNF.Basic,Std.Sat.CNF.Sat,Std.Sat.CNF.Relabel,Std.Sat.CNF.Entails,Init.ByCases
Std.Sat.CNF.Negation	Std/Sat/CNF/Negation.cs	151	Std.Sat.CNF.Basic,Std.Sat.CNF.Sat,Std.Sat.CNF.Entails,Std.Sat.CNF.Unit,Init.Data.Array.MapIdx
Std.Sat.CNF.Redundancy	Std/Sat/CNF/Redundancy.cs	29	Std.Sat.CNF.Negation,Init.ByCases
Std.Sat.CNF	Std/Sat/CNF.cs	69	Std.Sat.CNF.Basic,Std.Sat.CNF.Literal,Std.Sat.CNF.Sat,Std.Sat.CNF.Relabel,Std.Sat.CNF.RelabelFin,Std.Sat.CNF.Dimacs,Std.Sat.CNF.Entails,Std.Sat.CNF.Unit,Std.Sat.CNF.Negation,Std.Sat.CNF.Redundancy
Std.Sat.AIG.CNF	Std/Sat/AIG/CNF.cs	3520	Std.Sat.CNF,Std.Sat.AIG.Lemmas,Init.ByCases,Init.Omega
Std.Sat.AIG.Relabel	Std/Sat/AIG/Relabel.cs	532	Std.Sat.AIG.Lemmas,Init.ByCases,Init.Omega
Std.Sat.AIG.RelabelNat	Std/Sat/AIG/RelabelNat.cs	938	Std.Sat.AIG.Relabel,Init.ByCases,Init.Omega
Std.Sat.AIG.RefVec	Std/Sat/AIG/RefVec.cs	834	Std.Sat.AIG.CachedGatesLemmas,Init.Data.Vector.Lemmas,Init.ByCases,Init.Omega
Std.Sat.AIG.LawfulVecOperator	Std/Sat/AIG/LawfulVecOperator.cs	29	Std.Sat.AIG.RefVec,Init.Omega
Std.Sat.AIG.RefVecOperator.Map	Std/Sat/AIG/RefVecOperator/Map.cs	185	Std.Sat.AIG.LawfulVecOperator,Init.Omega
Std.Sat.AIG.RefVecOperator.Zip	Std/Sat/AIG/RefVecOperator/Zip.cs	219	Std.Sat.AIG.LawfulVecOperator,Init.Omega
Std.Sat.AIG.RefVecOperator.Fold	Std/Sat/AIG/RefVecOperator/Fold.cs	185	Std.Sat.AIG.LawfulVecOperator,Init.Omega
Std.Sat.AIG.RefVecOperator	Std/Sat/AIG/RefVecOperator.cs	34	Std.Sat.AIG.RefVecOperator.Map,Std.Sat.AIG.RefVecOperator.Zip,Std.Sat.AIG.RefVecOperator.Fold
Std.Sat.AIG.If	Std/Sat/AIG/If.cs	576	Std.Sat.AIG.LawfulVecOperator,Init.Omega
Std.Sat.AIG	Std/Sat/AIG.cs	89	Std.Sat.AIG.Basic,Std.Sat.AIG.LawfulOperator,Std.Sat.AIG.Lemmas,Std.Sat.AIG.Cached,Std.Sat.AIG.CachedLemmas,Std.Sat.AIG.CachedGates,Std.Sat.AIG.CachedGatesLemmas,Std.Sat.AIG.CNF,Std.Sat.AIG.Relabel,Std.Sat.AIG.RelabelNat,Std.Sat.AIG.RefVec,Std.Sat.AIG.RefVecOperator,Std.Sat.AIG.LawfulVecOperator,Std.Sat.AIG.If
Std.Sat	Std/Sat.cs	29	Std.Sat.AIG,Std.Sat.CNF
Std.Sync.Basic	Std/Sync/Basic.cs	24	Init.System.IO
Std.Sync.Mutex	Std/Sync/Mutex.cs	768	Std.Sync.Basic,Init.While
Std.Async.Basic	Std/Async/Basic.cs	16051	Init.System.Promise,Init.While
Std.Async.Select	Std/Async/Select.cs	5714	Init.Data.Random,Std.Async.Basic,Init.Data.ByteArray.Extra,Init.Data.Array.Lemmas,Init.Omega
Std.Async.IO	Std/Async/IO.cs	24	Std.Async.Select
Std.Sync.Channel	Std/Sync/Channel.cs	16054	Init.Data.Queue,Std.Sync.Mutex,Std.Async.IO,Init.Data.Vector.Basic,Init.Data.Option.BasicAux,Init.Omega
Std.Sync.RecursiveMutex	Std/Sync/RecursiveMutex.cs	422	Std.Sync.Basic
Std.Sync.Barrier	Std/Sync/Barrier.cs	389	Std.Sync.Mutex
Std.Sync.Semaphore	Std/Sync/Semaphore.cs	616	Init.Data.Queue,Init.System.Promise,Std.Sync.Mutex
Std.Sync.SharedMutex	Std/Sync/SharedMutex.cs	652	Std.Sync.Basic
Std.Sync.Notify	Std/Sync/Notify.cs	2320	Init.Data.Queue,Std.Sync.Mutex,Std.Async.Select
Std.Sync.Broadcast	Std/Sync/Broadcast.cs	18678	Std.Data,Init.Data.Queue,Init.Data.Vector,Std.Sync.Mutex,Std.Async.IO
Std.Sync.StreamMap	Std/Sync/StreamMap.cs	1726	Std.Data,Init.Data.Queue,Std.Async.IO
Std.Sync.CancellationToken	Std/Sync/CancellationToken.cs	3876	Std.Data,Init.Data.Queue,Std.Sync.Mutex,Std.Async.Select,Init.Data.ToString.Macro
Std.Sync.CancellationContext	Std/Sync/CancellationContext.cs	5819	Std.Sync.CancellationToken,Init.Data.Ord.UInt
Std.Sync	Std/Sync.cs	79	Std.Sync.Basic,Std.Sync.Channel,Std.Sync.Mutex,Std.Sync.RecursiveMutex,Std.Sync.Barrier,Std.Sync.Semaphore,Std.Sync.SharedMutex,Std.Sync.Notify,Std.Sync.Broadcast,Std.Sync.StreamMap,Std.Sync.CancellationToken,Std.Sync.CancellationContext
Std.Time.Internal.Bounded	Std/Time/Internal/Bounded.cs	2296	Init.Data.Int.DivMod.Lemmas,Init.Data.Order.Ord,Init.Data.Int.Repr,Init.Omega,Init.Ext
Std.Time.Internal.UnitVal	Std/Time/Internal/UnitVal.cs	991	Init.Data.Order.Ord,Init.Data.Rat.Basic
Std.Time.Internal	Std/Time/Internal.cs	29	Std.Time.Internal.Bounded,Std.Time.Internal.UnitVal
Std.Time.Time.Unit.Nanosecond	Std/Time/Time/Unit/Nanosecond.cs	1457	Std.Time.Internal
Std.Time.Time.Unit.Second	Std/Time/Time/Unit/Second.cs	1220	Std.Time.Time.Unit.Nanosecond
Std.Time.Time.Unit.Minute	Std/Time/Time/Unit/Minute.cs	1052	Std.Time.Time.Unit.Second
Std.Time.Time.Unit.Hour	Std/Time/Time/Unit/Hour.cs	1208	Std.Time.Time.Unit.Minute
Std.Time.Time.Unit.Millisecond	Std/Time/Time/Unit/Millisecond.cs	1049	Std.Time.Time.Unit.Nanosecond
Std.Time.Time.Unit.Basic	Std/Time/Time/Unit/Basic.cs	889	Std.Time.Time.Unit.Hour,Std.Time.Time.Unit.Millisecond
Std.Time.Time.Basic	Std/Time/Time/Basic.cs	24	Std.Time.Time.Unit.Basic
Std.Time.Time.HourMarker	Std/Time/Time/HourMarker.cs	916	Std.Time.Time.Basic
Std.Time.Time.PlainTime	Std/Time/Time/PlainTime.cs	2507	Std.Time.Time.Basic
Std.Time.Time	Std/Time/Time.cs	34	Std.Time.Time.Basic,Std.Time.Time.HourMarker,Std.Time.Time.PlainTime
Std.Time.Date.Unit.Day	Std/Time/Date/Unit/Day.cs	2296	Std.Time.Time
Std.Time.Date.Unit.Month	Std/Time/Date/Unit/Month.cs	4011	Std.Time.Date.Unit.Day,Init.Data.Fin.Lemmas
Std.Time.Date.Unit.Year	Std/Time/Date/Unit/Year.cs	1269	Std.Time.Date.Unit.Month
Std.Time.Date.Unit.Weekday	Std/Time/Date/Unit/Weekday.cs	2773	Std.Time.Date.Unit.Day
Std.Time.Date.Unit.Week	Std/Time/Date/Unit/Week.cs	2304	Std.Time.Date.Unit.Day
Std.Time.Date.Unit.Basic	Std/Time/Date/Unit/Basic.cs	83	Std.Time.Date.Unit.Year,Std.Time.Date.Unit.Weekday,Std.Time.Date.Unit.Week
Std.Time.Date.ValidDate	Std/Time/Date/ValidDate.cs	670	Std.Time.Date.Unit.Month,Std.Time.Date.Unit.Month,Init.Data.Bool
Std.Time.Date.Basic	Std/Time/Date/Basic.cs	4029	Std.Time.Date.Unit.Basic,Std.Time.Date.ValidDate
Std.Time.Date.PlainDate	Std/Time/Date/PlainDate.cs	4292	Std.Time.Date.Basic,Std.Time.Date.Unit.Month,Std.Time.Date.Unit.Year
Std.Time.Date	Std/Time/Date.cs	29	Std.Time.Date.Basic,Std.Time.Date.PlainDate
Std.Time.Duration	Std/Time/Duration.cs	2868	Std.Time.Date,Init.Data.String.Basic,Init.Data.String.Length
Std.Time.DateTime.WallTime	Std/Time/DateTime/WallTime.cs	2077	Init.System.IO,Std.Time.Duration
Std.Time.DateTime.Timestamp	Std/Time/DateTime/Timestamp.cs	2207	Init.System.IO,Std.Time.Duration,Std.Time.DateTime.WallTime
Std.Time.Zoned.TimeZone	Std/Time/Zoned/TimeZone.cs	1444	Std.Time.Time,Std.Time.DateTime.Timestamp
Std.Time.Zoned.RecurringRule	Std/Time/Zoned/RecurringRule.cs	2469	Std.Time.Date.Unit.Month,Std.Time.Date.Unit.Week,Std.Time.Date.Unit.Weekday,Std.Time.Zoned.TimeZone,Std.Time.Date
Std.Time.Zoned.ZoneRules	Std/Time/Zoned/ZoneRules.cs	3699	Std.Time.Zoned.TimeZone,Std.Time.DateTime.Timestamp,Std.Time.DateTime.WallTime,Std.Time.Zoned.RecurringRule
Std.Internal.Parsec.Basic	Std/Internal/Parsec/Basic.cs	3932	Init.NotationExtra,Init.Data.ToString.Macro,Init.Data.Array.Basic
Std.Internal.Parsec.String	Std/Internal/Parsec/String.cs	1871	Std.Internal.Parsec.Basic,Init.Data.String.Slice,Init.Data.String.Termination,Init.Data.String.Length
Std.Internal.Parsec.ByteArray	Std/Internal/Parsec/ByteArray.cs	4237	Std.Internal.Parsec.Basic,Init.Data.String.Basic,Std.Data.ByteSlice,Init.Omega
Std.Internal.Parsec	Std/Internal/Parsec.cs	34	Std.Internal.Parsec.Basic,Std.Internal.Parsec.String,Std.Internal.Parsec.ByteArray
Std.Time.Zoned.Database.TzIf	Std/Time/Zoned/Database/TzIf.cs	8828	Init.Data.Range.Polymorphic.Iterators,Std.Internal.Parsec,Init.Data.Int.Repr
Std.Time.Zoned.Database.PosixTz	Std/Time/Zoned/Database/PosixTz.cs	5015	Std.Internal.Parsec,Std.Time.Zoned.ZoneRules
Std.Time.Zoned.Database.Basic	Std/Time/Zoned/Database/Basic.cs	954	Std.Time.Zoned.ZoneRules,Std.Time.Zoned.Database.TzIf,Std.Time.Zoned.Database.PosixTz
Std.Time.Zoned.Database.TZdb	Std/Time/Zoned/Database/TZdb.cs	2601	Std.Time.Zoned.Database.Basic,Init.Data.String.TakeDrop
Std.Time.Zoned.Database.Windows	Std/Time/Zoned/Database/Windows.cs	851	Init.Data.SInt.Basic,Std.Time.Zoned.Database.Basic,Init.While
Std.Time.DateTime.PlainDateTime	Std/Time/DateTime/PlainDateTime.cs	5801	Std.Time.DateTime.WallTime
Std.Time.DateTime	Std/Time/DateTime.cs	6622	Std.Time.Zoned.ZoneRules,Std.Time.DateTime.PlainDateTime
Std.Time.Zoned.Database	Std/Time/Zoned/Database.cs	176	Std.Time.Zoned.Database.Basic,Std.Time.Zoned.Database.TZdb,Std.Time.Zoned.Database.Windows,Std.Time.DateTime,Init.System.Platform
Std.Time.Zoned	Std/Time/Zoned.cs	1539	Std.Time.Zoned.ZoneRules,Std.Time.Zoned.Database,Std.Time.DateTime
Std.Time.Format.Modifier	Std/Time/Format/Modifier.cs	22763	Std.Time.Zoned,Init.Data.String.Search
Std.Time.Format.DateFormat	Std/Time/Format/DateFormat.cs	1883	Init.Data.Vector.Extract,Std.Time.Date.Unit.Weekday
Std.Time.Format.Basic	Std/Time/Format/Basic.cs	26630	Std.Time.Zoned,Std.Time.Format.Modifier,Std.Time.Format.DateFormat,Init.Data.String.TakeDrop,Init.Data.String.Search
Std.Time.Notation.Spec	Std/Time/Notation/Spec.cs	12409	Std.Time.Format.Basic,Std.Time.Format.Basic
Std.Time.Format	Std/Time/Format.cs	8575	Std.Time.Notation.Spec,Std.Time.Format.Basic,Std.Time.Format.Basic
Std.Time.Notation	Std/Time/Notation.cs	15523	Std.Time.Format,Std.Time.Format
Std.Time	Std/Time.cs	59	Std.Time.Time,Std.Time.Date,Std.Time.Zoned,Std.Time.Format,Std.Time.DateTime,Std.Time.Notation,Std.Time.Duration,Std.Time.Zoned.Database
Std.Tactic.BVDecide.Bitblast.BoolExpr.Basic	Std/Tactic/BVDecide/Bitblast/BoolExpr/Basic.cs	1620	Init.Data.String.Basic,Init.Data.Hashable
Std.Tactic.BVDecide.Bitblast.BoolExpr	Std/Tactic/BVDecide/Bitblast/BoolExpr.cs	24	Std.Tactic.BVDecide.Bitblast.BoolExpr.Basic
Std.Tactic.BVDecide.Bitblast.BVExpr.Basic	Std/Tactic/BVDecide/Bitblast/BVExpr/Basic.cs	6851	Init.Data.Hashable,Std.Tactic.BVDecide.Bitblast.BoolExpr.Basic,Init.Data.RArray,Init.Data.ToString.Macro,Init.Data.BitVec.Lemmas,Init.Omega
Std.Tactic.BVDecide.Bitblast.BVExpr.Circuit.Impl.Operations.GetLsbD	Std/Tactic/BVDecide/Bitblast/BVExpr/Circuit/Impl/Operations/GetLsbD.cs	100	Std.Sat.AIG.RefVec
Std.Tactic.BVDecide.Bitblast.BVExpr.Circuit.Impl.Var	Std/Tactic/BVDecide/Bitblast/BVExpr/Circuit/Impl/Var.cs	870	Std.Tactic.BVDecide.Bitblast.BVExpr.Basic,Std.Sat.AIG.LawfulVecOperator,Init.Omega
Std.Tactic.BVDecide.Bitblast.BVExpr.Circuit.Impl.Operations.ShiftRight	Std/Tactic/BVDecide/Bitblast/BVExpr/Circuit/Impl/Operations/ShiftRight.cs	936	Std.Tactic.BVDecide.Bitblast.BVExpr.Basic,Std.Sat.AIG.If,Init.Omega
Std.Tactic.BVDecide.Bitblast.BVExpr.Circuit.Impl.Operations.Append	Std/Tactic/BVDecide/Bitblast/BVExpr/Circuit/Impl/Operations/Append.cs	123	Std.Tactic.BVDecide.Bitblast.BVExpr.Basic,Std.Sat.AIG.LawfulVecOperator,Init.Data.Nat.Order,Init.Data.Order.Lemmas
Std.Tactic.BVDecide.Bitblast.BVExpr.Circuit.Impl.Operations.Replicate	Std/Tactic/BVDecide/Bitblast/BVExpr/Circuit/Impl/Operations/Replicate.cs	179	Std.Tactic.BVDecide.Bitblast.BVExpr.Basic,Std.Sat.AIG.LawfulVecOperator,Init.Omega
Std.Tactic.BVDecide.Bitblast.BVExpr.Circuit.Impl.Operations.Extract	Std/Tactic/BVDecide/Bitblast/BVExpr/Circuit/Impl/Operations/Extract.cs	187	Std.Tactic.BVDecide.Bitblast.BVExpr.Basic,Std.Sat.AIG.LawfulVecOperator,Init.Omega
Std.Tactic.BVDecide.Bitblast.BVExpr.Circuit.Impl.Operations.RotateLeft	Std/Tactic/BVDecide/Bitblast/BVExpr/Circuit/Impl/Operations/RotateLeft.cs	265	Std.Tactic.BVDecide.Bitblast.BVExpr.Basic,Std.Sat.AIG.LawfulVecOperator,Init.Omega
Std.Tactic.BVDecide.Bitblast.BVExpr.Circuit.Impl.Operations.RotateRight	Std/Tactic/BVDecide/Bitblast/BVExpr/Circuit/Impl/Operations/RotateRight.cs	262	Std.Tactic.BVDecide.Bitblast.BVExpr.Basic,Std.Sat.AIG.LawfulVecOperator,Init.Omega
Std.Tactic.BVDecide.Bitblast.BVExpr.Circuit.Impl.Operations.Add	Std/Tactic/BVDecide/Bitblast/BVExpr/Circuit/Impl/Operations/Add.cs	1120	Std.Tactic.BVDecide.Bitblast.BVExpr.Basic,Std.Sat.AIG.LawfulVecOperator,Init.Omega
Std.Tactic.BVDecide.Bitblast.BVExpr.Circuit.Impl.Operations.ShiftLeft	Std/Tactic/BVDecide/Bitblast/BVExpr/Circuit/Impl/Operations/ShiftLeft.cs	447	Std.Tactic.BVDecide.Bitblast.BVExpr.Basic,Std.Sat.AIG.If,Init.Omega
Std.Tactic.BVDecide.Bitblast.BVExpr.Circuit.Impl.Const	Std/Tactic/BVDecide/Bitblast/BVExpr/Circuit/Impl/Const.cs	136	Std.Tactic.BVDecide.Bitblast.BVExpr.Basic,Std.Sat.AIG.LawfulVecOperator,Init.Omega
Std.Tactic.BVDecide.Bitblast.BVExpr.Circuit.Impl.Operations.Mul	Std/Tactic/BVDecide/Bitblast/BVExpr/Circuit/Impl/Operations/Mul.cs	462	Std.Tactic.BVDecide.Bitblast.BVExpr.Circuit.Impl.Operations.Add,Std.Tactic.BVDecide.Bitblast.BVExpr.Circuit.Impl.Operations.ShiftLeft,Std.Tactic.BVDecide.Bitblast.BVExpr.Circuit.Impl.Const,Init.Omega
Std.Tactic.BVDecide.Bitblast.BVExpr.Circuit.Impl.Operations.Not	Std/Tactic/BVDecide/Bitblast/BVExpr/Circuit/Impl/Operations/Not.cs	73	Std.Tactic.BVDecide.Bitblast.BVExpr.Basic,Std.Sat.AIG.RefVecOperator
Std.Tactic.BVDecide.Bitblast.BVExpr.Circuit.Impl.Operations.Neg	Std/Tactic/BVDecide/Bitblast/BVExpr/Circuit/Impl/Operations/Neg.cs	118	Std.Tactic.BVDecide.Bitblast.BVExpr.Circuit.Impl.Operations.Add,Std.Tactic.BVDecide.Bitblast.BVExpr.Circuit.Impl.Operations.Not,Std.Tactic.BVDecide.Bitblast.BVExpr.Circuit.Impl.Const
Std.Tactic.BVDecide.Bitblast.BVExpr.Circuit.Impl.Operations.Sub	Std/Tactic/BVDecide/Bitblast/BVExpr/Circuit/Impl/Operations/Sub.cs	147	Std.Tactic.BVDecide.Bitblast.BVExpr.Circuit.Impl.Operations.Neg
Std.Tactic.BVDecide.Bitblast.BVExpr.Circuit.Impl.Operations.Eq	Std/Tactic/BVDecide/Bitblast/BVExpr/Circuit/Impl/Operations/Eq.cs	78	Std.Sat.AIG.RefVecOperator
Std.Tactic.BVDecide.Bitblast.BVExpr.Circuit.Impl.Carry	Std/Tactic/BVDecide/Bitblast/BVExpr/Circuit/Impl/Carry.cs	249	Std.Tactic.BVDecide.Bitblast.BVExpr.Circuit.Impl.Operations.Add,Init.Omega
Std.Tactic.BVDecide.Bitblast.BVExpr.Circuit.Impl.Operations.Ult	Std/Tactic/BVDecide/Bitblast/BVExpr/Circuit/Impl/Operations/Ult.cs	323	Std.Tactic.BVDecide.Bitblast.BVExpr.Circuit.Impl.Carry,Std.Tactic.BVDecide.Bitblast.BVExpr.Circuit.Impl.Operations.Not
Std.Tactic.BVDecide.Bitblast.BVExpr.Circuit.Impl.Operations.ZeroExtend	Std/Tactic/BVDecide/Bitblast/BVExpr/Circuit/Impl/Operations/ZeroExtend.cs	189	Std.Tactic.BVDecide.Bitblast.BVExpr.Basic,Std.Sat.AIG.LawfulVecOperator,Init.Omega
Std.Tactic.BVDecide.Bitblast.BVExpr.Circuit.Impl.Operations.Udiv	Std/Tactic/BVDecide/Bitblast/BVExpr/Circuit/Impl/Operations/Udiv.cs	917	Std.Tactic.BVDecide.Bitblast.BVExpr.Circuit.Impl.Operations.Sub,Std.Tactic.BVDecide.Bitblast.BVExpr.Circuit.Impl.Operations.Eq,Std.Tactic.BVDecide.Bitblast.BVExpr.Circuit.Impl.Operations.Ult,Std.Tactic.BVDecide.Bitblast.BVExpr.Circuit.Impl.Operations.ZeroExtend,Std.Sat.AIG.If,Init.Omega
Std.Tactic.BVDecide.Bitblast.BVExpr.Circuit.Impl.Operations.Umod	Std/Tactic/BVDecide/Bitblast/BVExpr/Circuit/Impl/Operations/Umod.cs	225	Std.Tactic.BVDecide.Bitblast.BVExpr.Circuit.Impl.Operations.Udiv
Std.Tactic.BVDecide.Bitblast.BVExpr.Circuit.Impl.Operations.Reverse	Std/Tactic/BVDecide/Bitblast/BVExpr/Circuit/Impl/Operations/Reverse.cs	99	Std.Tactic.BVDecide.Bitblast.BVExpr.Basic,Std.Sat.AIG.LawfulVecOperator,Init.Data.Nat.Order,Init.Data.Order.Lemmas
Std.Tactic.BVDecide.Bitblast.BVExpr.Circuit.Impl.Operations.Clz	Std/Tactic/BVDecide/Bitblast/BVExpr/Circuit/Impl/Operations/Clz.cs	185	Std.Tactic.BVDecide.Bitblast.BVExpr.Circuit.Impl.Const,Std.Sat.AIG.If,Init.Omega
Std.Tactic.BVDecide.Bitblast.BVExpr.Circuit.Impl.Operations.Cpop	Std/Tactic/BVDecide/Bitblast/BVExpr/Circuit/Impl/Operations/Cpop.cs	711	Std.Tactic.BVDecide.Bitblast.BVExpr.Circuit.Impl.Const,Std.Tactic.BVDecide.Bitblast.BVExpr.Circuit.Impl.Operations.Sub,Std.Tactic.BVDecide.Bitblast.BVExpr.Circuit.Impl.Operations.Extract,Std.Tactic.BVDecide.Bitblast.BVExpr.Circuit.Impl.Operations.Append,Std.Tactic.BVDecide.Bitblast.BVExpr.Circuit.Impl.Operations.ZeroExtend,Std.Sat.AIG.If,Init.Omega
Std.Tactic.BVDecide.Bitblast.BVExpr.Circuit.Impl.Expr	Std/Tactic/BVDecide/Bitblast/BVExpr/Circuit/Impl/Expr.cs	13556	Std.Tactic.BVDecide.Bitblast.BVExpr.Circuit.Impl.Var,Std.Tactic.BVDecide.Bitblast.BVExpr.Circuit.Impl.Operations.ShiftRight,Std.Tactic.BVDecide.Bitblast.BVExpr.Circuit.Impl.Operations.Append,Std.Tactic.BVDecide.Bitblast.BVExpr.Circuit.Impl.Operations.Replicate,Std.Tactic.BVDecide.Bitblast.BVExpr.Circuit.Impl.Operations.Extract,Std.Tactic.BVDecide.Bitblast.BVExpr.Circuit.Impl.Operations.RotateLeft,Std.Tactic.BVDecide.Bitblast.BVExpr.Circuit.Impl.Operations.RotateRight,Std.Tactic.BVDecide.Bitblast.BVExpr.Circuit.Impl.Operations.Mul,Std.Tactic.BVDecide.Bitblast.BVExpr.Circuit.Impl.Operations.Umod,Std.Tactic.BVDecide.Bitblast.BVExpr.Circuit.Impl.Operations.Reverse,Std.Tactic.BVDecide.Bitblast.BVExpr.Circuit.Impl.Operations.Clz,Std.Tactic.BVDecide.Bitblast.BVExpr.Circuit.Impl.Operations.Cpop,Init.Data.Nat.Internal.Linear,Init.Omega
Std.Tactic.BVDecide.Bitblast.BVExpr.Circuit.Impl.Pred	Std/Tactic/BVDecide/Bitblast/BVExpr/Circuit/Impl/Pred.cs	4616	Std.Tactic.BVDecide.Bitblast.BVExpr.Circuit.Impl.Operations.GetLsbD,Std.Tactic.BVDecide.Bitblast.BVExpr.Circuit.Impl.Expr,Init.Omega
Std.Tactic.BVDecide.Bitblast.BVExpr.Circuit.Impl.Substructure	Std/Tactic/BVDecide/Bitblast/BVExpr/Circuit/Impl/Substructure.cs	3975	Std.Tactic.BVDecide.Bitblast.BVExpr.Circuit.Impl.Pred,Init.Omega
Std.Tactic.BVDecide.Bitblast.BVExpr.Circuit.Impl	Std/Tactic/BVDecide/Bitblast/BVExpr/Circuit/Impl.cs	24	Std.Tactic.BVDecide.Bitblast.BVExpr.Circuit.Impl.Substructure
Std.Tactic.BVDecide.Bitblast.BVExpr.Circuit.Lemmas.Basic	Std/Tactic/BVDecide/Bitblast/BVExpr/Circuit/Lemmas/Basic.cs	56	Std.Sat.AIG.Basic,Std.Tactic.BVDecide.Bitblast.BVExpr.Basic
Std.Tactic.BVDecide.Bitblast.BVExpr.Circuit.Lemmas.Var	Std/Tactic/BVDecide/Bitblast/BVExpr/Circuit/Lemmas/Var.cs	44	Std.Tactic.BVDecide.Bitblast.BVExpr.Circuit.Lemmas.Basic,Std.Tactic.BVDecide.Bitblast.BVExpr.Circuit.Impl.Var,Init.Data.BitVec.Bootstrap,Init.Data.BitVec.Lemmas,Init.Omega
Std.Tactic.BVDecide.Bitblast.BVExpr.Circuit.Lemmas.Operations.ShiftRight	Std/Tactic/BVDecide/Bitblast/BVExpr/Circuit/Lemmas/Operations/ShiftRight.cs	44	Init.Data.BitVec.Bitblast,Std.Tactic.BVDecide.Bitblast.BVExpr.Circuit.Lemmas.Basic,Std.Tactic.BVDecide.Bitblast.BVExpr.Circuit.Impl.Operations.ShiftRight,Init.Data.BitVec.Bootstrap,Init.Omega
Std.Tactic.BVDecide.Bitblast.BVExpr.Circuit.Lemmas.Operations.Append	Std/Tactic/BVDecide/Bitblast/BVExpr/Circuit/Lemmas/Operations/Append.cs	34	Std.Tactic.BVDecide.Bitblast.BVExpr.Circuit.Lemmas.Basic,Std.Tactic.BVDecide.Bitblast.BVExpr.Circuit.Impl.Operations.Append,Init.Omega
Std.Tactic.BVDecide.Bitblast.BVExpr.Circuit.Lemmas.Operations.Replicate	Std/Tactic/BVDecide/Bitblast/BVExpr/Circuit/Lemmas/Operations/Replicate.cs	44	Std.Tactic.BVDecide.Bitblast.BVExpr.Circuit.Lemmas.Basic,Std.Tactic.BVDecide.Bitblast.BVExpr.Circuit.Impl.Operations.Replicate,Init.ByCases,Init.Data.Nat.Mod,Init.Omega
Std.Tactic.BVDecide.Bitblast.BVExpr.Circuit.Lemmas.Operations.Extract	Std/Tactic/BVDecide/Bitblast/BVExpr/Circuit/Lemmas/Operations/Extract.cs	34	Std.Tactic.BVDecide.Bitblast.BVExpr.Circuit.Lemmas.Basic,Std.Tactic.BVDecide.Bitblast.BVExpr.Circuit.Impl.Operations.Extract,Init.Omega
Std.Tactic.BVDecide.Bitblast.BVExpr.Circuit.Lemmas.Operations.RotateLeft	Std/Tactic/BVDecide/Bitblast/BVExpr/Circuit/Lemmas/Operations/RotateLeft.cs	34	Std.Tactic.BVDecide.Bitblast.BVExpr.Circuit.Lemmas.Basic,Std.Tactic.BVDecide.Bitblast.BVExpr.Circuit.Impl.Operations.RotateLeft,Init.Omega
Std.Tactic.BVDecide.Bitblast.BVExpr.Circuit.Lemmas.Operations.RotateRight	Std/Tactic/BVDecide/Bitblast/BVExpr/Circuit/Lemmas/Operations/RotateRight.cs	34	Std.Tactic.BVDecide.Bitblast.BVExpr.Circuit.Lemmas.Basic,Std.Tactic.BVDecide.Bitblast.BVExpr.Circuit.Impl.Operations.RotateRight,Init.Omega
Std.Tactic.BVDecide.Bitblast.BVExpr.Circuit.Lemmas.Operations.Add	Std/Tactic/BVDecide/Bitblast/BVExpr/Circuit/Lemmas/Operations/Add.cs	39	Init.Data.BitVec.Bitblast,Std.Tactic.BVDecide.Bitblast.BVExpr.Circuit.Lemmas.Basic,Std.Tactic.BVDecide.Bitblast.BVExpr.Circuit.Impl.Operations.Add,Init.Omega
Std.Tactic.BVDecide.Bitblast.BVExpr.Circuit.Lemmas.Operations.ShiftLeft	Std/Tactic/BVDecide/Bitblast/BVExpr/Circuit/Lemmas/Operations/ShiftLeft.cs	44	Init.Data.BitVec.Bitblast,Std.Tactic.BVDecide.Bitblast.BVExpr.Circuit.Lemmas.Basic,Std.Tactic.BVDecide.Bitblast.BVExpr.Circuit.Impl.Operations.ShiftLeft,Init.Data.BitVec.Bootstrap,Init.Omega
Std.Tactic.BVDecide.Bitblast.BVExpr.Circuit.Lemmas.Const	Std/Tactic/BVDecide/Bitblast/BVExpr/Circuit/Lemmas/Const.cs	34	Std.Tactic.BVDecide.Bitblast.BVExpr.Circuit.Lemmas.Basic,Std.Tactic.BVDecide.Bitblast.BVExpr.Circuit.Impl.Const,Init.Omega
Std.Tactic.BVDecide.Bitblast.BVExpr.Circuit.Lemmas.Operations.Mul	Std/Tactic/BVDecide/Bitblast/BVExpr/Circuit/Lemmas/Operations/Mul.cs	49	Std.Tactic.BVDecide.Bitblast.BVExpr.Circuit.Lemmas.Operations.Add,Std.Tactic.BVDecide.Bitblast.BVExpr.Circuit.Lemmas.Operations.ShiftLeft,Std.Tactic.BVDecide.Bitblast.BVExpr.Circuit.Lemmas.Const,Std.Tactic.BVDecide.Bitblast.BVExpr.Circuit.Impl.Operations.Mul,Init.Data.BitVec.Bootstrap,Init.Omega
Std.Tactic.BVDecide.Bitblast.BVExpr.Circuit.Lemmas.Operations.Not	Std/Tactic/BVDecide/Bitblast/BVExpr/Circuit/Lemmas/Operations/Not.cs	29	Std.Tactic.BVDecide.Bitblast.BVExpr.Circuit.Lemmas.Basic,Std.Tactic.BVDecide.Bitblast.BVExpr.Circuit.Impl.Operations.Not
Std.Tactic.BVDecide.Bitblast.BVExpr.Circuit.Lemmas.Operations.Neg	Std/Tactic/BVDecide/Bitblast/BVExpr/Circuit/Lemmas/Operations/Neg.cs	39	Std.Tactic.BVDecide.Bitblast.BVExpr.Circuit.Lemmas.Const,Std.Tactic.BVDecide.Bitblast.BVExpr.Circuit.Impl.Operations.Neg,Std.Tactic.BVDecide.Bitblast.BVExpr.Circuit.Lemmas.Operations.Not,Std.Tactic.BVDecide.Bitblast.BVExpr.Circuit.Lemmas.Operations.Add
Std.Tactic.BVDecide.Bitblast.BVExpr.Circuit.Lemmas.Operations.Sub	Std/Tactic/BVDecide/Bitblast/BVExpr/Circuit/Lemmas/Operations/Sub.cs	29	Std.Tactic.BVDecide.Bitblast.BVExpr.Circuit.Lemmas.Operations.Neg,Std.Tactic.BVDecide.Bitblast.BVExpr.Circuit.Impl.Operations.Sub
Std.Tactic.BVDecide.Bitblast.BVExpr.Circuit.Lemmas.Operations.ZeroExtend	Std/Tactic/BVDecide/Bitblast/BVExpr/Circuit/Lemmas/Operations/ZeroExtend.cs	34	Std.Tactic.BVDecide.Bitblast.BVExpr.Circuit.Lemmas.Basic,Std.Tactic.BVDecide.Bitblast.BVExpr.Circuit.Impl.Operations.ZeroExtend,Init.Omega
Std.Tactic.BVDecide.Bitblast.BVExpr.Circuit.Lemmas.Operations.Eq	Std/Tactic/BVDecide/Bitblast/BVExpr/Circuit/Lemmas/Operations/Eq.cs	34	Std.Tactic.BVDecide.Bitblast.BVExpr.Circuit.Lemmas.Basic,Std.Tactic.BVDecide.Bitblast.BVExpr.Circuit.Impl.Operations.Eq,Init.Data.BitVec.Bootstrap
Std.Tactic.BVDecide.Bitblast.BVExpr.Circuit.Lemmas.Carry	Std/Tactic/BVDecide/Bitblast/BVExpr/Circuit/Lemmas/Carry.cs	34	Std.Tactic.BVDecide.Bitblast.BVExpr.Circuit.Lemmas.Operations.Add,Std.Tactic.BVDecide.Bitblast.BVExpr.Circuit.Impl.Carry,Init.Omega
Std.Tactic.BVDecide.Bitblast.BVExpr.Circuit.Lemmas.Operations.Ult	Std/Tactic/BVDecide/Bitblast/BVExpr/Circuit/Lemmas/Operations/Ult.cs	34	Std.Tactic.BVDecide.Bitblast.BVExpr.Circuit.Lemmas.Carry,Std.Tactic.BVDecide.Bitblast.BVExpr.Circuit.Lemmas.Operations.Not,Std.Tactic.BVDecide.Bitblast.BVExpr.Circuit.Impl.Operations.Ult
Std.Tactic.BVDecide.Bitblast.BVExpr.Circuit.Lemmas.Operations.GetLsbD	Std/Tactic/BVDecide/Bitblast/BVExpr/Circuit/Lemmas/Operations/GetLsbD.cs	39	Std.Tactic.BVDecide.Bitblast.BVExpr.Circuit.Lemmas.Basic,Std.Tactic.BVDecide.Bitblast.BVExpr.Circuit.Impl.Operations.GetLsbD,Init.Data.BitVec.Bootstrap,Init.Omega
Std.Tactic.BVDecide.Normalize.Bool	Std/Tactic/BVDecide/Normalize/Bool.cs	39	Init.Data.BitVec.Lemmas,Init.Data.BitVec.Package,Init.Data.BitVec.Decidable,Init.Data.BEq
Std.Tactic.BVDecide.Syntax	Std/Tactic/BVDecide/Syntax.cs	210	Init.Simproc,Init.Grind.Tactics,Init.MetaTypes,Init.Data.Nat.Bitwise.Basic
Std.Tactic.BVDecide.Normalize.Canonicalize	Std/Tactic/BVDecide/Normalize/Canonicalize.cs	44	Init.Data.BitVec.Lemmas,Init.Data.BitVec.Package,Std.Tactic.BVDecide.Syntax,Init.Data.BitVec.Bootstrap,Init.PropLemmas
Std.Tactic.BVDecide.Normalize.BitVec	Std/Tactic/BVDecide/Normalize/BitVec.cs	54	Init.Data.BitVec.Bitblast,Init.Data.AC,Std.Tactic.BVDecide.Normalize.Bool,Std.Tactic.BVDecide.Normalize.Canonicalize,Init.Data.SInt.Basic,Init.ByCases,Init.Omega
Std.Tactic.BVDecide.Bitblast.BVExpr.Circuit.Lemmas.Operations.Udiv	Std/Tactic/BVDecide/Bitblast/BVExpr/Circuit/Lemmas/Operations/Udiv.cs	139	Std.Tactic.BVDecide.Bitblast.BVExpr.Circuit.Lemmas.Operations.Sub,Std.Tactic.BVDecide.Bitblast.BVExpr.Circuit.Lemmas.Operations.ZeroExtend,Std.Tactic.BVDecide.Bitblast.BVExpr.Circuit.Lemmas.Operations.Eq,Std.Tactic.BVDecide.Bitblast.BVExpr.Circuit.Lemmas.Operations.Ult,Std.Tactic.BVDecide.Bitblast.BVExpr.Circuit.Lemmas.Operations.GetLsbD,Std.Tactic.BVDecide.Bitblast.BVExpr.Circuit.Impl.Operations.Udiv,Std.Tactic.BVDecide.Bitblast.BVExpr.Circuit.Impl.Operations.Udiv,Std.Tactic.BVDecide.Normalize.BitVec,Init.ByCases,Init.Data.Nat.Internal.Linear
Std.Tactic.BVDecide.Bitblast.BVExpr.Circuit.Lemmas.Operations.Umod	Std/Tactic/BVDecide/Bitblast/BVExpr/Circuit/Lemmas/Operations/Umod.cs	102	Std.Tactic.BVDecide.Bitblast.BVExpr.Circuit.Lemmas.Operations.Udiv,Std.Tactic.BVDecide.Bitblast.BVExpr.Circuit.Impl.Operations.Udiv,Std.Tactic.BVDecide.Bitblast.BVExpr.Circuit.Impl.Operations.Umod
Std.Tactic.BVDecide.Bitblast.BVExpr.Circuit.Lemmas.Operations.Reverse	Std/Tactic/BVDecide/Bitblast/BVExpr/Circuit/Lemmas/Operations/Reverse.cs	34	Std.Tactic.BVDecide.Bitblast.BVExpr.Circuit.Lemmas.Basic,Std.Tactic.BVDecide.Bitblast.BVExpr.Circuit.Impl.Operations.Reverse,Init.Omega
Std.Tactic.BVDecide.Bitblast.BVExpr.Circuit.Lemmas.Operations.Clz	Std/Tactic/BVDecide/Bitblast/BVExpr/Circuit/Lemmas/Operations/Clz.cs	44	Std.Tactic.BVDecide.Bitblast.BVExpr.Circuit.Impl.Operations.Clz,Std.Tactic.BVDecide.Bitblast.BVExpr.Circuit.Lemmas.Const,Init.Data.BitVec.Lemmas,Init.Data.Int.Pow,Init.Omega
Std.Tactic.BVDecide.Bitblast.BVExpr.Circuit.Lemmas.Operations.Cpop	Std/Tactic/BVDecide/Bitblast/BVExpr/Circuit/Lemmas/Operations/Cpop.cs	69	Std.Tactic.BVDecide.Bitblast.BVExpr.Circuit.Lemmas.Basic,Std.Tactic.BVDecide.Bitblast.BVExpr.Circuit.Lemmas.Const,Std.Tactic.BVDecide.Bitblast.BVExpr.Circuit.Lemmas.Operations.Sub,Std.Tactic.BVDecide.Bitblast.BVExpr.Circuit.Lemmas.Operations.Append,Std.Tactic.BVDecide.Bitblast.BVExpr.Circuit.Lemmas.Operations.Eq,Std.Tactic.BVDecide.Bitblast.BVExpr.Circuit.Lemmas.Operations.ZeroExtend,Std.Tactic.BVDecide.Bitblast.BVExpr.Circuit.Lemmas.Operations.Extract,Std.Tactic.BVDecide.Bitblast.BVExpr.Circuit.Impl.Operations.Cpop,Init.Data.BitVec.Bootstrap,Init.Omega
Std.Tactic.BVDecide.Bitblast.BVExpr.Circuit.Lemmas.Expr	Std/Tactic/BVDecide/Bitblast/BVExpr/Circuit/Lemmas/Expr.cs	1096	Std.Tactic.BVDecide.Bitblast.BVExpr.Circuit.Lemmas.Var,Std.Tactic.BVDecide.Bitblast.BVExpr.Circuit.Lemmas.Operations.ShiftRight,Std.Tactic.BVDecide.Bitblast.BVExpr.Circuit.Lemmas.Operations.Append,Std.Tactic.BVDecide.Bitblast.BVExpr.Circuit.Lemmas.Operations.Replicate,Std.Tactic.BVDecide.Bitblast.BVExpr.Circuit.Lemmas.Operations.Extract,Std.Tactic.BVDecide.Bitblast.BVExpr.Circuit.Lemmas.Operations.RotateLeft,Std.Tactic.BVDecide.Bitblast.BVExpr.Circuit.Lemmas.Operations.RotateRight,Std.Tactic.BVDecide.Bitblast.BVExpr.Circuit.Lemmas.Operations.Mul,Std.Tactic.BVDecide.Bitblast.BVExpr.Circuit.Lemmas.Operations.Umod,Std.Tactic.BVDecide.Bitblast.BVExpr.Circuit.Lemmas.Operations.Reverse,Std.Tactic.BVDecide.Bitblast.BVExpr.Circuit.Lemmas.Operations.Clz,Std.Tactic.BVDecide.Bitblast.BVExpr.Circuit.Lemmas.Operations.Cpop,Std.Tactic.BVDecide.Bitblast.BVExpr.Circuit.Impl.Expr,Init.ByCases,Init.Data.Nat.Internal.Linear,Init.Omega
Std.Tactic.BVDecide.Bitblast.BVExpr.Circuit.Lemmas.Pred	Std/Tactic/BVDecide/Bitblast/BVExpr/Circuit/Lemmas/Pred.cs	104	Std.Tactic.BVDecide.Bitblast.BVExpr.Circuit.Lemmas.Expr,Std.Tactic.BVDecide.Bitblast.BVExpr.Circuit.Impl.Pred,Init.Omega
Std.Tactic.BVDecide.Bitblast.BVExpr.Circuit.Lemmas	Std/Tactic/BVDecide/Bitblast/BVExpr/Circuit/Lemmas.cs	29	Std.Tactic.BVDecide.Bitblast.BVExpr.Circuit.Impl,Std.Tactic.BVDecide.Bitblast.BVExpr.Circuit.Lemmas.Pred
Std.Tactic.BVDecide.Bitblast.BVExpr.Circuit	Std/Tactic/BVDecide/Bitblast/BVExpr/Circuit.cs	29	Std.Tactic.BVDecide.Bitblast.BVExpr.Circuit.Impl,Std.Tactic.BVDecide.Bitblast.BVExpr.Circuit.Lemmas
Std.Tactic.BVDecide.Bitblast.BVExpr	Std/Tactic/BVDecide/Bitblast/BVExpr.cs	29	Std.Tactic.BVDecide.Bitblast.BVExpr.Basic,Std.Tactic.BVDecide.Bitblast.BVExpr.Circuit
Std.Tactic.BVDecide.Bitblast.EfficientEval	Std/Tactic/BVDecide/Bitblast/EfficientEval.cs	1424	Std.Tactic.BVDecide.Bitblast.BVExpr.Basic,Init.System.IO,Std.Tactic.BVDecide.Bitblast.BVExpr.Circuit.Impl.Expr,Std.Data.HashMap.Basic
Std.Tactic.BVDecide.Bitblast	Std/Tactic/BVDecide/Bitblast.cs	34	Std.Tactic.BVDecide.Bitblast.BoolExpr,Std.Tactic.BVDecide.Bitblast.BVExpr,Std.Tactic.BVDecide.Bitblast.EfficientEval
Std.Tactic.BVDecide.LRAT.Actions	Std/Tactic/BVDecide/LRAT/Actions.cs	1804	Std.Sat.CNF
Std.Tactic.BVDecide.LRAT.Internal.Basic	Std/Tactic/BVDecide/LRAT/Internal/Basic.cs	391	Std.Sat.CNF.Basic,Std.Sat.CNF.Entails,Init.Omega
Std.Tactic.BVDecide.LRAT.Internal.Add	Std/Tactic/BVDecide/LRAT/Internal/Add.cs	34	Std.Tactic.BVDecide.LRAT.Internal.Basic
Std.Tactic.BVDecide.LRAT.Internal.Delete	Std/Tactic/BVDecide/LRAT/Internal/Delete.cs	172	Std.Tactic.BVDecide.LRAT.Internal.Basic,Init.ByCases
Std.Sat.CNF.SpecLemmas	Std/Sat/CNF/SpecLemmas.cs	29	Std.Sat.CNF.Basic,Std.Do.Triple.SpecLemmas
Std.Tactic.BVDecide.LRAT.Internal.Assignment	Std/Tactic/BVDecide/LRAT/Internal/Assignment.cs	2104	Std.Data.HashMap,Init.Data.Hashable,Std.Sat.CNF.Unit,Std.Sat.CNF.SpecLemmas,Std.Tactic.Do,Std.Sat.CNF.Entails,Std.Sat.CNF.Negation,Std.Sat.CNF.Redundancy
Std.Tactic.BVDecide.LRAT.Internal.Rup	Std/Tactic/BVDecide/LRAT/Internal/Rup.cs	2003	Std.Tactic.BVDecide.LRAT.Internal.Basic,Std.Tactic.BVDecide.LRAT.Internal.Assignment,Init.Omega,Init.ByCases,Std.Sat.CNF.SpecLemmas,Std.Tactic.Do
Std.Tactic.BVDecide.LRAT.Internal.Empty	Std/Tactic/BVDecide/LRAT/Internal/Empty.cs	70	Std.Tactic.BVDecide.LRAT.Internal.Rup
Std.Tactic.BVDecide.LRAT.Internal.Rat	Std/Tactic/BVDecide/LRAT/Internal/Rat.cs	1175	Std.Tactic.BVDecide.LRAT.Internal.Rup,Std.Tactic.BVDecide.LRAT.Internal.Add,Std.Tactic.Do,Std.Data.HashSet
Std.Tactic.BVDecide.LRAT.Internal.Checker	Std/Tactic/BVDecide/LRAT/Internal/Checker.cs	528	Std.Tactic.BVDecide.LRAT.Internal.Add,Std.Tactic.BVDecide.LRAT.Internal.Delete,Std.Tactic.BVDecide.LRAT.Internal.Rup,Std.Tactic.BVDecide.LRAT.Internal.Empty,Std.Tactic.BVDecide.LRAT.Internal.Rat,Std.Tactic.BVDecide.LRAT.Actions,Init.Omega
Std.Tactic.BVDecide.LRAT.Checker	Std/Tactic/BVDecide/LRAT/Checker.cs	42	Std.Tactic.BVDecide.LRAT.Internal.Checker
Std.Tactic.BVDecide.LRAT.Internal	Std/Tactic/BVDecide/LRAT/Internal.cs	59	Std.Tactic.BVDecide.LRAT.Internal.Basic,Std.Tactic.BVDecide.LRAT.Internal.Assignment,Std.Tactic.BVDecide.LRAT.Internal.Add,Std.Tactic.BVDecide.LRAT.Internal.Delete,Std.Tactic.BVDecide.LRAT.Internal.Rup,Std.Tactic.BVDecide.LRAT.Internal.Rat,Std.Tactic.BVDecide.LRAT.Internal.Empty,Std.Tactic.BVDecide.LRAT.Internal.Checker
Std.Tactic.BVDecide.LRAT.Parser	Std/Tactic/BVDecide/LRAT/Parser.cs	10291	Init.System.IO,Std.Tactic.BVDecide.LRAT.Actions,Std.Internal.Parsec
Std.Tactic.BVDecide.LRAT	Std/Tactic/BVDecide/LRAT.cs	39	Std.Tactic.BVDecide.LRAT.Actions,Std.Tactic.BVDecide.LRAT.Checker,Std.Tactic.BVDecide.LRAT.Internal,Std.Tactic.BVDecide.LRAT.Parser
Std.Tactic.BVDecide.Normalize.Equal	Std/Tactic/BVDecide/Normalize/Equal.cs	29	Init.Data.BitVec.Lemmas,Init.Data.BitVec.Package
Std.Tactic.BVDecide.Normalize.Prop	Std/Tactic/BVDecide/Normalize/Prop.cs	24	Init.SimpLemmas
Std.Tactic.BVDecide.Normalize	Std/Tactic/BVDecide/Normalize.cs	44	Std.Tactic.BVDecide.Normalize.BitVec,Std.Tactic.BVDecide.Normalize.Bool,Std.Tactic.BVDecide.Normalize.Canonicalize,Std.Tactic.BVDecide.Normalize.Equal,Std.Tactic.BVDecide.Normalize.Prop
Std.Tactic.BVDecide.Reflect	Std/Tactic/BVDecide/Reflect.cs	2335	Std.Tactic.BVDecide.LRAT.Checker,Std.Tactic.BVDecide.LRAT.Parser,Std.Tactic.BVDecide.Bitblast,Std.Sat.AIG.CNF,Std.Sat.AIG.RelabelNat
Std.Tactic.BVDecide	Std/Tactic/BVDecide.cs	49	Std.Tactic.BVDecide.Bitblast,Std.Tactic.BVDecide.LRAT,Std.Tactic.BVDecide.Normalize,Std.Tactic.BVDecide.Reflect,Std.Tactic.BVDecide.Syntax,Init.Sym.Lemmas
Std.Tactic	Std/Tactic.cs	29	Std.Tactic.BVDecide,Std.Tactic.Do
Std.Internal.UV.Loop	Std/Internal/UV/Loop.cs	43	Init.System.Promise
Std.Internal.UV.Timer	Std/Internal/UV/Timer.cs	81	Init.System.Promise
Std.Net.Addr	Std/Net/Addr.cs	1871	Init.System.IO,Init.Data.Vector.Basic
Std.Net	Std/Net.cs	24	Std.Net.Addr
Std.Internal.UV.TCP	Std/Internal/UV/TCP.cs	206	Init.System.Promise,Init.Data.SInt,Std.Net
Std.Internal.UV.UDP	Std/Internal/UV/UDP.cs	195	Init.System.Promise,Std.Net
Std.Internal.UV.System	Std/Internal/UV/System.cs	3535	Init.System.Promise,Init.Data.SInt,Std.Net
Std.Internal.UV.DNS	Std/Internal/UV/DNS.cs	55	Init.System.Promise,Init.Data.SInt,Std.Net
Std.Internal.UV.Signal	Std/Internal/UV/Signal.cs	82	Init.System.Promise,Init.Data.SInt,Std.Net
Std.Internal.UV	Std/Internal/UV.cs	54	Std.Internal.UV.Loop,Std.Internal.UV.Timer,Std.Internal.UV.TCP,Std.Internal.UV.UDP,Std.Internal.UV.System,Std.Internal.UV.DNS,Std.Internal.UV.Signal
Std.Async.Timer	Std/Async/Timer.cs	2838	Std.Time,Std.Internal.UV.Timer,Std.Async.Select
Std.Async.ContextAsync	Std/Async/ContextAsync.cs	8127	Std.Internal.UV,Std.Async.Timer,Std.Sync.CancellationContext
Std.Async.TCP	Std/Async/TCP.cs	5201	Std.Time,Std.Internal.UV.TCP,Std.Async.Select
Std.Async.UDP	Std/Async/UDP.cs	2859	Std.Time,Std.Internal.UV.UDP,Std.Async.Select
Std.Async.DNS	Std/Async/DNS.cs	913	Std.Time,Std.Internal.UV,Std.Async.Basic,Init.Data.Function
Std.Async.Process	Std/Async/Process.cs	2070	Std.Time,Std.Internal.UV.System,Std.Data.HashMap,Init.Data.Ord.UInt
Std.Async.System	Std/Async/System.cs	5752	Std.Time,Std.Internal.UV.System,Std.Data.HashMap
Std.Async.Signal	Std/Async/Signal.cs	4377	Std.Time,Std.Internal.UV.Signal,Std.Async.Select
Std.Async	Std/Async.cs	74	Std.Async.Basic,Std.Async.ContextAsync,Std.Async.Timer,Std.Async.TCP,Std.Async.UDP,Std.Async.DNS,Std.Async.Select,Std.Async.Process,Std.Async.System,Std.Async.Signal,Std.Async.IO
Std.Http.Internal.Char	Std/Http/Internal/Char.cs	3544	Init.Data.Char,Init.Data.String.Basic,Init.Data.Int.Basic,Init.Grind
Std.Http.Internal.ChunkedBuffer	Std/Http/Internal/ChunkedBuffer.cs	771	Init.Data.ToString,Init.Data.Array.Lemmas,Init.Data.String.Basic,Init.Data.ByteArray
Std.Http.Internal.LowerCase	Std/Http/Internal/LowerCase.cs	86	Init.Grind,Init.Data.Int.OfNat,Init.Data.UInt.Lemmas,Init.Data.String.Modify,Init.Data.String.Lemmas.Modify
Std.Http.Internal.IndexMultiMap	Std/Http/Internal/IndexMultiMap.cs	3667	Init.Grind,Init.Data.Int.OfNat,Std.Data.HashMap
Std.Http.Data.Version	Std/Http/Data/Version.cs	1191	Init.Data.ToString,Init.Data.String.Basic
Std.Http.Internal.Encode	Std/Http/Internal/Encode.cs	188	Std.Http.Internal.ChunkedBuffer,Std.Http.Data.Version
Std.Http.Internal.String	Std/Http/Internal/String.cs	2056	Init.Grind,Init.Data.String.TakeDrop,Std.Http.Internal.Char
Std.Http.Internal	Std/Http/Internal.cs	54	Std.Http.Internal.Char,Std.Http.Internal.ChunkedBuffer,Std.Http.Internal.LowerCase,Std.Http.Internal.IndexMultiMap,Std.Http.Internal.Encode,Std.Http.Internal.String,Std.Http.Internal.Char
Std.Http.Data.Method	Std/Http/Data/Method.cs	6898	Init.Data.ToString,Std.Http.Internal
Std.Http.Data.Extensions	Std/Http/Data/Extensions.cs	359	Init.Dynamic,Init.Data.String.Basic,Std.Data.TreeMap
Std.Http.Data.URI.Encoding	Std/Http/Data/URI/Encoding.cs	4533	Init.Grind,Init.While,Init.Data.SInt.Lemmas,Init.Data.UInt.Lemmas,Init.Data.UInt.Bitwise,Init.Data.Array.Lemmas,Init.Data.String.Basic,Std.Http.Internal.Char
Std.Http.Data.URI.Basic	Std/Http/Data/URI/Basic.cs	14707	Init.Data.ToString,Std.Net,Std.Http.Internal,Std.Http.Data.URI.Encoding,Init.Data.String.Search,Init.Data.String.Length
Std.Http.Data.URI.Config	Std/Http/Data/URI/Config.cs	24	Init.Data.Nat.Basic
Std.Http.Data.URI.Parser	Std/Http/Data/URI/Parser.cs	16202	Init.While,Init.Data.String.Basic,Std.Internal.Parsec,Std.Internal.Parsec.ByteArray,Std.Http.Data.URI.Basic,Std.Http.Data.URI.Config,Init.Data.String.Search
Std.Http.Data.URI	Std/Http/Data/URI.cs	1428	Std.Http.Data.URI.Basic,Std.Http.Data.URI.Parser
Std.Http.Data.Headers.Name	Std/Http/Data/Headers/Name.cs	2167	Init.Data.ToString,Std.Http.Internal,Init.Data.String.Search,Init.Data.String.Iter
Std.Http.Data.Headers.Value	Std/Http/Data/Headers/Value.cs	1268	Init.Data.ToString,Std.Http.Internal
Std.Http.Data.Headers.Basic	Std/Http/Data/Headers/Basic.cs	4888	Std.Http.Data.URI,Std.Http.Data.Headers.Name,Std.Http.Data.Headers.Value,Std.Internal.Parsec.Basic,Init.Data.String.Search
Std.Http.Data.Headers	Std/Http/Data/Headers.cs	6171	Std.Http.Data.Headers.Basic,Std.Http.Data.Headers.Name,Std.Http.Data.Headers.Value
Std.Http.Data.Request	Std/Http/Data/Request.cs	6300	Std.Http.Data.Extensions,Std.Http.Data.Method,Std.Http.Data.Version,Std.Http.Data.Headers,Std.Http.Data.URI
Std.Http.Data.Status	Std/Http/Data/Status.cs	10637	Std.Http.Internal
Std.Http.Data.Response	Std/Http/Data/Response.cs	3406	Std.Http.Data.Extensions,Std.Http.Data.Status,Std.Http.Data.Version,Std.Http.Data.Headers
Std.Http.Data.Chunk	Std/Http/Data/Chunk.cs	3270	Std.Http.Internal,Std.Http.Data.Headers,Std.Http.Internal.String
Std.Http.Data.Body.Length	Std/Http/Data/Body/Length.cs	474	Init.Data.Repr
Std.Http.Data.Body.Basic	Std/Http/Data/Body/Basic.cs	179	Std.Async,Std.Async.ContextAsync,Std.Http.Data.Chunk,Std.Http.Data.Headers,Std.Http.Data.Body.Length
Std.Http.Data.Body.Replayable	Std/Http/Data/Body/Replayable.cs	24	Std.Http.Data.Body.Basic
Std.Http.Data.Body.Any	Std/Http/Data/Body/Any.cs	370	Std.Http.Data.Body.Basic,Std.Http.Data.Body.Replayable
Std.Http.Data.Body.Stream	Std/Http/Data/Body/Stream.cs	14240	Std.Sync,Std.Async,Std.Http.Data.Request,Std.Http.Data.Response,Std.Http.Data.Chunk,Std.Http.Data.Body.Basic,Std.Http.Data.Body.Any,Init.Data.ByteArray
Std.Http.Data.Body.Empty	Std/Http/Data/Body/Empty.cs	1240	Std.Http.Data.Request,Std.Http.Data.Response,Std.Http.Data.Body.Any
Std.Http.Data.Body.Full	Std/Http/Data/Body/Full.cs	3223	Std.Sync,Std.Http.Data.Request,Std.Http.Data.Response,Std.Http.Data.Body.Any,Init.Data.ByteArray
Std.Http.Data.Body	Std/Http/Data/Body.cs	54	Std.Http.Data.Body.Basic,Std.Http.Data.Body.Length,Std.Http.Data.Body.Any,Std.Http.Data.Body.Stream,Std.Http.Data.Body.Empty,Std.Http.Data.Body.Full,Std.Http.Data.Body.Replayable
Std.Http.Data	Std/Http/Data.cs	64	Std.Http.Data.Method,Std.Http.Data.Version,Std.Http.Data.Request,Std.Http.Data.Response,Std.Http.Data.Status,Std.Http.Data.Chunk,Std.Http.Data.Headers,Std.Http.Data.URI,Std.Http.Data.Body
Std.Http.Protocol.H1.Config	Std/Http/Protocol/H1/Config.cs	29	Std.Http.Data,Std.Http.Internal
Std.Http.Protocol.H1.Parser	Std/Http/Protocol/H1/Parser.cs	18416	Std.Internal.Parsec,Std.Http.Data,Std.Internal.Parsec.ByteArray,Std.Http.Protocol.H1.Config
Std.Http.Protocol.H1.Message	Std/Http/Protocol/H1/Message.cs	4415	Init.Data.Array,Std.Http.Data
Std.Http.Protocol.H1.Error	Std/Http/Protocol/H1/Error.cs	1471	Std.Time,Std.Http.Data,Std.Http.Internal,Std.Http.Protocol.H1.Parser,Std.Http.Protocol.H1.Config,Std.Http.Protocol.H1.Message
Std.Http.Protocol.H1.Reader	Std/Http/Protocol/H1/Reader.cs	5841	Std.Time,Std.Http.Data,Std.Http.Internal,Std.Http.Protocol.H1.Parser,Std.Http.Protocol.H1.Config,Std.Http.Protocol.H1.Message,Std.Http.Protocol.H1.Error
Std.Http.Protocol.H1.Writer	Std/Http/Protocol/H1/Writer.cs	4835	Std.Time,Std.Http.Data,Std.Http.Internal,Std.Http.Protocol.H1.Parser,Std.Http.Protocol.H1.Config,Std.Http.Protocol.H1.Message,Std.Http.Protocol.H1.Error
Std.Http.Protocol.H1.Event	Std/Http/Protocol/H1/Event.cs	1203	Std.Time,Std.Http.Data,Std.Http.Internal,Std.Http.Protocol.H1.Parser,Std.Http.Protocol.H1.Config,Std.Http.Protocol.H1.Message,Std.Http.Protocol.H1.Error
Std.Http.Protocol.H1.Redirect	Std/Http/Protocol/H1/Redirect.cs	4681	Std.Http.Data.Request,Std.Http.Data.Status,Std.Http.Data.URI
Std.Http.Protocol.H1	Std/Http/Protocol/H1.cs	32678	Std.Time,Init.Data.Array,Std.Http.Data,Std.Http.Internal,Std.Http.Protocol.H1.Parser,Std.Http.Protocol.H1.Config,Std.Http.Protocol.H1.Message,Std.Http.Protocol.H1.Reader,Std.Http.Protocol.H1.Writer,Std.Http.Protocol.H1.Event,Std.Http.Protocol.H1.Redirect
Std.Http.Server.Config	Std/Http/Server/Config.cs	103	Std.Time,Std.Http.Protocol.H1
Std.Http.Server.Handler	Std/Http/Server/Handler.cs	385	Std.Async,Std.Http.Data,Std.Async.ContextAsync
Std.Http.Transport	Std/Http/Transport.cs	3572	Std.Http.Protocol.H1
Std.Http.Server.Connection	Std/Http/Server/Connection.cs	15023	Std.Async.TCP,Std.Async.ContextAsync,Std.Http.Transport,Std.Http.Protocol.H1,Std.Http.Server.Config,Std.Http.Server.Handler
Std.Http.Server	Std/Http/Server.cs	5283	Std.Async,Std.Async.TCP,Std.Sync.CancellationToken,Std.Sync.Semaphore,Std.Http.Server.Config,Std.Http.Server.Handler,Std.Http.Server.Connection
Std.Http.Test.Helpers	Std/Http/Test/Helpers.cs	20274	Std.Http.Server,Std.Async,Std.Async.Timer,Init.Data.String.Legacy
Std.Http	Std/Http.cs	29	Std.Http.Server,Std.Http.Test.Helpers
Std.Internal.ForIn.Lemmas	Std/Internal/ForIn/Lemmas.cs	99	Std.Internal.ForIn.Basic,Init.Data.List.Control,Init.Data.Array.Basic,Init.Data.Range.Basic,Init.Data.Range.Polymorphic.Lemmas,Init.Data.Iterators.Lemmas.Consumers.Loop,Init.Data.Slice.Lemmas,Init.Data.Iterators.Lemmas.Consumers.Monadic.Loop,Init.Data.Array.Bootstrap,Init.Data.Array.Lemmas,Init.Data.List.Basic,Init.Data.List.Monadic,Init.Data.List.Range,Init.Data.Nat.Dvd,Init.Data.Range.Lemmas,Init.Omega
Std.Internal.ForIn	Std/Internal/ForIn.cs	29	Std.Internal.ForIn.Basic,Std.Internal.ForIn.Lemmas
Std.Internal	Std/Internal.cs	44	Std.Async,Std.Http,Std.Internal.ForIn,Std.Internal.Parsec,Std.Internal.UV
Std.Internal.Order.Basic	Std/Internal/Order/Basic.cs	1486	Init.Internal.Order
Std.Internal.Order.PropLattice	Std/Internal/Order/PropLattice.cs	46	Init.Internal.Order.Basic
Std.Internal.Order.Lemmas	Std/Internal/Order/Lemmas.cs	44	Std.Internal.Order.Basic,Std.Internal.Order.PropLattice,Init.ByCases,Init.Classical,Init.TacticsExtra
Std.Internal.Order.OfProp	Std/Internal/Order/OfProp.cs	573	Std.Internal.Order.Lemmas,Init.ByCases,Init.Classical
Std.Internal.Order.PreservesSup	Std/Internal/Order/PreservesSup.cs	24	Std.Internal.Order.Lemmas
Std.Internal.Order.Heyting	Std/Internal/Order/Heyting.cs	519	Std.Internal.Order.OfProp,Std.Internal.Order.PreservesSup,Init.ByCases,Init.Classical
Std.WP.Assertion	Std/WP/Assertion.cs	66	Init.Internal.Order,Std.Internal.Order.OfProp,Std.Internal.Order.PreservesSup,Std.Internal.Order.Heyting
Std.Internal.Order.PredTrans	Std/Internal/Order/PredTrans.cs	1377	Std.Internal.Order.Basic
Std.WP.Basic	Std/WP/Basic.cs	48	Std.WP.Assertion,Std.Internal.Order.PredTrans
Std.Internal.Order.Instances	Std/Internal/Order/Instances.cs	44	Std.Internal.Order.Lemmas
Std.WP.Conjunctive	Std/WP/Conjunctive.cs	29	Std.WP.Basic,Std.Internal.Order.Instances
Std.Internal.Order.FrameClosure	Std/Internal/Order/FrameClosure.cs	105	Std.Internal.Order.OfProp,Std.Internal.Order.PreservesSup,Std.Internal.Order.PredTrans
Std.WP.Frame	Std/WP/Frame.cs	34	Std.WP.Basic,Std.WP.Conjunctive,Std.Internal.Order.FrameClosure
Std.WP.EStack	Std/WP/EStack.cs	1761	Std.WP.Assertion
Std.WP.EPostSlot	Std/WP/EPostSlot.cs	230	Std.WP.Assertion,Std.WP.EStack
Std.WP.Monad.Basic	Std/WP/Monad/Basic.cs	50	Std.WP.Basic
Std.WP.Monad.Instances	Std/WP/Monad/Instances.cs	773	Std.WP.EStack,Std.WP.Monad.Basic
Std.WP.Monad.Sound	Std/WP/Monad/Sound.cs	92	Std.WP.Monad.Instances,Init.Control.Lawful.MonadAttach.Instances,Init.Data.Option.Attach
Std.WP.Monad.Conjunctive	Std/WP/Monad/Conjunctive.cs	183	Std.WP.Conjunctive,Std.WP.Monad.Instances
Std.WP.Monad.Frame	Std/WP/Monad/Frame.cs	29	Std.WP.Frame,Std.WP.Monad.Basic
Std.WP.Monad.Lemmas	Std/WP/Monad/Lemmas.cs	518	Std.WP.Monad.Instances
Std.WP.Monad	Std/WP/Monad.cs	49	Std.WP.Monad.Basic,Std.WP.Monad.Instances,Std.WP.Monad.Sound,Std.WP.Monad.Conjunctive,Std.WP.Monad.Frame,Std.WP.Monad.Lemmas
Std.WP.Triple.Basic	Std/WP/Triple/Basic.cs	2197	Std.WP.Basic,Std.WP.EStack
Std.WP.Triple.Conjunctive	Std/WP/Triple/Conjunctive.cs	29	Std.WP.Triple.Basic,Std.WP.Conjunctive
Std.WP.Triple.Monad	Std/WP/Triple/Monad.cs	29	Std.WP.Triple.Basic,Std.WP.Monad.Basic
Std.WP.Triple.SpecLemmas	Std/WP/Triple/SpecLemmas.cs	354	Init.BinderNameHint,Std.WP.Triple.Monad,Std.WP.Monad,Std.Do.Triple.SpecLemmas,Init.Data.Range.Polymorphic.Iterators,Init.Data.Range.Polymorphic,Init.Data.Slice.Array,Init.Data.Iterators.Lemmas.Combinators.FilterMap,Init.Data.Range,Init.Data.Iterators.Lemmas,Init.Data.List.Nat.Range,Init.Data.List.Nat.TakeDrop,Init.Data.List.Range,Init.Data.List.TakeDrop,Init.Data.Nat.Mod,Init.Data.Slice.Lemmas,Init.Omega,Init.Data.String.Defs,Init.Data.String.Iterate,Init.Data.String.Lemmas.Splits,Init.Data.String.Termination,Init.Data.String.Lemmas.Iterate,Std.Internal.ForIn
Std.WP.Triple	Std/WP/Triple.cs	39	Std.WP.Triple.Basic,Std.WP.Triple.Conjunctive,Std.WP.Triple.Monad,Std.WP.Triple.SpecLemmas
Std.WP.Gadget.Assert	Std/WP/Gadget/Assert.cs	63	Std.WP.Triple.Monad,Std.Internal.Order.Heyting
Std.WP.Gadget.ForIn	Std/WP/Gadget/ForIn.cs	332	Init.BinderNameHint,Std.WP.Triple.SpecLemmas,Std.Internal.ForIn
Std.WP	Std/WP.cs	64	Std.WP.Basic,Std.WP.Conjunctive,Std.WP.Frame,Std.WP.EPostSlot,Std.WP.Monad,Std.WP.Triple,Std.WP.Gadget.Assert,Std.WP.Gadget.ForIn,Std.WP.Tactic
Std	Std.cs	64	Std.Data,Std.Do,Std.Sat,Std.Sync,Std.Time,Std.Tactic,Std.Internal,Std.Net,Std.WP
Lean.Data.AssocList	Lean/Data/AssocList.cs	1538	Init.Data.List.Impl
Lean.ImportingFlag	Lean/ImportingFlag.cs	373	Init.System.IO
Lean.Data.KVMap	Lean/Data/KVMap.cs	4549	Init.Data.Format.Syntax,Init.Data.ToString.Name,Init.Data.ToString.Extra
Lean.Data.PersistentHashMap	Lean/Data/PersistentHashMap.cs	5924	Init.Data.Array.BasicAux,Init.Data.UInt.Basic,Init.Control.Except,Init.Data.Array.Basic,Init.Data.String.Defs,Init.Data.ToString.Macro,Init.Data.Array.Lemmas
Lean.Data.Iterators.Producers.PersistentHashMap	Lean/Data/Iterators/Producers/PersistentHashMap.cs	2321	Init.Data.Array.Subarray,Init.Data.Array.Subarray.Split,Lean.Data.PersistentHashMap,Init.Data.Iterators.Consumers,Init.Omega,Init.Data.Slice.Array.Lemmas,Init.Data.Array.Mem,Init.Data.List.TakeDrop
Lean.Data.SMap	Lean/Data/SMap.cs	1920	Std.Data.HashMap.Basic,Lean.Data.PersistentHashMap,Std.Data.HashMap.Iterator,Lean.Data.Iterators.Producers.PersistentHashMap,Init.Data.Iterators.Combinators.Append
Lean.Data.SSet	Lean/Data/SSet.cs	530	Lean.Data.SMap
Lean.Data.Name	Lean/Data/Name.cs	1912	Init.Data.Ord.Basic,Init.Data.String.TakeDrop,Init.Data.Ord.String,Init.Data.Ord.UInt,Init.Data.String.Search,Init.Data.String.Length
Lean.Data.NameMap.Basic	Lean/Data/NameMap/Basic.cs	3875	Std.Data.HashSet.Basic,Std.Data.TreeSet.Basic,Lean.Data.SSet,Lean.Data.Name
Lean.Data.Options	Lean/Data/Options.cs	9984	Lean.ImportingFlag,Lean.Data.KVMap,Lean.Data.NameMap.Basic,Init.Data.ToString.Macro
Lean.Data.Format	Lean/Data/Format.cs	2846	Lean.Data.Options,Init.Data.Format.Instances
Lean.Data.Json.Basic	Lean/Data/Json/Basic.cs	7894	Init.Data.Range,Init.Data.OfScientific,Init.Data.Hashable,Std.Data.TreeMap.Raw.Basic,Init.Data.Ord.String,Init.Data.Range.Polymorphic.Iterators,Init.Data.Range.Polymorphic.Nat,Init.Data.String.Substring,Init.Data.ToString.Macro
Lean.Data.Json.Parser	Lean/Data/Json/Parser.cs	9074	Lean.Data.Json.Basic,Std.Internal.Parsec
Lean.Data.Json.Printer	Lean/Data/Json/Printer.cs	3191	Lean.Data.Format,Lean.Data.Json.Basic,Init.Data.String.Search,Init.Data.UInt.Lemmas,Init.Omega
Lean.Data.Json.Stream	Lean/Data/Json/Stream.cs	458	Lean.Data.Json.Parser,Lean.Data.Json.Printer
Lean.Data.Json.FromToJson.Basic	Lean/Data/Json/FromToJson/Basic.cs	4594	Lean.Data.Json.Printer,Init.Data.ToString.Macro,Init.Data.Array.GetLit
Lean.Data.Json.FromToJson.Extra	Lean/Data/Json/FromToJson/Extra.cs	431	Lean.Data.Json.FromToJson.Basic,Std.Data.TreeMap.AdditionalOperations
Lean.Data.Json.FromToJson	Lean/Data/Json/FromToJson.cs	29	Lean.Data.Json.FromToJson.Basic,Lean.Data.Json.FromToJson.Extra
Lean.Syntax	Lean/Syntax.cs	10146	Init.Data.Slice,Init.Data.Hashable,Lean.Data.Format,Init.Data.Option.Coe,Init.Data.String.Hashable,Init.Data.Range.Polymorphic.Iterators,Init.Data.ToString.Macro,Init.Omega,Init.Syntax
Lean.Data.Json.Elab	Lean/Data/Json/Elab.cs	4728	Lean.Data.Json.FromToJson,Lean.Syntax
Lean.Data.Json	Lean/Data/Json.cs	44	Lean.Data.Json.Stream,Lean.Data.Json.Printer,Lean.Data.Json.Parser,Lean.Data.Json.FromToJson,Lean.Data.Json.Elab
Lean.Data.JsonRpc	Lean/Data/JsonRpc.cs	15305	Lean.Data.Json.Stream,Lean.Data.Json.FromToJson.Basic
Lean.Data.LBool	Lean/Data/LBool.cs	484	Init.Data.ToString.Basic
Lean.Data.LOption	Lean/Data/LOption.cs	585	Init.Data.String.Basic
Lean.Data.Lsp.BasicAux	Lean/Data/Lsp/BasicAux.cs	2261	Lean.Data.Json.FromToJson.Basic
Lean.Data.Lsp.Basic	Lean/Data/Lsp/Basic.cs	21460	Lean.Data.Json,Lean.Data.Lsp.BasicAux,Init.Data.Option.Coe
Lean.Data.Lsp.CancelParams	Lean/Data/Lsp/CancelParams.cs	705	Lean.Data.JsonRpc
Lean.Data.PersistentHashSet	Lean/Data/PersistentHashSet.cs	770	Lean.Data.PersistentHashMap
Lean.Hygiene	Lean/Hygiene.cs	1567	Lean.Data.Format
Lean.Level	Lean/Level.cs	10289	Init.Data.Array.QSort,Lean.Data.PersistentHashSet,Lean.Hygiene,Init.Data.Option.Coe,Init.Data.Nat.Internal.Linear
Lean.Expr	Lean/Expr.cs	24131	Init.Data.Hashable,Lean.Level,Init.Omega
Lean.Data.Lsp.LanguageFeatures	Lean/Data/Lsp/LanguageFeatures.cs	59913	Lean.Data.Lsp.Basic,Lean.Expr,Init.Data.String.Search,Init.Data.Array.GetLit,Lean.Data.Json.FromToJson.Basic
Lean.InternalExceptionId	Lean/InternalExceptionId.cs	366	Init.System.IO,Init.Data.ToString.Name,Init.Data.ToString.Macro
Lean.ToLevel	Lean/ToLevel.cs	59	Lean.Expr
Lean.ToExpr	Lean/ToExpr.cs	4773	Lean.ToLevel,Init.Data.Rat.Basic
Lean.Data.Position	Lean/Data/Position.cs	2023	Lean.Data.Json.FromToJson.Basic,Lean.ToExpr
Lean.Data.DeclarationRange	Lean/Data/DeclarationRange.cs	1528	Lean.Data.Position
Lean.Data.OpenDecl	Lean/Data/OpenDecl.cs	458	Init.Data.ToString.Name,Init.Data.ToString.Extra
Lean.Data.PrefixTree	Lean/Data/PrefixTree.cs	951	Std.Data.TreeMap.Raw.Basic
Lean.Data.NameTrie	Lean/Data/NameTrie.cs	3291	Lean.Data.PrefixTree,Init.Data.Ord.String
Lean.Util.LeanOptions	Lean/Util/LeanOptions.cs	4821	Lean.Data.Json.FromToJson.Basic
Lean.Setup	Lean/Setup.cs	15179	Lean.Data.Json.Parser,Lean.Util.LeanOptions
Lean.Data.PersistentArray	Lean/Data/PersistentArray.cs	7718	Init.Data.Nat.Fold,Init.Data.UInt.Basic,Init.Data.String.Defs,Init.Data.ToString.Macro,Init.Omega
Lean.LocalContext	Lean/LocalContext.cs	15111	Init.Data.Nat.Control,Lean.Data.PersistentArray,Lean.Expr,Init.Data.ToString.Macro,Init.Omega
Lean.Util.Path	Lean/Util/Path.cs	3265	Init.System.IO,Init.Control.Do,Init.Data.ToString.Name,Init.Data.String.TakeDrop,Init.Data.List.Monadic,Init.Data.Option.BasicAux,Init.Data.ToString.Macro,Init.Data.String.Length
Lean.Util.FindExpr	Lean/Util/FindExpr.cs	313	Lean.Expr
Lean.Util.Profile	Lean/Util/Profile.cs	892	Init.Data.OfScientific,Lean.Data.Options
Lean.Util.PtrSet	Lean/Util/PtrSet.cs	409	Init.Data.Hashable,Std.Data.HashSet.Basic
Lean.Util.ReplaceExpr	Lean/Util/ReplaceExpr.cs	359	Lean.Expr,Lean.Util.PtrSet
Lean.Util.InstantiateLevelParams	Lean/Util/InstantiateLevelParams.cs	1066	Lean.Util.ReplaceExpr
Lean.Declaration	Lean/Declaration.cs	6434	Lean.Expr,Init.Data.Ord.UInt,Init.Data.ToString.Macro
Lean.Util.FoldConsts	Lean/Util/FoldConsts.cs	980	Lean.Util.PtrSet,Lean.Declaration
Lean.PrivateName	Lean/PrivateName.cs	346	Init.Notation,Init.Data.Option.Coe
Lean.LoadDynlib	Lean/LoadDynlib.cs	804	Init.System.IO,Init.Data.String.TakeDrop,Init.Data.ToString.Macro
Lean.CompactedRegion	Lean/CompactedRegion.cs	69	Init.System.IO,Lean.Data.Name
Lean.Environment	Lean/Environment.cs	42622	Init.Data.Array.BinSearch,Init.Data.Stream,Init.System.Promise,Init.System.CancelToken,Lean.Data.NameTrie,Lean.Setup,Lean.LocalContext,Lean.Util.Path,Lean.Util.FindExpr,Lean.Util.Profile,Lean.Util.InstantiateLevelParams,Lean.Util.FoldConsts,Lean.PrivateName,Lean.LoadDynlib,Lean.CompactedRegion,Init.Dynamic,Init.Data.Slice,Init.Data.String.TakeDrop,Init.Data.Range.Polymorphic.Iterators,Init.While
Lean.Util.MonadCache	Lean/Util/MonadCache.cs	3852	Std.Data.HashMap.Basic
Lean.MetavarContext	Lean/MetavarContext.cs	25300	Init.ShareCommon,Lean.Util.MonadCache,Lean.LocalContext,Init.Data.Slice,Init.Data.ToString.Macro,Init.Omega
Lean.Data.PPContext	Lean/Data/PPContext.cs	34	Lean.Data.OpenDecl,Lean.Environment,Lean.MetavarContext
Lean.Server.Rpc.Basic	Lean/Server/Rpc/Basic.cs	5052	Init.Dynamic,Lean.Data.Json.FromToJson.Basic
Lean.Widget.Types	Lean/Widget/Types.cs	651	Lean.Server.Rpc.Basic
Lean.Elab.InfoTree.Types	Lean/Elab/InfoTree/Types.cs	2242	Lean.Data.DeclarationRange,Lean.Data.OpenDecl,Lean.Data.PPContext,Lean.MetavarContext,Lean.Environment,Lean.Widget.Types
Lean.Util.PPExt	Lean/Util/PPExt.cs	2271	Lean.Elab.InfoTree.Types,Init.Data.Format.Macro
Lean.Util.Sorry	Lean/Util/Sorry.cs	1342	Lean.Util.FindExpr,Lean.Declaration
Lean.Message	Lean/Message.cs	18600	Init.Data.Slice.Array,Lean.Util.PPExt,Lean.Util.Sorry,Init.Data.String.Search,Init.Data.Format.Macro,Init.Data.Iterators.Consumers.Collect,Init.Data.String.Length
Lean.EnvExtension	Lean/EnvExtension.cs	3670	Lean.Environment
Lean.DocString.Links	Lean/DocString/Links.cs	3571	Lean.Syntax,Init.Data.String.TakeDrop,Init.Data.String.Search,Init.Data.ToString.Macro,Init.While,Init.Data.String.Length
Lean.ErrorExplanation	Lean/ErrorExplanation.cs	2287	Lean.Message,Lean.EnvExtension,Lean.DocString.Links,Lean.Message
Lean.Exception	Lean/Exception.cs	3405	Lean.InternalExceptionId,Lean.ErrorExplanation
Lean.Elab.Exception	Lean/Elab/Exception.cs	874	Lean.Exception
Lean.Log	Lean/Log.cs	1388	Lean.ErrorExplanation
Lean.AuxRecursor	Lean/AuxRecursor.cs	1243	Lean.EnvExtension,Init.Data.String.TakeDrop
Lean.Compiler.Old	Lean/Compiler/Old.cs	468	Lean.Environment,Init.Data.String.TakeDrop
Lean.MonadEnv	Lean/MonadEnv.cs	3588	Init.Control.Do,Lean.Elab.Exception,Lean.Log,Lean.AuxRecursor,Lean.Compiler.Old
Lean.DeclarationRange	Lean/DeclarationRange.cs	599	Lean.MonadEnv
Lean.Data.Lsp.Utf16	Lean/Data/Lsp/Utf16.cs	854	Lean.Data.Lsp.BasicAux,Lean.DeclarationRange,Init.Data.String.Search
Lean.Data.Lsp.Diagnostics	Lean/Data/Lsp/Diagnostics.cs	11707	Lean.Data.Lsp.Basic,Lean.Data.Lsp.Utf16
Lean.Data.Lsp.CodeActions	Lean/Data/Lsp/CodeActions.cs	12986	Lean.Data.Lsp.Diagnostics
Lean.Data.Lsp.TextSync	Lean/Data/Lsp/TextSync.cs	5599	Lean.Data.Lsp.Basic
Lean.Data.Lsp.Extra	Lean/Data/Lsp/Extra.cs	14659	Lean.Data.Lsp.TextSync,Lean.Server.Rpc.Basic
Lean.Data.Lsp.Capabilities	Lean/Data/Lsp/Capabilities.cs	13910	Lean.Data.JsonRpc,Lean.Data.Lsp.LanguageFeatures,Lean.Data.Lsp.CodeActions,Lean.Data.Lsp.Extra
Lean.Data.Lsp.Client	Lean/Data/Lsp/Client.cs	1248	Lean.Data.Lsp.Basic
Lean.Data.Lsp.Communication	Lean/Data/Lsp/Communication.cs	4173	Lean.Data.JsonRpc,Init.Data.String.TakeDrop,Init.Data.String.Search,Init.Data.Iterators.Consumers.Collect
Lean.Data.Lsp.Workspace	Lean/Data/Lsp/Workspace.cs	3571	Lean.Data.Lsp.Basic
Lean.Data.Lsp.InitShutdown	Lean/Data/Lsp/InitShutdown.cs	6577	Lean.Data.Lsp.Capabilities,Lean.Data.Lsp.Workspace
Lean.Data.Lsp.Internal	Lean/Data/Lsp/Internal.cs	22213	Lean.Data.Lsp.Basic,Lean.Data.JsonRpc,Lean.Data.DeclarationRange,Init.Data.Array.GetLit,Init.Omega
Lean.Data.Lsp.Ipc	Lean/Data/Lsp/Ipc.cs	16810	Lean.Data.Lsp.Communication,Lean.Data.Lsp.Diagnostics,Lean.Data.Lsp.Extra,Init.Data.List.Sort.Basic,Lean.Data.Lsp.LanguageFeatures,Init.While
Lean.Data.Lsp.Window	Lean/Data/Lsp/Window.cs	2901	Lean.Data.Json.FromToJson.Basic
Lean.Data.Lsp	Lean/Data/Lsp.cs	99	Lean.Data.Lsp.Basic,Lean.Data.Lsp.CancelParams,Lean.Data.Lsp.Capabilities,Lean.Data.Lsp.Client,Lean.Data.Lsp.Communication,Lean.Data.Lsp.Diagnostics,Lean.Data.Lsp.Extra,Lean.Data.Lsp.InitShutdown,Lean.Data.Lsp.Internal,Lean.Data.Lsp.LanguageFeatures,Lean.Data.Lsp.TextSync,Lean.Data.Lsp.Utf16,Lean.Data.Lsp.Workspace,Lean.Data.Lsp.Ipc,Lean.Data.Lsp.CodeActions,Lean.Data.Lsp.Window
Lean.Data.NameMap.AdditionalOperations	Lean/Data/NameMap/AdditionalOperations.cs	105	Lean.Data.NameMap.Basic,Std.Data.TreeSet.AdditionalOperations
Lean.Data.NameMap	Lean/Data/NameMap.cs	29	Lean.Data.NameMap.Basic,Lean.Data.NameMap.AdditionalOperations
Lean.Data.Trie	Lean/Data/Trie.cs	2499	Lean.Data.Format,Init.Data.Option.Coe,Init.Omega
Lean.Data.RBMap	Lean/Data/RBMap.cs	10304	Init.Data.Ord.Basic,Init.Data.Nat.Internal.Linear,Init.Data.Array.Basic,Init.WFTactics
Lean.Data.RBTree	Lean/Data/RBTree.cs	3100	Lean.Data.RBMap
Lean.Util.RecDepth	Lean/Util/RecDepth.cs	238	Lean.Data.Options
Lean.Modifiers	Lean/Modifiers.cs	132	Lean.EnvExtension
Lean.Namespace	Lean/Namespace.cs	4275	Lean.EnvExtension
Lean.ResolveName	Lean/ResolveName.cs	9374	Lean.Modifiers,Lean.Exception,Lean.Namespace,Lean.Log
Lean.DocString.Types	Lean/DocString/Types.cs	7470	Init.Data.Ord,Init.Data.Nat.Compare,Init.Data.Array.GetLit
Lean.DocString.DeferredCheck	Lean/DocString/DeferredCheck.cs	755	Init.Dynamic,Lean.Environment,Lean.Data.OpenDecl,Lean.Data.Options
Lean.DocString.Extension	Lean/DocString/Extension.cs	14848	Lean.DeclarationRange,Lean.DocString.Types,Lean.DocString.DeferredCheck,Init.Data.String.Extra,Init.Data.String.TakeDrop,Init.Data.String.Search,Init.Data.String.Length,Init.Omega
Lean.Parser.Types	Lean/Parser/Types.cs	7643	Lean.Data.Trie,Lean.DocString.Extension,Init.Data.String.OrderInstances
Lean.Util.Trace	Lean/Util/Trace.cs	9528	Lean.Elab.Exception,Lean.Log
Lean.Elab.InfoTree.Basic	Lean/Elab/InfoTree/Basic.cs	7790	Lean.Elab.InfoTree.Types,Init.Data.Format.Macro,Init.Data.Range.Polymorphic.Stream,Init.Task,Lean.Syntax
Lean.Language.Basic	Lean/Language/Basic.cs	4997	Lean.Parser.Types,Lean.Util.Trace,Lean.Elab.InfoTree.Basic
Lean.Compiler.NoncomputableAttr	Lean/Compiler/NoncomputableAttr.cs	109	Lean.EnvExtension
Lean.CoreM	Lean/CoreM.cs	31189	Lean.Util.RecDepth,Lean.ResolveName,Lean.Language.Basic,Init.While,Lean.Compiler.NoncomputableAttr
Lean.Compiler.MetaAttr	Lean/Compiler/MetaAttr.cs	1326	Lean.EnvExtension
Lean.Attributes	Lean/Attributes.cs	14306	Lean.CoreM,Lean.Compiler.MetaAttr
Lean.Util.CollectLevelParams	Lean/Util/CollectLevelParams.cs	1382	Lean.Expr
Lean.Class	Lean/Class.cs	6564	Lean.Attributes,Lean.Util.CollectLevelParams
Lean.ScopedEnvExtension	Lean/ScopedEnvExtension.cs	7505	Lean.Attributes
Lean.ReducibilityAttrs	Lean/ReducibilityAttrs.cs	8465	Lean.ScopedEnvExtension
Lean.Util.MonadBacktrack	Lean/Util/MonadBacktrack.cs	757	Init.Control.Except,Init.Control.Do,Init.Data.Option.Coe
Lean.Meta.RecExt	Lean/Meta/RecExt.cs	277	Lean.Attributes
Lean.Compiler.InlineAttrs	Lean/Compiler/InlineAttrs.cs	3406	Lean.Attributes,Lean.Meta.RecExt
Lean.Meta.TransparencyMode	Lean/Meta/TransparencyMode.cs	403	Init.Data.UInt.Basic,Init.MetaTypes
Lean.Meta.Basic	Lean/Meta/Basic.cs	69927	Init.Control.Do,Lean.Data.LOption,Lean.Class,Lean.ReducibilityAttrs,Lean.Util.MonadBacktrack,Lean.Compiler.InlineAttrs,Lean.Meta.TransparencyMode,Init.Data.Range.Polymorphic.Iterators,Init.While
Lean.Meta.InferType	Lean/Meta/InferType.cs	17758	Lean.Data.LBool,Lean.Meta.Basic,Init.Data.Range.Polymorphic.Iterators
Lean.Meta.DecLevel	Lean/Meta/DecLevel.cs	2916	Lean.Meta.InferType
Lean.Data.RArray	Lean/Data/RArray.cs	545	Lean.Meta.DecLevel,Init.Data.RArray,Init.Omega
Lean.Data.Iterators.Producers	Lean/Data/Iterators/Producers.cs	24	Lean.Data.Iterators.Producers.PersistentHashMap
Lean.Data.Iterators	Lean/Data/Iterators.cs	24	Lean.Data.Iterators.Producers
Lean.Data	Lean/Data.cs	139	Lean.Data.AssocList,Lean.Data.Format,Lean.Data.Json,Lean.Data.JsonRpc,Lean.Data.KVMap,Lean.Data.LBool,Lean.Data.LOption,Lean.Data.Lsp,Lean.Data.Name,Lean.Data.NameMap,Lean.Data.OpenDecl,Lean.Data.Options,Lean.Data.PersistentArray,Lean.Data.PersistentHashMap,Lean.Data.PersistentHashSet,Lean.Data.Position,Lean.Data.PrefixTree,Lean.Data.SMap,Lean.Data.Trie,Lean.Data.NameTrie,Lean.Data.RBTree,Lean.Data.RBMap,Lean.Data.RArray,Lean.Data.Iterators
Lean.Compiler.Specialize	Lean/Compiler/Specialize.cs	4215	Lean.Meta.Basic,Init.Omega
Lean.Compiler.ClosedTermCache	Lean/Compiler/ClosedTermCache.cs	1277	Lean.Environment
Lean.ProjFns	Lean/ProjFns.cs	1586	Lean.EnvExtension
Lean.Compiler.ExternAttr	Lean/Compiler/ExternAttr.cs	2302	Lean.ProjFns,Lean.Attributes,Init.Data.String.Lemmas.Order,Init.Data.String.OrderInstances,Init.Data.Order.Lemmas
Lean.Meta.PPGoal	Lean/Meta/PPGoal.cs	3687	Lean.Meta.InferType
Lean.ReservedNameAction	Lean/ReservedNameAction.cs	5724	Init.Control.Do,Lean.CoreM
Lean.Elab.InfoTree.Main	Lean/Elab/InfoTree/Main.cs	11489	Lean.Elab.InfoTree.Basic,Lean.Meta.PPGoal,Lean.ReservedNameAction,Init.Data.Format.Macro
Lean.Elab.InfoTree	Lean/Elab/InfoTree.cs	29	Lean.Elab.InfoTree.Types,Lean.Elab.InfoTree.Main
Lean.Compiler.ImplementedByAttr	Lean/Compiler/ImplementedByAttr.cs	2831	Lean.Elab.InfoTree
Lean.Compiler.NeverExtractAttr	Lean/Compiler/NeverExtractAttr.cs	369	Lean.Attributes
Lean.Compiler.IR.Basic	Lean/Compiler/IR/Basic.cs	15451	Lean.Compiler.ExternAttr,Init.Data.Range.Polymorphic.Iterators
Lean.Compiler.IR.Format	Lean/Compiler/IR/Format.cs	5098	Lean.Compiler.IR.Basic,Init.Data.Format.Macro
Lean.Compiler.ExportAttr	Lean/Compiler/ExportAttr.cs	1236	Lean.Attributes
Lean.Compiler.LCNF.PublicDeclsExt	Lean/Compiler/LCNF/PublicDeclsExt.cs	489	Lean.Environment
Lean.Meta.ForEachExpr	Lean/Meta/ForEachExpr.cs	5140	Lean.Meta.Basic,Init.Data.Range.Polymorphic.Iterators
Lean.Util.Recognizers	Lean/Util/Recognizers.cs	4579	Lean.Environment
Lean.Meta.Sorry	Lean/Meta/Sorry.cs	1724	Lean.Data.Lsp.Utf16,Lean.Meta.ForEachExpr,Lean.Meta.InferType,Lean.Util.Recognizers
Lean.Util.CollectAxioms	Lean/Util/CollectAxioms.cs	2795	Lean.MonadEnv
Lean.OriginalConstKind	Lean/OriginalConstKind.cs	541	Lean.Environment,Lean.EnvExtension
Lean.Structure	Lean/Structure.cs	8900	Lean.ProjFns,Lean.Exception,Init.While,Init.Data.Range.Polymorphic.Iterators
Lean.AutoDecl	Lean/AutoDecl.cs	1314	Lean.Structure,Lean.CoreM
Lean.Linter.Init	Lean/Linter/Init.cs	2680	Lean.MonadEnv,Lean.EnvExtension,Init.Data.Function
Lean.AddDecl	Lean/AddDecl.cs	16436	Lean.Meta.Sorry,Lean.Util.CollectAxioms,Lean.OriginalConstKind,Lean.AutoDecl,Lean.Linter.Init,Lean.Compiler.MetaAttr,Lean.Util.RecDepth,Lean.OriginalConstKind
Lean.Compiler.NameMangling	Lean/Compiler/NameMangling.cs	2266	Lean.Setup,Init.Data.String.TakeDrop,Init.Data.UInt.Lemmas,Init.Omega,Init.Data.String.Lemmas.FindPos
Lean.Compiler.ModPkgExt	Lean/Compiler/ModPkgExt.cs	1117	Lean.Environment,Lean.Compiler.NameMangling
Lean.Compiler.InitAttr	Lean/Compiler/InitAttr.cs	5693	Lean.AddDecl,Lean.Elab.InfoTree.Main,Init.Data.Range.Polymorphic.Stream,Lean.Compiler.NameMangling,Lean.Compiler.ModPkgExt
Lean.Meta.DiscrTree.Types	Lean/Meta/DiscrTree/Types.cs	1420	Lean.Expr
Lean.Meta.DiscrTree.Basic	Lean/Meta/DiscrTree/Basic.cs	5213	Lean.Meta.DiscrTree.Types,Lean.CoreM,Init.Data.Range.Polymorphic.Iterators,Init.Omega
Lean.Meta.DiscrTree.Util	Lean/Meta/DiscrTree/Util.cs	2376	Lean.Meta.DiscrTree.Basic
Lean.Util.SafeExponentiation	Lean/Util/SafeExponentiation.cs	1577	Lean.CoreM
Lean.Meta.Match.MatchPatternAttr	Lean/Meta/Match/MatchPatternAttr.cs	1900	Lean.Attributes
Lean.Meta.GetUnfoldableConst	Lean/Meta/GetUnfoldableConst.cs	3151	Lean.Meta.Basic,Lean.Meta.Match.MatchPatternAttr
Lean.Meta.LitValues	Lean/Meta/LitValues.cs	11782	Lean.Meta.Basic,Init.While
Lean.Meta.NatInstTesters	Lean/Meta/NatInstTesters.cs	3210	Lean.Meta.Basic
Lean.Meta.Offset	Lean/Meta/Offset.cs	8326	Lean.Data.LBool,Lean.Meta.Basic,Lean.Meta.NatInstTesters,Lean.Util.SafeExponentiation
Lean.Meta.CtorRecognizer	Lean/Meta/CtorRecognizer.cs	2721	Lean.Meta.LitValues,Lean.Meta.Offset
Lean.Meta.Match.MatcherInfo	Lean/Meta/Match/MatcherInfo.cs	8270	Lean.Meta.Basic
Lean.Meta.FunInfo	Lean/Meta/FunInfo.cs	6976	Lean.Meta.InferType,Init.Data.Range.Polymorphic.Iterators
Lean.Meta.Transform	Lean/Meta/Transform.cs	12588	Lean.Meta.FunInfo,Init.Data.Range.Polymorphic.Iterators
Lean.Meta.WHNF	Lean/Meta/WHNF.cs	34080	Lean.Structure,Lean.Util.Recognizers,Lean.Util.SafeExponentiation,Lean.Meta.GetUnfoldableConst,Lean.Meta.CtorRecognizer,Lean.Meta.Match.MatcherInfo,Lean.Meta.Match.MatchPatternAttr,Lean.Meta.Transform,Init.Data.Range.Polymorphic.Iterators
Lean.Meta.DiscrTree.Main	Lean/Meta/DiscrTree/Main.cs	9252	Lean.Meta.Basic,Lean.Meta.DiscrTree.Util,Lean.Meta.WHNF
Lean.Util.CollectMVars	Lean/Util/CollectMVars.cs	709	Lean.Expr
Lean.Meta.CollectMVars	Lean/Meta/CollectMVars.cs	4907	Lean.Util.CollectMVars,Lean.Meta.Basic
Lean.Meta.PPBinder	Lean/Meta/PPBinder.cs	413	Lean.Meta.Basic
Lean.Util.UnusedBinders	Lean/Util/UnusedBinders.cs	99	Lean.Expr
Lean.Util.CollectFVars	Lean/Util/CollectFVars.cs	741	Lean.LocalContext
Lean.Meta.CollectFVars	Lean/Meta/CollectFVars.cs	1175	Lean.Util.CollectFVars,Lean.Meta.Basic
Lean.Meta.Instances	Lean/Meta/Instances.cs	20201	Init.Data.Range.Polymorphic.Stream,Lean.Meta.DiscrTree.Main,Lean.Meta.CollectMVars,Lean.Meta.PPBinder,Lean.Util.UnusedBinders,Lean.Meta.CollectFVars,Init.While,Lean.OriginalConstKind,Lean.ProjFns
Lean.Compiler.BorrowedAnnotation	Lean/Compiler/BorrowedAnnotation.cs	85	Lean.Expr
Lean.Compiler.LCNF.Types	Lean/Compiler/LCNF/Types.cs	8440	Lean.Compiler.BorrowedAnnotation,Lean.Meta.InferType,Init.Omega,Lean.OriginalConstKind
Lean.Runtime	Lean/Runtime.cs	267	Init.Prelude
Lean.Compiler.LCNF.Basic	Lean/Compiler/LCNF/Basic.cs	31588	Lean.Meta.Instances,Lean.Compiler.ExternAttr,Lean.Compiler.Specialize,Lean.Compiler.LCNF.Types,Init.Omega,Lean.Runtime
Lean.Compiler.IR.CompilerM	Lean/Compiler/IR/CompilerM.cs	5561	Lean.Compiler.IR.Format,Lean.Compiler.ExportAttr,Lean.Compiler.LCNF.PublicDeclsExt,Lean.Compiler.InitAttr,Lean.Compiler.ModPkgExt,Init.Data.Format.Macro,Lean.Compiler.LCNF.Basic
Lean.Compiler.IR.NormIds	Lean/Compiler/IR/NormIds.cs	6845	Lean.Compiler.IR.Basic
Lean.Compiler.IR.Checker	Lean/Compiler/IR/Checker.cs	5846	Lean.Compiler.IR.CompilerM,Lean.Runtime
Lean.Compiler.IR.UnboxResult	Lean/Compiler/IR/UnboxResult.cs	1508	Lean.Compiler.IR.Basic
Lean.Compiler.IR.Sorry	Lean/Compiler/IR/Sorry.cs	1379	Lean.Compiler.IR.CompilerM
Lean.Compiler.LCNF.Util	Lean/Compiler/LCNF/Util.cs	1738	Init.Data.FloatArray.Basic,Lean.CoreM,Lean.Util.Recognizers
Lean.Compiler.LCNF.LCtx	Lean/Compiler/LCNF/LCtx.cs	2752	Lean.Compiler.LCNF.Basic
Lean.Compiler.LCNF.ConfigOptions	Lean/Compiler/LCNF/ConfigOptions.cs	1102	Lean.Data.Options
Lean.Compiler.LCNF.CompilerM	Lean/Compiler/LCNF/CompilerM.cs	14396	Lean.Compiler.LCNF.LCtx,Lean.Compiler.LCNF.ConfigOptions
Lean.Compiler.LCNF.BaseTypes	Lean/Compiler/LCNF/BaseTypes.cs	2880	Lean.Compiler.LCNF.CompilerM
Lean.Compiler.LCNF.Irrelevant	Lean/Compiler/LCNF/Irrelevant.cs	4257	Lean.EnvExtension,Lean.Compiler.LCNF.CompilerM,Lean.Compiler.LCNF.BaseTypes,Lean.Compiler.LCNF.Util
Lean.Compiler.LCNF.MonoTypes	Lean/Compiler/LCNF/MonoTypes.cs	2886	Lean.Compiler.LCNF.Util,Lean.Compiler.LCNF.BaseTypes,Lean.Compiler.LCNF.Irrelevant
Lean.Compiler.IR.ToIRType	Lean/Compiler/IR/ToIRType.cs	679	Lean.Compiler.IR.Format,Lean.Compiler.LCNF.MonoTypes
Lean.Compiler.IR.ToIR	Lean/Compiler/IR/ToIR.cs	6694	Lean.Compiler.IR.CompilerM,Lean.Compiler.IR.ToIRType
Lean.Compiler.IR.Meta	Lean/Compiler/IR/Meta.cs	1915	Lean.Compiler.IR.CompilerM
Lean.Compiler.IR.LLVMBindings	Lean/Compiler/IR/LLVMBindings.cs	1914	Init.System.IO
Lean.Compiler.IR.EmitUtil	Lean/Compiler/IR/EmitUtil.cs	4018	Lean.Compiler.InitAttr,Lean.Compiler.IR.CompilerM
Lean.Compiler.IR.EmitLLVM	Lean/Compiler/IR/EmitLLVM.cs	47568	Lean.Compiler.NameMangling,Lean.Compiler.IR.EmitUtil,Lean.Compiler.IR.NormIds,Lean.Compiler.IR.LLVMBindings,Lean.Compiler.LCNF.Types,Lean.Compiler.ModPkgExt,Lean.Runtime,Lean.Compiler.ClosedTermCache,Init.Data.Range.Polymorphic.Iterators
Lean.Compiler.IR	Lean/Compiler/IR.cs	834	Lean.Compiler.IR.Basic,Lean.Compiler.IR.Format,Lean.Compiler.IR.CompilerM,Lean.Compiler.IR.NormIds,Lean.Compiler.IR.Checker,Lean.Compiler.IR.UnboxResult,Lean.Compiler.IR.Sorry,Lean.Compiler.IR.ToIR,Lean.Compiler.IR.ToIRType,Lean.Compiler.IR.Meta,Lean.Compiler.IR.LLVMBindings,Lean.Compiler.IR.EmitLLVM
Lean.ExtraModUses	Lean/ExtraModUses.cs	4741	Lean.CoreM,Lean.Compiler.MetaAttr,Init.Data.Range.Polymorphic.Stream
Lean.Compiler.CSimpAttr	Lean/Compiler/CSimpAttr.cs	7012	Lean.ScopedEnvExtension,Lean.Util.Recognizers,Lean.ExtraModUses
Lean.Compiler.FFI	Lean/Compiler/FFI.cs	1220	Init.System.FilePath,Init.Data.String.Search
Lean.Compiler.LCNF.AlphaEqv	Lean/Compiler/LCNF/AlphaEqv.cs	4033	Lean.Compiler.LCNF.Basic,Init.Omega
Lean.Compiler.LCNF.PassManager	Lean/Compiler/LCNF/PassManager.cs	4457	Lean.Compiler.LCNF.CompilerM,Init.Data.Fin.Lemmas,Init.Omega
Lean.Compiler.LCNF.PhaseExt	Lean/Compiler/LCNF/PhaseExt.cs	9055	Lean.Compiler.LCNF.PassManager,Lean.Compiler.LCNF.PublicDeclsExt
Lean.Compiler.LCNF.ToImpureType	Lean/Compiler/LCNF/ToImpureType.cs	9387	Lean.Compiler.LCNF.Irrelevant,Lean.Compiler.LCNF.MonoTypes,Init.Data.Format.Macro
Lean.Compiler.LCNF.OtherDecl	Lean/Compiler/LCNF/OtherDecl.cs	388	Lean.Compiler.LCNF.CompilerM,Lean.Compiler.LCNF.MonoTypes,Lean.Compiler.LCNF.ToImpureType
Lean.Compiler.LCNF.InferType	Lean/Compiler/LCNF/InferType.cs	8832	Lean.Compiler.LCNF.PhaseExt,Lean.Compiler.LCNF.OtherDecl,Init.Omega
Lean.Compiler.LCNF.Bind	Lean/Compiler/LCNF/Bind.cs	4239	Lean.Compiler.LCNF.InferType
Lean.PrettyPrinter.Delaborator.Options	Lean/PrettyPrinter/Delaborator/Options.cs	7114	Lean.Data.Options
Lean.Compiler.LCNF.Internalize	Lean/Compiler/LCNF/Internalize.cs	11201	Lean.Compiler.LCNF.Bind
Lean.Compiler.LCNF.PrettyPrinter	Lean/Compiler/LCNF/PrettyPrinter.cs	9173	Lean.PrettyPrinter.Delaborator.Options,Lean.Compiler.LCNF.Internalize,Init.Data.Format.Macro
Lean.Compiler.LCNF.CompatibleTypes	Lean/Compiler/LCNF/CompatibleTypes.cs	1528	Lean.Compiler.LCNF.InferType
Lean.Compiler.LCNF.Check	Lean/Compiler/LCNF/Check.cs	9643	Lean.Compiler.LCNF.PrettyPrinter,Lean.Compiler.LCNF.CompatibleTypes
Lean.Compiler.LCNF.ToExpr	Lean/Compiler/LCNF/ToExpr.cs	2871	Lean.Compiler.LCNF.Basic,Init.Omega
Lean.Compiler.LCNF.CSE	Lean/Compiler/LCNF/CSE.cs	6920	Lean.Compiler.LCNF.ToExpr,Lean.Compiler.LCNF.PassManager,Lean.Compiler.NeverExtractAttr
Lean.Compiler.LCNF.DependsOn	Lean/Compiler/LCNF/DependsOn.cs	1315	Lean.Compiler.LCNF.Basic
Lean.Compiler.LCNF.ElimDead	Lean/Compiler/LCNF/ElimDead.cs	4163	Lean.Compiler.LCNF.PassManager
Lean.Compiler.LCNF.FixedParams	Lean/Compiler/LCNF/FixedParams.cs	3892	Lean.Compiler.LCNF.Basic
Lean.Compiler.LCNF.PullFunDecls	Lean/Compiler/LCNF/PullFunDecls.cs	3775	Lean.Compiler.LCNF.DependsOn,Lean.Compiler.LCNF.PassManager
Lean.Compiler.LCNF.FVarUtil	Lean/Compiler/LCNF/FVarUtil.cs	7142	Lean.Compiler.LCNF.CompilerM
Lean.Compiler.LCNF.ScopeM	Lean/Compiler/LCNF/ScopeM.cs	487	Lean.Compiler.LCNF.CompilerM
Lean.Compiler.LCNF.JoinPoints	Lean/Compiler/LCNF/JoinPoints.cs	21916	Lean.Compiler.LCNF.PullFunDecls,Lean.Compiler.LCNF.FVarUtil,Lean.Compiler.LCNF.ScopeM,Lean.Compiler.LCNF.InferType
Lean.Compiler.LCNF.Level	Lean/Compiler/LCNF/Level.cs	3179	Lean.Util.CollectLevelParams,Lean.Compiler.LCNF.Basic
Lean.Compiler.Options	Lean/Compiler/Options.cs	796	Lean.Util.Trace
Lean.Compiler.LCNF.PullLetDecls	Lean/Compiler/LCNF/PullLetDecls.cs	3909	Lean.Compiler.LCNF.DependsOn,Lean.Compiler.LCNF.PassManager
Lean.Compiler.LCNF.SpecInfo	Lean/Compiler/LCNF/SpecInfo.cs	6648	Lean.Compiler.LCNF.FixedParams,Lean.Compiler.LCNF.InferType
Lean.Compiler.LCNF.MonadScope	Lean/Compiler/LCNF/MonadScope.cs	543	Lean.Compiler.LCNF.Basic
Lean.Compiler.LCNF.ReduceJpArity	Lean/Compiler/LCNF/ReduceJpArity.cs	3165	Lean.Compiler.LCNF.InferType
Lean.Compiler.LCNF.Simp.Basic	Lean/Compiler/LCNF/Simp/Basic.cs	181	Lean.Compiler.LCNF.CompilerM
Lean.Compiler.LCNF.Simp.FunDeclInfo	Lean/Compiler/LCNF/Simp/FunDeclInfo.cs	2858	Lean.Compiler.LCNF.Simp.Basic,Init.Data.Format.Macro
Lean.Compiler.LCNF.Simp.DiscrM	Lean/Compiler/LCNF/Simp/DiscrM.cs	4752	Lean.Compiler.LCNF.InferType,Lean.Compiler.LCNF.Simp.Basic
Lean.Compiler.LCNF.Simp.JpCases	Lean/Compiler/LCNF/Simp/JpCases.cs	8211	Lean.Compiler.LCNF.DependsOn,Lean.Compiler.LCNF.Internalize,Lean.Compiler.LCNF.Simp.DiscrM
Lean.Compiler.LCNF.Simp.Config	Lean/Compiler/LCNF/Simp/Config.cs	60	Init.Core
Lean.Compiler.LCNF.Renaming	Lean/Compiler/LCNF/Renaming.cs	3616	Lean.Compiler.LCNF.CompilerM
Lean.Compiler.LCNF.Simp.SimpM	Lean/Compiler/LCNF/Simp/SimpM.cs	6192	Lean.Compiler.ImplementedByAttr,Lean.Compiler.LCNF.Renaming,Lean.Compiler.LCNF.ElimDead,Lean.Compiler.LCNF.AlphaEqv,Lean.Compiler.LCNF.PrettyPrinter,Lean.Compiler.LCNF.Simp.JpCases,Lean.Compiler.LCNF.Simp.FunDeclInfo,Lean.Compiler.LCNF.Simp.Config
Lean.Compiler.LCNF.Simp.InlineCandidate	Lean/Compiler/LCNF/Simp/InlineCandidate.cs	4176	Lean.Compiler.LCNF.Simp.SimpM
Lean.Compiler.LCNF.Simp.InlineProj	Lean/Compiler/LCNF/Simp/InlineProj.cs	2037	Lean.Compiler.LCNF.Simp.SimpM
Lean.Compiler.LCNF.Simp.Used	Lean/Compiler/LCNF/Simp/Used.cs	1529	Lean.Compiler.LCNF.Simp.SimpM,Init.Omega
Lean.Compiler.LCNF.Simp.DefaultAlt	Lean/Compiler/LCNF/Simp/DefaultAlt.cs	2182	Lean.Compiler.LCNF.Simp.SimpM,Lean.Compiler.LCNF.Simp.Used
Lean.Compiler.LCNF.Simp.SimpValue	Lean/Compiler/LCNF/Simp/SimpValue.cs	1291	Lean.Compiler.LCNF.Simp.SimpM
Lean.Compiler.LCNF.Simp.ConstantFold	Lean/Compiler/LCNF/Simp/ConstantFold.cs	77287	Init.Data.UInt.Log2,Lean.Compiler.LCNF.InferType,Init.Data.UInt.Lemmas,Lean.Compiler.LCNF.Util
Lean.Compiler.LCNF.Simp.Main	Lean/Compiler/LCNF/Simp/Main.cs	13718	Lean.Compiler.LCNF.Simp.InlineCandidate,Lean.Compiler.LCNF.Simp.InlineProj,Lean.Compiler.LCNF.Simp.Used,Lean.Compiler.LCNF.Simp.DefaultAlt,Lean.Compiler.LCNF.Simp.SimpValue,Lean.Compiler.LCNF.Simp.ConstantFold
Lean.Compiler.LCNF.Simp	Lean/Compiler/LCNF/Simp.cs	2727	Lean.Compiler.LCNF.ReduceJpArity,Lean.Compiler.LCNF.Simp.Basic,Lean.Compiler.LCNF.Simp.FunDeclInfo,Lean.Compiler.LCNF.Simp.JpCases,Lean.Compiler.LCNF.Simp.Config,Lean.Compiler.LCNF.Simp.InlineCandidate,Lean.Compiler.LCNF.Simp.SimpM,Lean.Compiler.LCNF.Simp.Main,Lean.Compiler.LCNF.Simp.InlineProj,Lean.Compiler.LCNF.Simp.DefaultAlt,Lean.Compiler.LCNF.Simp.SimpValue,Lean.Compiler.LCNF.Simp.Used
Lean.Util.ForEachExprWhere	Lean/Util/ForEachExprWhere.cs	1133	Lean.Expr,Lean.Util.MonadCache
Lean.Compiler.LCNF.Closure	Lean/Compiler/LCNF/Closure.cs	4402	Lean.Util.ForEachExprWhere,Lean.Compiler.LCNF.CompilerM
Lean.Compiler.LCNF.Specialize	Lean/Compiler/LCNF/Specialize.cs	25449	Lean.Compiler.LCNF.SpecInfo,Lean.Compiler.LCNF.MonadScope,Lean.Compiler.LCNF.FVarUtil,Lean.Compiler.LCNF.Simp,Lean.Compiler.LCNF.ToExpr,Lean.Compiler.LCNF.Level,Lean.Compiler.LCNF.Closure,Lean.Meta.Transform,Init.Omega
Lean.Compiler.LCNF.ToMono	Lean/Compiler/LCNF/ToMono.cs	16090	Lean.Compiler.ImplementedByAttr,Lean.Compiler.LCNF.InferType,Lean.Compiler.NoncomputableAttr,Lean.Compiler.LCNF.MonoTypes,Init.While
Lean.Compiler.LCNF.DeclHash	Lean/Compiler/LCNF/DeclHash.cs	1130	Lean.Compiler.LCNF.Basic
Lean.Compiler.LCNF.AuxDeclCache	Lean/Compiler/LCNF/AuxDeclCache.cs	2012	Lean.Compiler.LCNF.DeclHash,Lean.Compiler.LCNF.Internalize
Lean.Compiler.LCNF.LambdaLifting	Lean/Compiler/LCNF/LambdaLifting.cs	6109	Lean.Compiler.LCNF.Closure,Lean.Compiler.LCNF.MonadScope,Lean.Compiler.LCNF.Level,Lean.Compiler.LCNF.AuxDeclCache
Lean.Compiler.LCNF.FloatLetIn	Lean/Compiler/LCNF/FloatLetIn.cs	12101	Lean.Compiler.LCNF.FVarUtil,Lean.Compiler.LCNF.PassManager,Lean.Compiler.LCNF.PhaseExt
Lean.Compiler.LCNF.ReduceArity	Lean/Compiler/LCNF/ReduceArity.cs	7761	Lean.Compiler.LCNF.Internalize
Lean.Compiler.LCNF.ElimDeadBranches	Lean/Compiler/LCNF/ElimDeadBranches.cs	21366	Lean.Compiler.LCNF.InferType
Lean.Compiler.LCNF.StructProjCases	Lean/Compiler/LCNF/StructProjCases.cs	8503	Lean.Compiler.LCNF.PrettyPrinter,Lean.Compiler.LCNF.MonoTypes
Lean.Compiler.LCNF.ExtractClosed	Lean/Compiler/LCNF/ExtractClosed.cs	10179	Lean.Compiler.ClosedTermCache,Lean.Compiler.NeverExtractAttr,Lean.Compiler.LCNF.Internalize,Lean.Compiler.LCNF.ToExpr,Lean.Compiler.LCNF.ElimDead,Lean.Compiler.LCNF.DependsOn,Init.Data.FloatArray.Basic
Lean.Compiler.LCNF.Visibility	Lean/Compiler/LCNF/Visibility.cs	8624	Lean.Compiler.ImplementedByAttr,Lean.ExtraModUses,Lean.Compiler.Options,Lean.Compiler.LCNF.PhaseExt,Lean.Compiler.LCNF.PassManager
Lean.Compiler.LCNF.ToImpure	Lean/Compiler/LCNF/ToImpure.cs	11061	Lean.Compiler.LCNF.ToImpureType,Lean.Compiler.LCNF.PassManager,Lean.Compiler.LCNF.PhaseExt,Init.Data.Format.Macro
Lean.Compiler.LCNF.PushProj	Lean/Compiler/LCNF/PushProj.cs	2549	Lean.Compiler.LCNF.PassManager,Lean.Compiler.LCNF.Internalize
Lean.Compiler.LCNF.LiveVars	Lean/Compiler/LCNF/LiveVars.cs	2123	Lean.Compiler.LCNF.CompilerM,Lean.Compiler.LCNF.DependsOn
Lean.Compiler.LCNF.PropagateBorrow	Lean/Compiler/LCNF/PropagateBorrow.cs	7162	Lean.Compiler.LCNF.CompilerM,Lean.Compiler.LCNF.PassManager,Lean.Compiler.LCNF.PhaseExt
Lean.Compiler.LCNF.ResetReuse	Lean/Compiler/LCNF/ResetReuse.cs	11665	Lean.Compiler.LCNF.CompilerM,Lean.Compiler.LCNF.PassManager,Lean.Compiler.LCNF.LiveVars,Lean.Compiler.LCNF.DependsOn,Lean.Compiler.LCNF.PhaseExt,Lean.Compiler.LCNF.PropagateBorrow
Lean.Compiler.LCNF.SimpCase	Lean/Compiler/LCNF/SimpCase.cs	4300	Lean.Compiler.LCNF.CompilerM,Lean.Compiler.LCNF.PassManager,Lean.Compiler.LCNF.AlphaEqv,Init.Omega
Lean.Compiler.LCNF.InferBorrow	Lean/Compiler/LCNF/InferBorrow.cs	15404	Lean.Compiler.LCNF.CompilerM,Lean.Compiler.LCNF.PassManager,Lean.Compiler.ExportAttr,Lean.Compiler.LCNF.MonadScope,Lean.Compiler.LCNF.FVarUtil,Lean.Compiler.LCNF.PhaseExt,Lean.Compiler.LCNF.PrettyPrinter,Std.Data.Iterators.Producers.Monadic.Array,Std.Data.Iterators.Combinators.Monadic.Zip
Lean.Compiler.LCNF.ExplicitBoxing	Lean/Compiler/LCNF/ExplicitBoxing.cs	11954	Lean.Compiler.LCNF.CompilerM,Lean.Compiler.LCNF.PassManager,Lean.Compiler.LCNF.ElimDead,Lean.Compiler.LCNF.PhaseExt,Lean.Compiler.LCNF.AuxDeclCache,Lean.Runtime
Lean.Compiler.LCNF.ExplicitRC	Lean/Compiler/LCNF/ExplicitRC.cs	18346	Lean.Compiler.LCNF.CompilerM,Lean.Compiler.LCNF.PassManager,Lean.Compiler.LCNF.PhaseExt,Lean.Compiler.LCNF.PrettyPrinter
Lean.Compiler.LCNF.CoalesceRC	Lean/Compiler/LCNF/CoalesceRC.cs	3862	Lean.Compiler.LCNF.CompilerM,Lean.Compiler.LCNF.PassManager
Lean.Compiler.LCNF.Toposort	Lean/Compiler/LCNF/Toposort.cs	2152	Lean.Compiler.LCNF.CompilerM,Lean.Compiler.LCNF.PassManager,Lean.Compiler.InitAttr
Lean.Compiler.LCNF.ExpandResetReuse	Lean/Compiler/LCNF/ExpandResetReuse.cs	9533	Lean.Compiler.LCNF.PassManager,Init.While
Lean.Compiler.LCNF.SimpleGroundExpr	Lean/Compiler/LCNF/SimpleGroundExpr.cs	12199	Lean.Compiler.LCNF.CompilerM,Lean.Compiler.LCNF.PassManager,Init.While
Lean.Compiler.LCNF.Passes	Lean/Compiler/LCNF/Passes.cs	5052	Lean.Compiler.LCNF.PullLetDecls,Lean.Compiler.LCNF.CSE,Lean.Compiler.LCNF.JoinPoints,Lean.Compiler.LCNF.Specialize,Lean.Compiler.LCNF.ToMono,Lean.Compiler.LCNF.LambdaLifting,Lean.Compiler.LCNF.FloatLetIn,Lean.Compiler.LCNF.ReduceArity,Lean.Compiler.LCNF.ElimDeadBranches,Lean.Compiler.LCNF.StructProjCases,Lean.Compiler.LCNF.ExtractClosed,Lean.Compiler.LCNF.Visibility,Lean.Compiler.LCNF.Simp,Lean.Compiler.LCNF.ToImpure,Lean.Compiler.LCNF.PushProj,Lean.Compiler.LCNF.ResetReuse,Lean.Compiler.LCNF.SimpCase,Lean.Compiler.LCNF.InferBorrow,Lean.Compiler.LCNF.ExplicitBoxing,Lean.Compiler.LCNF.ExplicitRC,Lean.Compiler.LCNF.CoalesceRC,Lean.Compiler.LCNF.Toposort,Lean.Compiler.LCNF.ExpandResetReuse,Lean.Compiler.LCNF.SimpleGroundExpr
Lean.Meta.AbstractMVars	Lean/Meta/AbstractMVars.cs	4115	Lean.Meta.Basic
Lean.Meta.Check	Lean/Meta/Check.cs	15021	Lean.Meta.Sorry,Init.Data.Range.Polymorphic.Iterators,Lean.OriginalConstKind
Lean.Meta.SynthInstance	Lean/Meta/SynthInstance.cs	40371	Init.Data.Array.InsertionSort,Lean.Meta.Instances,Lean.Meta.AbstractMVars,Lean.Meta.Check,Init.While,Lean.Util.CollectFVars
Lean.Meta.HasAssignableMVar	Lean/Meta/HasAssignableMVar.cs	1325	Lean.Meta.Basic
Lean.Meta.AppBuilder	Lean/Meta/AppBuilder.cs	23480	Lean.Meta.SynthInstance,Lean.Meta.DecLevel,Lean.Meta.CtorRecognizer,Lean.Meta.HasAssignableMVar,Lean.Structure,Init.Omega
Lean.Meta.CasesInfo	Lean/Meta/CasesInfo.cs	3740	Lean.Meta.Basic,Init.Data.Range.Polymorphic.Iterators
Lean.Compiler.LCNF.ToLCNF	Lean/Compiler/LCNF/ToLCNF.cs	30141	Lean.Meta.AppBuilder,Lean.Compiler.CSimpAttr,Lean.Compiler.ImplementedByAttr,Lean.Compiler.LCNF.Bind,Lean.Compiler.NeverExtractAttr,Lean.Meta.CasesInfo,Lean.Meta.WHNF,Lean.Compiler.NoncomputableAttr,Lean.Compiler.LCNF.Util,Init.Data.Format.Macro,Init.Omega,Lean.OriginalConstKind
Lean.Compiler.LCNF.ToDecl	Lean/Compiler/LCNF/ToDecl.cs	12040	Lean.Compiler.InitAttr,Lean.Compiler.LCNF.ToLCNF,Lean.Compiler.Options,Lean.Meta.Transform,Lean.Meta.Match.MatcherInfo,Init.While,Lean.Compiler.ExportAttr
Lean.Util.SCC	Lean/Util/SCC.cs	1358	Std.Data.HashMap.Basic,Init.Data.Option.Coe
Lean.Compiler.LCNF.SplitSCC	Lean/Compiler/LCNF/SplitSCC.cs	4203	Lean.Compiler.LCNF.CompilerM,Lean.Util.SCC
Lean.Compiler.LCNF.Main	Lean/Compiler/LCNF/Main.cs	18801	Lean.Compiler.Options,Lean.Compiler.IR,Lean.Compiler.LCNF.Passes,Lean.Compiler.LCNF.ToDecl,Lean.Compiler.LCNF.ToImpureType,Lean.Compiler.LCNF.Check,Lean.Meta.Match.MatcherInfo,Lean.Compiler.LCNF.SplitSCC,Lean.Compiler.IR.Basic,Lean.Compiler.LCNF.CompilerM
Lean.Compiler.LCNF.Probing	Lean/Compiler/LCNF/Probing.cs	10712	Lean.Compiler.LCNF.PhaseExt
Lean.Compiler.LCNF	Lean/Compiler/LCNF.cs	214	Lean.Compiler.LCNF.AlphaEqv,Lean.Compiler.LCNF.Basic,Lean.Compiler.LCNF.Bind,Lean.Compiler.LCNF.Check,Lean.Compiler.LCNF.CompilerM,Lean.Compiler.LCNF.CSE,Lean.Compiler.LCNF.DependsOn,Lean.Compiler.LCNF.ElimDead,Lean.Compiler.LCNF.FixedParams,Lean.Compiler.LCNF.InferType,Lean.Compiler.LCNF.JoinPoints,Lean.Compiler.LCNF.LCtx,Lean.Compiler.LCNF.Level,Lean.Compiler.LCNF.Main,Lean.Compiler.LCNF.Passes,Lean.Compiler.LCNF.PassManager,Lean.Compiler.LCNF.PhaseExt,Lean.Compiler.LCNF.PrettyPrinter,Lean.Compiler.LCNF.PullFunDecls,Lean.Compiler.LCNF.PullLetDecls,Lean.Compiler.LCNF.ReduceJpArity,Lean.Compiler.LCNF.Simp,Lean.Compiler.LCNF.Specialize,Lean.Compiler.LCNF.SpecInfo,Lean.Compiler.LCNF.ToDecl,Lean.Compiler.LCNF.ToExpr,Lean.Compiler.LCNF.ToLCNF,Lean.Compiler.LCNF.Types,Lean.Compiler.LCNF.Util,Lean.Compiler.LCNF.ConfigOptions,Lean.Compiler.LCNF.MonoTypes,Lean.Compiler.LCNF.ToMono,Lean.Compiler.LCNF.MonadScope,Lean.Compiler.LCNF.Closure,Lean.Compiler.LCNF.LambdaLifting,Lean.Compiler.LCNF.ReduceArity,Lean.Compiler.LCNF.Probing,Lean.Compiler.LCNF.Irrelevant,Lean.Compiler.LCNF.SplitSCC
Lean.Compiler.Main	Lean/Compiler/Main.cs	2478	Lean.Compiler.LCNF,Lean.Compiler.Options
Lean.Compiler.NameDemangling	Lean/Compiler/NameDemangling.cs	6473	Init.While,Init.Data.String.TakeDrop,Init.Data.String.Search,Init.Data.String.Iterate,Lean.Data.NameTrie,Lean.Compiler.NameMangling
Lean.Compiler	Lean/Compiler.cs	89	Lean.Compiler.InlineAttrs,Lean.Compiler.Specialize,Lean.Compiler.ClosedTermCache,Lean.Compiler.ExternAttr,Lean.Compiler.ImplementedByAttr,Lean.Compiler.NeverExtractAttr,Lean.Compiler.IR,Lean.Compiler.CSimpAttr,Lean.Compiler.FFI,Lean.Compiler.MetaAttr,Lean.Compiler.NoncomputableAttr,Lean.Compiler.Main,Lean.Compiler.NameDemangling,Lean.Compiler.Old
Lean.Parser.Basic	Lean/Parser/Basic.cs	20904	Lean.Parser.Types
Lean.DocString.Markdown	Lean/DocString/Markdown.cs	15288	Lean.DocString.Types,Lean.DocString.Extension,Lean.CoreM,Init.Data.String.TakeDrop,Init.Data.String.Search,Init.Data.String.Length,Init.Data.ToString.Macro,Init.While
Lean.BuiltinDocAttr	Lean/BuiltinDocAttr.cs	1486	Lean.Compiler.InitAttr,Lean.DocString.Markdown
Lean.Parser.Extension	Lean/Parser/Extension.cs	18254	Lean.Parser.Basic,Lean.ScopedEnvExtension,Lean.BuiltinDocAttr
Lean.Parser.StrInterpolation	Lean/Parser/StrInterpolation.cs	591	Lean.Parser.Basic
Lean.ParserCompiler.Attribute	Lean/ParserCompiler/Attribute.cs	3384	Lean.Compiler.InitAttr,Lean.ExtraModUses
Lean.KeyedDeclsAttribute	Lean/KeyedDeclsAttribute.cs	9533	Lean.ScopedEnvExtension,Lean.Compiler.InitAttr,Lean.Compiler.IR.CompilerM,Lean.ExtraModUses
Lean.PrettyPrinter.Basic	Lean/PrettyPrinter/Basic.cs	1618	Lean.KeyedDeclsAttribute
Lean.PrettyPrinter.Formatter	Lean/PrettyPrinter/Formatter.cs	18517	Lean.Parser.Extension,Lean.Parser.StrInterpolation,Lean.ParserCompiler.Attribute,Lean.PrettyPrinter.Basic,Lean.PrettyPrinter.Delaborator.Options,Lean.ExtraModUses
Lean.PrettyPrinter.Parenthesizer	Lean/PrettyPrinter/Parenthesizer.cs	14932	Lean.Parser.Extension,Lean.Parser.StrInterpolation,Lean.ParserCompiler.Attribute,Lean.PrettyPrinter.Basic,Lean.PrettyPrinter.Delaborator.Options,Lean.ExtraModUses
Lean.Parser.Extra	Lean/Parser/Extra.cs	12752	Lean.PrettyPrinter.Formatter,Lean.PrettyPrinter.Parenthesizer,Lean.Parser.Types,Lean.Parser.Basic,Lean.Parser.Extension,Lean.Hygiene
Lean.Parser.Level	Lean/Parser/Level.cs	3786	Lean.Parser.Extra
Lean.Parser.Attr	Lean/Parser/Attr.cs	8285	Lean.Parser.Extra
Lean.Parser.Term.Doc	Lean/Parser/Term/Doc.cs	2358	Lean.Parser.Extension
Lean.Parser.Term.Basic	Lean/Parser/Term/Basic.cs	11801	Lean.Parser.Attr,Lean.Parser.Level,Lean.Parser.Term.Doc,Lean.Parser.Basic
Lean.DocString.Syntax	Lean/DocString/Syntax.cs	11124	Lean.Parser.Term.Basic,Lean.DocString.Types,Lean.Parser.Term.Basic
Lean.DocString.Parser	Lean/DocString/Parser.cs	31349	Lean.DocString.Syntax,Init.While,Init.Data.Range.Polymorphic.Iterators
Lean.DocString.View	Lean/DocString/View.cs	9147	Lean.DocString.Types,Lean.Parser.Term.Basic,Lean.DocString.Syntax,Lean.DocString.Syntax
Lean.DocString.Formatter	Lean/DocString/Formatter.cs	9740	Lean.PrettyPrinter.Formatter,Lean.DocString.Syntax,Init.Data.Range.Polymorphic.Iterators,Init.Data.Range.Polymorphic.GetElemTactic,Lean.DocString.View
Lean.Parser.Term	Lean/Parser/Term.cs	90367	Lean.Parser.Term.Basic,Lean.Parser.Term.Doc,Lean.DocString.Parser,Lean.PrettyPrinter.Formatter,Lean.DocString.Formatter
Lean.Parser.Tactic.Doc	Lean/Parser/Tactic/Doc.cs	13334	Lean.Environment,Lean.Elab.InfoTree.Main,Lean.Parser.Attr,Lean.Parser.Extension,Lean.ExtraModUses
Lean.Parser.Tactic	Lean/Parser/Tactic.cs	3113	Lean.Parser.Term,Lean.Parser.Tactic.Doc,Std.Tactic.Do.Syntax
Lean.Parser.Do	Lean/Parser/Do.cs	33538	Lean.Parser.Term
Lean.Parser.Command	Lean/Parser/Command.cs	66172	Lean.Parser.Do,Lean.DocString.Parser,Lean.Parser.Do,Lean.DocString.Parser
Lean.Parser.Module.Syntax	Lean/Parser/Module/Syntax.cs	3430	Lean.Parser.Command
Lean.Parser.Module	Lean/Parser/Module.cs	4528	Lean.Parser.Module.Syntax,Lean.Parser.Module.Syntax,Init.While,Lean.Parser.Extra
Lean.Parser.Syntax	Lean/Parser/Syntax.cs	21789	Lean.Parser.Command
Lean.Parser	Lean/Parser.cs	7957	Lean.Parser.Basic,Lean.Parser.Level,Lean.Parser.Term,Lean.Parser.Tactic,Lean.Parser.Command,Lean.Parser.Module,Lean.Parser.Syntax,Lean.Parser.Do,Lean.Parser.Tactic.Doc
Lean.DeprecatedModule	Lean/DeprecatedModule.cs	766	Lean.Compiler.ModPkgExt
Lean.Elab.Import	Lean/Elab/Import.cs	4814	Lean.Parser.Module,Lean.Parser.Module,Lean.Compiler.ModPkgExt,Lean.DeprecatedModule,Init.Data.String.Modify
Lean.Elab.Config	Lean/Elab/Config.cs	102	Lean.Meta.Basic
Lean.Util.FindMVar	Lean/Util/FindMVar.cs	213	Lean.Expr
Lean.Util.FindLevelMVar	Lean/Util/FindLevelMVar.cs	418	Lean.Expr
Lean.Util.ReplaceLevel	Lean/Util/ReplaceLevel.cs	1141	Lean.Expr
Lean.PrettyPrinter.Delaborator.Attributes	Lean/PrettyPrinter/Delaborator/Attributes.cs	583	Lean.Attributes
Lean.PrettyPrinter.Delaborator.FieldNotation	Lean/PrettyPrinter/Delaborator/FieldNotation.cs	6374	Lean.Meta.WHNF,Lean.PrettyPrinter.Delaborator.Attributes,Lean.PrettyPrinter.Delaborator.Options,Init.Data.Range.Polymorphic.Iterators
Lean.SubExpr	Lean/SubExpr.cs	5105	Lean.Meta.Basic,Init.Data.Format.Macro
Lean.PrettyPrinter.Delaborator.SubExpr	Lean/PrettyPrinter/Delaborator/SubExpr.cs	3544	Lean.SubExpr
Lean.PrettyPrinter.Delaborator.TopDownAnalyze	Lean/PrettyPrinter/Delaborator/TopDownAnalyze.cs	27498	Lean.Meta.SynthInstance,Lean.Util.FindMVar,Lean.Util.FindLevelMVar,Lean.Util.CollectLevelParams,Lean.Util.ReplaceLevel,Lean.PrettyPrinter.Delaborator.FieldNotation,Lean.PrettyPrinter.Delaborator.SubExpr,Lean.Elab.Config
Lean.PrettyPrinter.Delaborator.Basic	Lean/PrettyPrinter/Delaborator/Basic.cs	16599	Lean.KeyedDeclsAttribute,Lean.PrettyPrinter.Delaborator.TopDownAnalyze,Lean.Elab.InfoTree.Main,Lean.ExtraModUses,Init.Data.ToString.Name
Lean.Elab.ErrorUtils	Lean/Elab/ErrorUtils.cs	833	Lean.Message
Lean.PrettyPrinter.Delaborator.Metavariable	Lean/PrettyPrinter/Delaborator/Metavariable.cs	5573	Lean.PrettyPrinter.Delaborator.Basic,Lean.Elab.ErrorUtils
Lean.Meta.CoeAttr	Lean/Meta/CoeAttr.cs	4153	Lean.Meta.FunInfo
Lean.Meta.Structure	Lean/Meta/Structure.cs	11073	Lean.AddDecl,Lean.Meta.AppBuilder,Lean.Structure,Lean.Meta.Transform
Lean.PrettyPrinter.Delaborator.DeclWithSig	Lean/PrettyPrinter/Delaborator/DeclWithSig.cs	456	Lean.Parser.Types,Lean.Parser.Command
Lean.PrettyPrinter.Delaborator.Builtins	Lean/PrettyPrinter/Delaborator/Builtins.cs	61085	Lean.PrettyPrinter.Delaborator.Basic,Lean.PrettyPrinter.Delaborator.Metavariable,Lean.Meta.CoeAttr,Lean.Meta.Structure,Lean.PrettyPrinter.Formatter,Lean.PrettyPrinter.Parenthesizer,Lean.Parser.Command,Lean.PrettyPrinter.Delaborator.DeclWithSig
Lean.PrettyPrinter.Delaborator	Lean/PrettyPrinter/Delaborator.cs	44	Lean.PrettyPrinter.Delaborator.Options,Lean.PrettyPrinter.Delaborator.SubExpr,Lean.PrettyPrinter.Delaborator.TopDownAnalyze,Lean.PrettyPrinter.Delaborator.Basic,Lean.PrettyPrinter.Delaborator.Builtins
Lean.Meta.ReduceEval	Lean/Meta/ReduceEval.cs	6603	Lean.Meta.Offset
Lean.ParserCompiler	Lean/ParserCompiler.cs	6604	Lean.Meta.ReduceEval,Lean.Meta.WHNF,Lean.KeyedDeclsAttribute,Lean.ParserCompiler.Attribute,Lean.Parser.Extension,Init.Data.Range.Polymorphic.Iterators
Lean.Util.NumObjs	Lean/Util/NumObjs.cs	684	Lean.Expr,Lean.Util.PtrSet
Lean.Util.ShareCommon	Lean/Util/ShareCommon.cs	2980	Init.ShareCommon,Std.Data.HashSet.Basic,Lean.Data.PersistentHashSet
Lean.PrettyPrinter	Lean/PrettyPrinter.cs	6194	Lean.PrettyPrinter.Delaborator.Basic,Lean.PrettyPrinter.Delaborator,Lean.Parser.Module,Lean.ParserCompiler,Lean.Util.NumObjs,Lean.Util.ShareCommon
Lean.Meta.Diagnostics	Lean/Meta/Diagnostics.cs	6844	Lean.Meta.Basic,Lean.PrettyPrinter
Lean.DefEqAttrib	Lean/DefEqAttrib.cs	8372	Lean.Meta.Basic,Lean.Meta.Check,Lean.Meta.WHNF
Lean.Meta.Tactic.AuxLemma	Lean/Meta/Tactic/AuxLemma.cs	3084	Lean.AddDecl,Lean.DefEqAttrib
Lean.Util.ForEachExpr	Lean/Util/ForEachExpr.cs	742	Lean.Expr,Lean.Util.MonadCache
Lean.Meta.Closure	Lean/Meta/Closure.cs	14906	Lean.Meta.Check,Lean.Meta.Tactic.AuxLemma,Lean.Util.ForEachExpr
Lean.Meta.Tactic.Util	Lean/Meta/Tactic/Util.cs	11827	Lean.Util.ForEachExprWhere,Lean.Meta.PPGoal,Lean.Meta.AppBuilder
Lean.Meta.Tactic.Assumption	Lean/Meta/Tactic/Assumption.cs	1739	Lean.Meta.Tactic.Util
Lean.Meta.RecursorInfo	Lean/Meta/RecursorInfo.cs	8093	Lean.Meta.Basic,Init.Data.Range.Polymorphic.Iterators
Lean.Meta.Tactic.Clear	Lean/Meta/Tactic/Clear.cs	4017	Lean.Meta.Tactic.Util,Init.Data.Nat.Order,Init.Data.Order.Lemmas
Lean.Meta.Tactic.Revert	Lean/Meta/Tactic/Revert.cs	2867	Lean.Meta.Tactic.Clear
Lean.Meta.Tactic.Intro	Lean/Meta/Tactic/Intro.cs	6690	Lean.Meta.Tactic.Util
Lean.Meta.Tactic.FVarSubst	Lean/Meta/Tactic/FVarSubst.cs	787	Lean.Data.AssocList,Lean.LocalContext,Lean.Util.ReplaceExpr
Lean.Meta.Tactic.Induction	Lean/Meta/Tactic/Induction.cs	10159	Lean.Meta.RecursorInfo,Lean.Meta.SynthInstance,Lean.Meta.Tactic.Revert,Lean.Meta.Tactic.Intro,Lean.Meta.Tactic.FVarSubst,Lean.Meta.WHNF,Init.Omega
Lean.Meta.MatchUtil	Lean/Meta/MatchUtil.cs	2253	Lean.Util.Recognizers,Lean.Meta.CtorRecognizer
Lean.Meta.Tactic.Assert	Lean/Meta/Tactic/Assert.cs	6433	Lean.Meta.Tactic.FVarSubst,Lean.Meta.Tactic.Intro,Lean.Meta.Tactic.Revert,Lean.Elab.InfoTree.Main,Lean.Util.ForEachExpr,Lean.Meta.AppBuilder
Lean.Meta.Tactic.Replace	Lean/Meta/Tactic/Replace.cs	7126	Lean.Elab.InfoTree.Main,Lean.Meta.AppBuilder,Lean.Meta.MatchUtil,Lean.Meta.Tactic.Assert
Lean.Meta.ACLt	Lean/Meta/ACLt.cs	3759	Lean.Meta.DiscrTree.Main,Init.Data.Range.Polymorphic.Iterators,Lean.Meta.FunInfo
Lean.Meta.Match.Value	Lean/Meta/Match/Value.cs	1279	Lean.Meta.LitValues
Lean.Meta.Match.NamedPatterns	Lean/Meta/Match/NamedPatterns.cs	3722	Lean.Meta.Basic,Lean.Meta.AppBuilder,Lean.Meta.WHNF
Lean.Meta.Match.Basic	Lean/Meta/Match/Basic.cs	8915	Lean.Meta.Tactic.FVarSubst,Lean.Meta.CollectFVars,Lean.Meta.Match.Value,Lean.Meta.AppBuilder,Lean.Meta.Match.NamedPatterns
Lean.Meta.LetToHave	Lean/Meta/LetToHave.cs	17681	Lean.Meta.Check,Lean.ReservedNameAction,Lean.AddDecl,Lean.Meta.Transform,Lean.Util.CollectFVars,Lean.Util.CollectMVars,Init.Data.Range.Polymorphic.Iterators,Init.While
Lean.Meta.Eqns	Lean/Meta/Eqns.cs	11532	Lean.Meta.Match.MatcherInfo,Lean.DefEqAttrib,Lean.Meta.RecExt,Lean.Meta.LetToHave,Lean.Meta.AppBuilder
Lean.Meta.Match.MatchEqsExt	Lean/Meta/Match/MatchEqsExt.cs	2176	Lean.Meta.Match.Basic,Lean.Meta.Match.MatcherInfo,Lean.Meta.Eqns
Lean.Meta.Tactic.Subst	Lean/Meta/Tactic/Subst.cs	15558	Lean.Meta.AppBuilder,Lean.Meta.MatchUtil,Lean.Meta.Tactic.Assert
Lean.Meta.Tactic.Injection	Lean/Meta/Tactic/Injection.cs	6195	Lean.Meta.Tactic.Subst
Lean.Meta.Tactic.UnifyEq	Lean/Meta/Tactic/UnifyEq.cs	4767	Lean.Meta.Tactic.Injection,Init.Data.Nat.Internal.Linear
Lean.Util.SortExprs	Lean/Util/SortExprs.cs	1395	Lean.Expr
Lean.HeadIndex	Lean/HeadIndex.cs	1744	Lean.Expr
Lean.Meta.KExprMap	Lean/Meta/KExprMap.cs	1676	Lean.Data.AssocList,Lean.HeadIndex,Lean.Meta.Basic
Lean.Meta.Tactic.Simp.Arith.Nat.Basic	Lean/Meta/Tactic/Simp/Arith/Nat/Basic.cs	7739	Lean.Util.SortExprs,Lean.Meta.KExprMap,Lean.Data.RArray,Lean.Meta.NatInstTesters,Lean.Meta.Offset,Init.Data.Nat.Internal.Linear
Lean.Meta.Tactic.Simp.Arith.Util	Lean/Meta/Tactic/Simp/Arith/Util.cs	1239	Lean.Meta.Basic
Lean.Meta.Tactic.Simp.Arith.Nat.Simp	Lean/Meta/Tactic/Simp/Arith/Nat/Simp.cs	2492	Lean.Meta.Tactic.Simp.Arith.Util,Lean.Meta.Tactic.Simp.Arith.Nat.Basic,Lean.Meta.AppBuilder
Lean.Meta.Tactic.Simp.Arith.Nat	Lean/Meta/Tactic/Simp/Arith/Nat.cs	29	Lean.Meta.Tactic.Simp.Arith.Nat.Basic,Lean.Meta.Tactic.Simp.Arith.Nat.Simp
Lean.Meta.IntInstTesters	Lean/Meta/IntInstTesters.cs	3265	Lean.Meta.Basic
Lean.Meta.Tactic.Simp.Arith.Int.Basic	Lean/Meta/Tactic/Simp/Arith/Int/Basic.cs	10609	Init.Data.Int.Linear,Lean.Util.SortExprs,Lean.Meta.IntInstTesters,Lean.Meta.AppBuilder,Lean.Meta.KExprMap,Lean.Data.RArray,Lean.Meta.LitValues
Lean.Meta.Tactic.Simp.Arith.Int.Simp	Lean/Meta/Tactic/Simp/Arith/Int/Simp.cs	6246	Lean.Meta.Tactic.Simp.Arith.Util,Lean.Meta.Tactic.Simp.Arith.Int.Basic
Lean.Meta.Tactic.Simp.Arith.Int	Lean/Meta/Tactic/Simp/Arith/Int.cs	29	Lean.Meta.Tactic.Simp.Arith.Int.Basic,Lean.Meta.Tactic.Simp.Arith.Int.Simp
Lean.Meta.Tactic.Simp.Arith	Lean/Meta/Tactic/Simp/Arith.cs	85	Lean.Meta.Tactic.Simp.Arith.Nat,Lean.Meta.Tactic.Simp.Arith.Int
Lean.Meta.CongrTheorems	Lean/Meta/CongrTheorems.cs	14001	Lean.AddDecl,Lean.ReservedNameAction,Lean.Structure,Lean.Meta.Tactic.Subst,Lean.Meta.FunInfo
Lean.DocString	Lean/DocString.cs	324	Lean.DocString.Extension,Lean.DocString.Markdown,Lean.DocString.Links,Lean.Parser.Tactic.Doc,Lean.Parser.Term.Doc,Lean.ResolveName
Lean.Meta.Tactic.Simp.SimpTheorems	Lean/Meta/Tactic/Simp/SimpTheorems.cs	28472	Lean.Meta.DiscrTree.Main,Lean.Meta.Tactic.AuxLemma,Lean.DocString,Lean.Meta.AppBuilder,Lean.Meta.Eqns,Lean.Meta.WHNF,Init.Data.Format.Macro,Lean.ExtraModUses
Lean.Meta.Tactic.Simp.SimpCongrTheorems	Lean/Meta/Tactic/Simp/SimpCongrTheorems.cs	9714	Lean.Util.Recognizers,Lean.Util.CollectMVars,Lean.Meta.Basic
Lean.Meta.Tactic.Simp.Types	Lean/Meta/Tactic/Simp/Types.cs	32396	Lean.Meta.AppBuilder,Lean.Meta.CongrTheorems,Lean.Meta.Eqns,Lean.Meta.Tactic.Simp.SimpTheorems,Lean.Meta.Tactic.Simp.SimpCongrTheorems,Lean.Meta.Tactic.Replace,Init.Data.Nat.Internal.Linear
Lean.Meta.Tactic.Simp.Simproc	Lean/Meta/Tactic/Simp/Simproc.cs	18208	Lean.Compiler.InitAttr,Lean.Meta.Tactic.Simp.Types
Lean.Meta.Tactic.Simp.Attr	Lean/Meta/Tactic/Simp/Attr.cs	5697	Lean.Meta.Tactic.Simp.Simproc
Lean.Meta.BinderNameHint	Lean/Meta/BinderNameHint.cs	2428	Lean.Meta.Basic
Lean.Meta.Tactic.Simp.Rewrite	Lean/Meta/Tactic/Simp/Rewrite.cs	29681	Lean.Meta.ACLt,Lean.Meta.Match.MatchEqsExt,Lean.Meta.Tactic.UnifyEq,Lean.Meta.Tactic.Simp.Arith,Lean.Meta.Tactic.Simp.Attr,Lean.Meta.BinderNameHint,Lean.Meta.WHNF,Lean.Meta.HasAssignableMVar
Lean.Meta.Tactic.Simp.Diagnostics	Lean/Meta/Tactic/Simp/Diagnostics.cs	6002	Lean.Meta.Diagnostics,Lean.Meta.Tactic.Simp.Types
Lean.Meta.MonadSimp	Lean/Meta/MonadSimp.cs	145	Lean.Expr
Lean.Util.CollectLooseBVars	Lean/Util/CollectLooseBVars.cs	1126	Lean.Expr
Lean.Meta.HaveTelescope	Lean/Meta/HaveTelescope.cs	6595	Lean.Meta.Basic,Lean.Meta.MonadSimp,Lean.Util.CollectFVars,Lean.Util.CollectLooseBVars,Lean.Meta.AppBuilder,Init.While
Lean.Meta.Tactic.Simp.Main	Lean/Meta/Tactic/Simp/Main.cs	44418	Lean.Meta.Tactic.Replace,Lean.Meta.Tactic.Simp.Rewrite,Lean.Meta.Tactic.Simp.Diagnostics,Lean.Meta.Match.Value,Lean.Meta.MonadSimp,Lean.Util.CollectLooseBVars,Lean.Meta.HaveTelescope,Lean.PrettyPrinter,Lean.ExtraModUses
Lean.Meta.Tactic.Acyclic	Lean/Meta/Tactic/Acyclic.cs	3159	Lean.Meta.MatchUtil,Lean.Meta.Tactic.Simp.Main
Lean.Meta.CompletionName	Lean/Meta/CompletionName.cs	308	Lean.Meta.Match.MatcherInfo
Lean.Meta.TryThis	Lean/Meta/TryThis.cs	2596	Lean.Data.Lsp.Basic,Lean.PrettyPrinter
Lean.Util.Diff	Lean/Util/Diff.cs	3189	Init.Data.Array.Subarray.Split,Init.Data.Slice.Array.Iterator,Init.Data.Range,Std.Data.HashMap.Basic,Init.Data.String.Basic,Init.Data.Range.Polymorphic.RangeIterator,Init.While,Init.Data.Range.Polymorphic.Iterators,Init.Data.Range.Polymorphic.Nat,Init.Data.ToString.Macro,Init.Omega
Lean.Meta.Hint	Lean/Meta/Hint.cs	11266	Lean.Meta.TryThis,Lean.Util.Diff
Lean.Linter.Deprecated	Lean/Linter/Deprecated.cs	12504	Lean.Meta.Basic,Lean.Linter.Init,Lean.Elab.InfoTree.Main,Lean.ExtraModUses,Lean.Meta.Hint,Init.Data.List.MapIdx,Init.Omega
Lean.Meta.Constructions.CtorIdx	Lean/Meta/Constructions/CtorIdx.cs	6722	Lean.Meta.Basic,Lean.AddDecl,Lean.Meta.CompletionName,Lean.Linter.Deprecated,Lean.Compiler.ImplementedByAttr,Lean.Compiler.LCNF.Util
Lean.Meta.HasNotBit	Lean/Meta/HasNotBit.cs	1123	Lean.Meta.Basic,Lean.Meta.MatchUtil
Lean.Meta.Constructions.SparseCasesOn	Lean/Meta/Constructions/SparseCasesOn.cs	6978	Lean.Meta.Basic,Lean.AddDecl,Lean.Meta.Constructions.CtorIdx,Lean.Meta.HasNotBit,Lean.Meta.Transform
Lean.Meta.Tactic.Cases	Lean/Meta/Tactic/Cases.cs	14902	Lean.Meta.Tactic.Induction,Lean.Meta.Tactic.Acyclic,Lean.Meta.Tactic.UnifyEq,Lean.Meta.Constructions.SparseCasesOn,Lean.Meta.Constructions.CtorIdx,Init.Omega
Lean.Meta.Tactic.Apply	Lean/Meta/Tactic/Apply.cs	11855	Lean.Meta.Tactic.Util,Lean.PrettyPrinter,Lean.Meta.AppBuilder,Init.Omega
Lean.Meta.Tactic.Contradiction	Lean/Meta/Tactic/Contradiction.cs	20688	Lean.Meta.Tactic.Assumption,Lean.Meta.Tactic.Cases,Lean.Meta.Tactic.Apply,Lean.Meta.HasNotBit,Lean.Meta.Tactic.Simp.Rewrite
Lean.Meta.KAbstract	Lean/Meta/KAbstract.cs	1457	Lean.HeadIndex,Lean.Meta.Basic
Lean.Meta.GeneralizeTelescope	Lean/Meta/GeneralizeTelescope.cs	1520	Lean.Meta.KAbstract,Lean.Meta.Check
Lean.Meta.Match.MatcherApp.Basic	Lean/Meta/Match/MatcherApp/Basic.cs	740	Lean.Meta.Match.MatcherInfo
Lean.Meta.Match.MVarRenaming	Lean/Meta/Match/MVarRenaming.cs	356	Lean.Util.ReplaceExpr
Lean.Meta.Match.SimpH	Lean/Meta/Match/SimpH.cs	4653	Lean.Meta.Basic,Lean.Meta.Tactic.Contradiction
Lean.Meta.Match.SolveOverlap	Lean/Meta/Match/SolveOverlap.cs	11710	Lean.Meta.Basic,Lean.Meta.Tactic.Contradiction
Lean.Meta.Match.CaseValues	Lean/Meta/Match/CaseValues.cs	2217	Lean.Meta.Basic,Lean.Meta.Tactic.FVarSubst,Lean.Meta.Tactic.Subst
Lean.Meta.Match.CaseArraySizes	Lean/Meta/Match/CaseArraySizes.cs	3505	Lean.Meta.Basic,Lean.Meta.Tactic.FVarSubst,Lean.Meta.Match.CaseValues,Lean.Meta.Tactic.Subst
Lean.Meta.Match.Match	Lean/Meta/Match/Match.cs	57916	Lean.Meta.Closure,Lean.Meta.Tactic.Contradiction,Lean.Meta.GeneralizeTelescope,Lean.Meta.Match.Basic,Lean.Meta.Match.MatcherApp.Basic,Lean.Meta.Match.MVarRenaming,Lean.Meta.Match.MVarRenaming,Lean.Meta.Match.SimpH,Lean.Meta.Match.SolveOverlap,Lean.Meta.HasNotBit,Lean.Meta.Match.CaseArraySizes,Lean.Meta.Match.CaseValues,Lean.Meta.Match.NamedPatterns
Lean.Meta.GeneralizeVars	Lean/Meta/GeneralizeVars.cs	4987	Lean.Meta.Basic,Lean.Util.CollectFVars
Lean.Elab.BindersUtil	Lean/Elab/BindersUtil.cs	2380	Lean.Parser.Term,Lean.Parser.Term,Lean.Parser.Do,Init.Syntax
Lean.Meta.Coe	Lean/Meta/Coe.cs	13624	Lean.Meta.AppBuilder,Lean.ExtraModUses,Lean.Meta.WHNF
Lean.Util.CollectLevelMVars	Lean/Util/CollectLevelMVars.cs	1290	Lean.Expr
Lean.Elab.Util	Lean/Elab/Util.cs	8814	Lean.Parser.Extension,Lean.Parser.Command,Lean.KeyedDeclsAttribute,Lean.BuiltinDocAttr,Lean.ExtraModUses,Init.Prelude
Lean.Elab.DeprecatedSyntax	Lean/Elab/DeprecatedSyntax.cs	1223	Lean.MonadEnv,Lean.Linter.Init,Lean.Elab.Util
Lean.Elab.Attributes	Lean/Elab/Attributes.cs	1782	Lean.Elab.Util,Lean.Compiler.InitAttr,Lean.Parser.Term,Init.Data.Format.Macro
Lean.Elab.AutoBound	Lean/Elab/AutoBound.cs	1136	Lean.Meta.Hint
Lean.Elab.Level	Lean/Elab/Level.cs	2713	Lean.Elab.AutoBound
Lean.Elab.PreDefinition.TerminationHint	Lean/Elab/PreDefinition/TerminationHint.cs	4089	Lean.Parser.Term,Lean.Parser.Term,Init.Omega
Lean.Elab.DeclarationRange	Lean/Elab/DeclarationRange.cs	493	Lean.Parser.Command
Lean.Elab.WhereFinally	Lean/Elab/WhereFinally.cs	267	Lean.Parser.Term
Lean.Elab.InfoTree.InlayHints	Lean/Elab/InfoTree/InlayHints.cs	550	Lean.Meta.Basic
Lean.Elab.Term.TermElabM	Lean/Elab/Term/TermElabM.cs	66356	Lean.Meta.Coe,Lean.Util.CollectLevelMVars,Lean.Linter.Deprecated,Lean.Elab.DeprecatedSyntax,Lean.Elab.Attributes,Lean.Elab.Level,Lean.Elab.PreDefinition.TerminationHint,Lean.Elab.DeclarationRange,Lean.Elab.WhereFinally,Lean.Elab.InfoTree.InlayHints,Lean.Parser.Term
Lean.Elab.Command.Scope	Lean/Elab/Command/Scope.cs	96	Lean.Parser.Term
Lean.Elab.DocString	Lean/Elab/DocString.cs	90407	Lean.Elab.Term.TermElabM,Lean.Elab.Command.Scope,Lean.DocString.Markdown,Lean.DocString.View,Lean.DocString.Syntax,Lean.DocString.Parser,Lean.BuiltinDocAttr,Init.Omega
Lean.DocString.Add	Lean/DocString/Add.cs	12079	Lean.Elab.DocString,Lean.DocString.DeferredCheck,Lean.DocString.Types,Lean.DocString.Parser,Lean.Elab.Term.TermElabM
Lean.Elab.DeclModifiers	Lean/Elab/DeclModifiers.cs	10706	Lean.DocString.Add,Lean.Linter.Init,Lean.Parser.Command
Lean.Elab.Term	Lean/Elab/Term.cs	2329	Lean.Elab.DeclModifiers,Lean.Elab.Term.TermElabM
Lean.Elab.Arg	Lean/Elab/Arg.cs	1533	Lean.Elab.Term
Lean.Elab.MatchAltView	Lean/Elab/MatchAltView.cs	130	Lean.Elab.Term
Lean.Elab.PatternVar	Lean/Elab/PatternVar.cs	19661	Lean.Elab.Arg,Lean.Elab.MatchAltView,Init.Syntax,Init.Data.Nat.Internal.Linear,Init.Omega
Lean.Elab.Quotation.Util	Lean/Elab/Quotation/Util.cs	2091	Lean.Elab.Term
Lean.Elab.Quotation.Precheck	Lean/Elab/Quotation/Precheck.cs	9203	Lean.Elab.Quotation.Util,Lean.Elab.DeprecatedSyntax
Lean.Util.OccursCheck	Lean/Util/OccursCheck.cs	1486	Lean.MetavarContext
Lean.Elab.Tactic.Basic	Lean/Elab/Tactic/Basic.cs	29202	Lean.Meta.Tactic.Util,Lean.Elab.Term,Lean.Elab.DeprecatedSyntax,Init.Omega
Lean.Meta.AbstractNestedProofs	Lean/Meta/AbstractNestedProofs.cs	4855	Init.Grind.Util,Lean.Meta.Closure,Lean.Meta.Transform
Lean.Elab.SyntheticMVars	Lean/Elab/SyntheticMVars.cs	32441	Lean.Util.ForEachExpr,Lean.Util.OccursCheck,Lean.Elab.Tactic.Basic,Lean.Meta.AbstractNestedProofs,Init.Data.List.Sort.Basic,Lean.Elab.ErrorUtils
Lean.Elab.Match	Lean/Elab/Match.cs	52584	Lean.Meta.Match.Match,Lean.Meta.GeneralizeVars,Lean.Elab.BindersUtil,Lean.Elab.PatternVar,Lean.Elab.Quotation.Precheck,Lean.Elab.SyntheticMVars,Lean.Meta.Match.Value,Lean.Meta.Match.NamedPatterns
Lean.Elab.Binders	Lean/Elab/Binders.cs	31677	Lean.Elab.Match,Lean.Linter.Init
Lean.Elab.SetOption	Lean/Elab/SetOption.cs	1834	Lean.Elab.InfoTree,Init.Syntax
Lean.Linter.CodeQuality.Basic	Lean/Linter/CodeQuality/Basic.cs	763	Init.Data.Float,Std.Data.TreeMap.Basic,Init.Data.Ord,Lean.Data.Json
Lean.Linter.PersistentLintLog	Lean/Linter/PersistentLintLog.cs	1659	Lean.Environment,Lean.Message,Lean.Linter.Init,Lean.Linter.CodeQuality.Basic,Lean.Elab.DeclarationRange
Lean.Elab.Command	Lean/Elab/Command.cs	66823	Lean.Meta.Diagnostics,Lean.Elab.Binders,Lean.Elab.Command.Scope,Lean.Elab.SetOption,Lean.Elab.DeprecatedSyntax,Lean.Linter.PersistentLintLog,Lean.Parser.Command
Lean.Meta.Tactic.ElimInfo	Lean/Meta/Tactic/ElimInfo.cs	13899	Lean.Meta.Check,Init.Data.Range.Polymorphic.Iterators
Lean.Elab.RecAppSyntax	Lean/Elab/RecAppSyntax.cs	589	Init.Data.String.Substring,Lean.Expr
Lean.IdentifierSuggestion	Lean/IdentifierSuggestion.cs	6762	Lean.Elab.DeclModifiers,Lean.Elab.ErrorUtils,Init.Omega
Lean.Elab.DeprecatedArg	Lean/Elab/DeprecatedArg.cs	4609	Lean.EnvExtension,Lean.Message,Lean.Elab.Term
Lean.Elab.App	Lean/Elab/App.cs	92772	Lean.Meta.Tactic.ElimInfo,Lean.Elab.Binders,Lean.Elab.RecAppSyntax,Lean.IdentifierSuggestion,Lean.Elab.ErrorUtils,Lean.Elab.DeprecatedArg,Init.Omega,Init.Data.List.MapIdx
Lean.Elab.Syntax	Lean/Elab/Syntax.cs	28880	Lean.Elab.Command,Lean.Parser.Syntax,Lean.Parser.Syntax,Init.Data.String.Modify,Init.Omega
Lean.Elab.MacroArgUtil	Lean/Elab/MacroArgUtil.cs	16621	Lean.Elab.Syntax
Lean.Meta.Tactic.Simp.RegisterCommand	Lean/Meta/Tactic/Simp/RegisterCommand.cs	2423	Lean.Meta.Tactic.Simp.Attr,Lean.Meta.Tactic.Simp.Simproc
Lean.Elab.InfoTree.Util	Lean/Elab/InfoTree/Util.cs	10776	Lean.DocString,Lean.PrettyPrinter
Lean.Linter.Util	Lean/Linter/Util.cs	1301	Lean.Elab.InfoTree.Util,Lean.Linter.Init,Lean.Elab.Term,Lean.Linter.CodeQuality.Basic
Lean.Linter.MissingDocs	Lean/Linter/MissingDocs.cs	16675	Lean.Parser.Syntax,Lean.Meta.Tactic.Simp.RegisterCommand,Lean.Elab.Command,Lean.Linter.Util
Lean.Elab.BinderPredicates	Lean/Elab/BinderPredicates.cs	6066	Lean.Elab.MacroArgUtil,Lean.Linter.MissingDocs
Lean.Elab.DeclNameGen	Lean/Elab/DeclNameGen.cs	9936	Lean.Elab.Command,Init.Data.String.Modify,Init.Omega
Lean.Meta.WrapInstance	Lean/Meta/WrapInstance.cs	26258	Lean.Meta.Closure,Lean.Meta.SynthInstance,Lean.Meta.CtorRecognizer,Lean.Meta.AppBuilder,Lean.Structure,Lean.ExtraModUses
Lean.Elab.Deriving.Basic	Lean/Elab/Deriving/Basic.cs	27753	Lean.Elab.App,Lean.Elab.DeclNameGen,Lean.Compiler.NoncomputableAttr,Lean.Meta.WrapInstance
Lean.Util.NumApps	Lean/Util/NumApps.cs	1420	Lean.Expr,Lean.Util.PtrSet
Lean.Elab.DeclUtil	Lean/Elab/DeclUtil.cs	2072	Lean.Meta.Check,Lean.Parser.Command
Lean.Elab.DefView	Lean/Elab/DefView.cs	8078	Lean.Elab.DeclNameGen,Lean.Elab.DeclUtil
Lean.Elab.PreDefinition.Basic	Lean/Elab/PreDefinition/Basic.cs	21179	Lean.Compiler.NoncomputableAttr,Lean.Util.NumApps,Lean.Meta.Eqns,Lean.Elab.RecAppSyntax,Lean.Meta.WrapInstance,Lean.Elab.DefView
Lean.Elab.PreDefinition.Mutual	Lean/Elab/PreDefinition/Mutual.cs	2072	Lean.Elab.PreDefinition.Basic
Lean.Elab.PreDefinition.TerminationMeasure	Lean/Elab/PreDefinition/TerminationMeasure.cs	3856	Lean.Elab.Binders,Init.Omega
Lean.Elab.PreDefinition.Structural.Basic	Lean/Elab/PreDefinition/Structural/Basic.cs	1230	Lean.Meta.ForEachExpr
Lean.Elab.PreDefinition.FixedParams	Lean/Elab/PreDefinition/FixedParams.cs	17652	Lean.Elab.PreDefinition.Basic,Init.Omega
Lean.Elab.PreDefinition.Structural.IndGroupInfo	Lean/Elab/PreDefinition/Structural/IndGroupInfo.cs	3690	Lean.Meta.InferType
Lean.Elab.PreDefinition.Structural.RecArgInfo	Lean/Elab/PreDefinition/Structural/RecArgInfo.cs	1603	Lean.Elab.PreDefinition.FixedParams,Lean.Elab.PreDefinition.Structural.IndGroupInfo
Lean.Elab.PreDefinition.Structural.FindRecArg	Lean/Elab/PreDefinition/Structural/FindRecArg.cs	14655	Lean.Elab.PreDefinition.TerminationMeasure,Lean.Elab.PreDefinition.Structural.Basic,Lean.Elab.PreDefinition.Structural.RecArgInfo,Init.Omega
Lean.Elab.PreDefinition.Structural.Preprocess	Lean/Elab/PreDefinition/Structural/Preprocess.cs	2935	Lean.Elab.RecAppSyntax,Lean.Meta.WHNF
Lean.Util.HasConstCache	Lean/Util/HasConstCache.cs	1021	Lean.Expr,Std.Data.HashMap.Raw
Lean.Meta.PProdN	Lean/Meta/PProdN.cs	5749	Lean.Meta.Transform,Init.Data.Range.Polymorphic.Iterators,Init.Omega
Lean.Meta.Match.AltTelescopes	Lean/Meta/Match/AltTelescopes.cs	2668	Lean.Meta.Match.MatcherInfo,Lean.Meta.Match.NamedPatterns,Lean.Meta.MatchUtil,Lean.Meta.AppBuilder,Init.Data.Nat.Order,Init.Data.Order.Lemmas
Lean.Meta.Tactic.Generalize	Lean/Meta/Tactic/Generalize.cs	4866	Lean.Meta.KAbstract,Lean.Meta.Tactic.Intro,Lean.Meta.Tactic.FVarSubst,Lean.Meta.Tactic.Revert,Lean.Meta.AppBuilder
Lean.Meta.Tactic.SplitIf	Lean/Meta/Tactic/SplitIf.cs	12848	Lean.Meta.Tactic.Cases,Lean.Meta.Tactic.Simp.Rewrite,Lean.Meta.Tactic.Simp.Main
Lean.Meta.Tactic.Split	Lean/Meta/Tactic/Split.cs	22272	Lean.Meta.Match.MatcherApp.Basic,Lean.Meta.Tactic.Apply,Lean.Meta.Tactic.Generalize,Lean.Meta.Tactic.Simp.Types,Lean.Meta.Tactic.Simp.Main,Lean.Meta.Tactic.SplitIf
Lean.Meta.Reduce	Lean/Meta/Reduce.cs	2515	Lean.Meta.FunInfo,Init.Data.Range.Polymorphic.Iterators
Lean.Meta.Tactic.Refl	Lean/Meta/Tactic/Refl.cs	2547	Lean.Meta.Reduce,Lean.Meta.Tactic.Apply
Lean.Meta.Match.MatcherApp.Transform	Lean/Meta/Match/MatcherApp/Transform.cs	19389	Lean.Meta.Match.MatcherApp.Basic,Lean.Meta.Match.MatchEqsExt,Lean.Meta.Match.AltTelescopes,Lean.Meta.AppBuilder,Lean.Meta.Tactic.Split,Lean.Meta.Tactic.Refl
Lean.Elab.PreDefinition.Structural.BRecOn	Lean/Elab/PreDefinition/Structural/BRecOn.cs	14723	Lean.Util.HasConstCache,Lean.Meta.PProdN,Lean.Meta.Match.MatcherApp.Transform,Lean.Elab.PreDefinition.Structural.Basic,Lean.Elab.PreDefinition.Structural.RecArgInfo,Init.Data.Nat.Order,Init.Data.Order.Lemmas
Lean.Meta.Constructions.CasesOn	Lean/Meta/Constructions/CasesOn.cs	7241	Lean.AddDecl,Lean.Meta.Basic,Lean.Meta.InferType
Lean.Meta.IndPredBelow	Lean/Meta/IndPredBelow.cs	25448	Lean.Meta.Match.MatcherApp.Basic,Lean.Meta.Constructions.CasesOn,Lean.Meta.Match.Match,Init.Data.Nat.Internal.Linear,Init.Omega
Lean.Elab.PreDefinition.Structural.IndPred	Lean/Elab/PreDefinition/Structural/IndPred.cs	7376	Lean.Elab.PreDefinition.Structural.Basic,Lean.Elab.PreDefinition.Structural.RecArgInfo,Lean.Util.HasConstCache,Lean.Meta.IndPredBelow,Init.Omega
Lean.Meta.Tactic.Delta	Lean/Meta/Tactic/Delta.cs	3485	Lean.Meta.Tactic.Replace,Lean.Meta.Transform
Lean.Elab.PreDefinition.EqnsUtils	Lean/Elab/PreDefinition/EqnsUtils.cs	2057	Lean.Meta.Basic,Lean.Meta.Tactic.Split,Lean.Meta.Tactic.Refl,Lean.Meta.Tactic.Delta,Lean.Meta.Tactic.SplitIf,Lean.Meta.Tactic.Contradiction
Lean.Meta.Tactic.CasesOnStuckLHS	Lean/Meta/Tactic/CasesOnStuckLHS.cs	1102	Lean.Meta.Basic,Lean.ProjFns,Lean.Meta.Tactic.Cases
Lean.Elab.PreDefinition.Structural.Eqns	Lean/Elab/PreDefinition/Structural/Eqns.cs	13654	Lean.Elab.PreDefinition.FixedParams,Lean.Elab.PreDefinition.EqnsUtils,Lean.Meta.Tactic.CasesOnStuckLHS,Lean.Meta.Tactic.Delta,Lean.Meta.Tactic.Simp.Main,Lean.Meta.Tactic.Delta,Lean.Meta.Tactic.CasesOnStuckLHS,Lean.Meta.Tactic.Split
Lean.Elab.PreDefinition.Structural.SmartUnfolding	Lean/Elab/PreDefinition/Structural/SmartUnfolding.cs	4881	Lean.Elab.PreDefinition.Basic,Lean.Elab.PreDefinition.Structural.Basic
Lean.Server.ServerTask	Lean/Server/ServerTask.cs	2264	Init.Task,Init.System.IO
Lean.Server.RequestCancellation	Lean/Server/RequestCancellation.cs	629	Lean.Server.ServerTask,Init.System.Promise,Init.System.CancelToken
Lean.Server.FileSource	Lean/Server/FileSource.cs	1156	Lean.Data.Lsp
Lean.Language.Lean.Types	Lean/Language/Lean/Types.cs	786	Lean.Elab.Command
Lean.Server.Utils	Lean/Server/Utils.cs	2269	Init.System.Uri,Lean.Data.Lsp.Communication,Lean.Data.Lsp.Diagnostics,Lean.Data.Lsp.Extra,Lean.Elab.InfoTree.Util
Lean.Widget.TaggedText	Lean/Widget/TaggedText.cs	5807	Lean.Server.Rpc.Basic,Init.Data.Array.GetLit,Init.Data.String.Length
Lean.Widget.Basic	Lean/Widget/Basic.cs	220	Lean.Elab.InfoTree,Lean.Elab.InfoTree.Util
Lean.Widget.InteractiveCode	Lean/Widget/InteractiveCode.cs	2716	Lean.Widget.TaggedText,Lean.Widget.Basic
Lean.Widget.InteractiveGoal	Lean/Widget/InteractiveGoal.cs	14623	Lean.Widget.InteractiveCode,Lean.Data.Lsp.Extra
Lean.Linter.UnusedVariables	Lean/Linter/UnusedVariables.cs	21270	Lean.Elab.Command,Lean.Linter.Util
Lean.Widget.InteractiveDiagnostic	Lean/Widget/InteractiveDiagnostic.cs	16494	Lean.Server.Utils,Lean.Widget.InteractiveGoal,Init.Data.Array.Subarray.Split,Lean.Linter.UnusedVariables
Lean.Server.Snapshots	Lean/Server/Snapshots.cs	431	Lean.Elab.Import,Lean.Elab.Command,Lean.Widget.InteractiveDiagnostic
Lean.Server.AsyncList	Lean/Server/AsyncList.cs	1696	Lean.Server.ServerTask
Lean.Server.FileWorker.Utils	Lean/Server/FileWorker/Utils.cs	2161	Lean.Language.Lean.Types,Lean.Server.Snapshots,Lean.Server.AsyncList,Std.Sync.Mutex
Lean.Server.Requests	Lean/Server/Requests.cs	8835	Lean.Server.RequestCancellation,Lean.Server.FileSource,Lean.Server.FileWorker.Utils,Std.Sync.Mutex
Lean.Server.CodeActions.Basic	Lean/Server/CodeActions/Basic.cs	8887	Lean.Server.Requests
Lean.Server.CodeActions.Attr	Lean/Server/CodeActions/Attr.cs	6168	Lean.Server.CodeActions.Basic,Lean.Compiler.IR.CompilerM
Lean.Linter.AmbiguousOpen	Lean/Linter/AmbiguousOpen.cs	1426	Lean.ResolveName,Lean.Linter.Init
Lean.Elab.Open	Lean/Elab/Open.cs	3913	Lean.Elab.Util,Lean.Parser.Command,Lean.Parser.Command,Lean.Linter.AmbiguousOpen,Init.Omega
Lean.Meta.Eval	Lean/Meta/Eval.cs	3685	Lean.AddDecl,Lean.Meta.Check,Lean.Util.CollectLevelParams,Lean.Compiler.Options
Lean.Elab.Eval	Lean/Elab/Eval.cs	988	Lean.Meta.Eval,Lean.Elab.SyntheticMVars
Lean.Elab.BuiltinTerm	Lean/Elab/BuiltinTerm.cs	40125	Lean.Meta.Diagnostics,Lean.Meta.WrapInstance,Lean.Elab.Open,Lean.Elab.SetOption,Lean.Elab.Eval,Lean.Compiler.NoncomputableAttr
Lean.Elab.BuiltinNotation	Lean/Elab/BuiltinNotation.cs	32645	Lean.Compiler.ImplementedByAttr,Lean.Elab.Eval,Lean.Elab.Binders,Lean.IdentifierSuggestion,Lean.Parser.Do,Lean.Compiler.BorrowedAnnotation
Lean.Server.CodeActions.Provider	Lean/Server/CodeActions/Provider.cs	4557	Std.Data.Iterators.Producers.Range,Std.Data.Iterators.Combinators.StepSize,Lean.Elab.BuiltinTerm,Lean.Elab.BuiltinNotation,Lean.Server.CodeActions.Attr
Lean.Server.CodeActions	Lean/Server/CodeActions.cs	34	Lean.Server.CodeActions.Attr,Lean.Server.CodeActions.Basic,Lean.Server.CodeActions.Provider
Lean.Meta.Tactic.ExposeNames	Lean/Meta/Tactic/ExposeNames.cs	5561	Lean.Meta.Tactic.Util,Init.While
Lean.Server.Rpc.RequestHandling	Lean/Server/Rpc/RequestHandling.cs	5583	Lean.Server.Requests
Lean.Language.Lean.Util	Lean/Language/Lean/Util.cs	2005	Lean.Language.Lean.Types,Lean.Elab.InfoTree.Util
Lean.Widget.UserWidget	Lean/Widget/UserWidget.cs	13406	Lean.Elab.Eval,Lean.Server.Rpc.RequestHandling,Lean.Language.Lean.Util
Lean.Meta.Tactic.TryThis	Lean/Meta/Tactic/TryThis.cs	10746	Lean.Server.CodeActions,Lean.Meta.Tactic.ExposeNames,Lean.Widget.UserWidget,Lean.Widget.UserWidget
Lean.Elab.PreDefinition.Structural.Main	Lean/Elab/PreDefinition/Structural/Main.cs	12248	Lean.Elab.PreDefinition.Mutual,Lean.Elab.PreDefinition.Structural.FindRecArg,Lean.Elab.PreDefinition.Structural.Preprocess,Lean.Elab.PreDefinition.Structural.BRecOn,Lean.Elab.PreDefinition.Structural.IndPred,Lean.Elab.PreDefinition.Structural.Eqns,Lean.Elab.PreDefinition.Structural.SmartUnfolding,Lean.Meta.Tactic.TryThis
Lean.Elab.PreDefinition.Structural	Lean/Elab/PreDefinition/Structural.cs	24	Lean.Elab.PreDefinition.Structural.Main
Lean.Meta.ArgsPacker.Basic	Lean/Meta/ArgsPacker/Basic.cs	55	Init.Data.Array.Basic
Lean.Meta.ArgsPacker	Lean/Meta/ArgsPacker.cs	9656	Lean.Meta.AppBuilder,Lean.Meta.PProdN,Lean.Meta.ArgsPacker.Basic,Init.Omega,Init.While
Lean.Elab.PreDefinition.WF.Eqns	Lean/Elab/PreDefinition/WF/Eqns.cs	5214	Lean.Elab.PreDefinition.FixedParams,Lean.Meta.ArgsPacker.Basic
Lean.Elab.PreDefinition.WF.PackMutual	Lean/Elab/PreDefinition/WF/PackMutual.cs	8048	Lean.Meta.ArgsPacker,Lean.Elab.PreDefinition.WF.Eqns
Lean.Elab.PreDefinition.WF.FloatRecApp	Lean/Elab/PreDefinition/WF/FloatRecApp.cs	2764	Lean.Meta.Transform,Lean.Elab.RecAppSyntax
Lean.Meta.Tactic.Rename	Lean/Meta/Tactic/Rename.cs	1191	Lean.Meta.Tactic.Util
Lean.Elab.PreDefinition.WF.Rel	Lean/Elab/PreDefinition/WF/Rel.cs	3411	Lean.Meta.Tactic.Rename,Lean.Elab.PreDefinition.TerminationMeasure,Lean.Elab.PreDefinition.FixedParams,Lean.Meta.ArgsPacker
Lean.Data.Array	Lean/Data/Array.cs	1480	Init.Data.Stream,Init.Data.Range.Polymorphic.Nat,Init.Data.Range.Polymorphic.Iterators
Lean.Elab.PreDefinition.WF.Basic	Lean/Elab/PreDefinition/WF/Basic.cs	540	Lean.Elab.Tactic.Basic
Lean.Meta.Tactic.Cleanup	Lean/Meta/Tactic/Cleanup.cs	6869	Lean.Meta.Basic,Lean.Meta.CollectFVars,Lean.Meta.Tactic.Util
Lean.Elab.PreDefinition.WF.Fix	Lean/Elab/PreDefinition/WF/Fix.cs	18892	Lean.Data.Array,Lean.Elab.PreDefinition.Basic,Lean.Elab.PreDefinition.WF.Basic,Lean.Meta.ArgsPacker,Lean.Meta.Match.MatcherApp.Transform,Lean.Meta.Tactic.Cleanup,Lean.Util.HasConstCache
Lean.Elab.PreDefinition.WF.Unfold	Lean/Elab/PreDefinition/WF/Unfold.cs	15624	Lean.Elab.PreDefinition.Basic,Lean.Meta.Tactic.Simp.Types,Lean.Elab.PreDefinition.EqnsUtils,Lean.Meta.Tactic.Split,Lean.Meta.Tactic.Simp.Main,Lean.Meta.Tactic.Delta,Lean.Meta.Tactic.Refl,Init.Simproc
Lean.Meta.Tactic.Simp.SimpAll	Lean/Meta/Tactic/Simp/SimpAll.cs	4942	Lean.Meta.Tactic.Simp.Main
Lean.Meta.Tactic.Simp.BuiltinSimprocs.Core	Lean/Meta/Tactic/Simp/BuiltinSimprocs/Core.cs	4420	Init.Simproc,Lean.Meta.Tactic.Simp.Simproc,Lean.Meta.CtorRecognizer
Lean.Meta.Tactic.Simp.BuiltinSimprocs.Util	Lean/Meta/Tactic/Simp/BuiltinSimprocs/Util.cs	1037	Lean.Meta.Tactic.Simp.Simproc
Lean.Meta.Tactic.Simp.BuiltinSimprocs.Nat	Lean/Meta/Tactic/Simp/BuiltinSimprocs/Nat.cs	20940	Init.Simproc,Lean.Meta.Tactic.Simp.BuiltinSimprocs.Util,Lean.Meta.LitValues,Lean.Meta.Offset,Lean.Util.SafeExponentiation,Init.Data.Nat.Dvd,Init.Data.Nat.PowMod,Init.Data.Nat.Simproc
Lean.Meta.Tactic.Simp.BuiltinSimprocs.Fin	Lean/Meta/Tactic/Simp/BuiltinSimprocs/Fin.cs	20162	Lean.Meta.Tactic.Simp.BuiltinSimprocs.Nat,Init.Omega
Lean.Meta.Tactic.Simp.BuiltinSimprocs.UInt	Lean/Meta/Tactic/Simp/BuiltinSimprocs/UInt.cs	46485	Lean.Meta.Tactic.Simp.BuiltinSimprocs.Nat,Init.Data.UInt.Lemmas
Lean.Meta.Tactic.Simp.BuiltinSimprocs.Int	Lean/Meta/Tactic/Simp/BuiltinSimprocs/Int.cs	17214	Lean.Meta.Tactic.Simp.BuiltinSimprocs.Nat,Lean.Util.SafeExponentiation,Init.Data.Int.DivMod
Lean.Meta.Tactic.Simp.BuiltinSimprocs.SInt	Lean/Meta/Tactic/Simp/BuiltinSimprocs/SInt.cs	55996	Lean.Meta.Tactic.Simp.BuiltinSimprocs.Int,Init.Data.SInt.Lemmas
Lean.Meta.Tactic.Simp.BuiltinSimprocs.Char	Lean/Meta/Tactic/Simp/BuiltinSimprocs/Char.cs	12181	Lean.Meta.Tactic.Simp.BuiltinSimprocs.UInt
Lean.Meta.StringLitProof	Lean/Meta/StringLitProof.cs	1267	Lean.Meta.AppBuilder
Lean.Meta.Tactic.Simp.BuiltinSimprocs.String	Lean/Meta/Tactic/Simp/BuiltinSimprocs/String.cs	6169	Lean.Meta.Tactic.Simp.BuiltinSimprocs.Char,Lean.Meta.StringLitProof
Lean.Meta.Tactic.Simp.BuiltinSimprocs.BitVec	Lean/Meta/Tactic/Simp/BuiltinSimprocs/BitVec.cs	44264	Lean.Meta.Tactic.Simp.BuiltinSimprocs.Int,Init.Data.BitVec.Lemmas
Lean.Meta.Tactic.Simp.BuiltinSimprocs.List	Lean/Meta/Tactic/Simp/BuiltinSimprocs/List.cs	582	Lean.Meta.Tactic.Simp.BuiltinSimprocs.Nat
Lean.Meta.Tactic.Simp.BuiltinSimprocs.Array	Lean/Meta/Tactic/Simp/BuiltinSimprocs/Array.cs	2134	Lean.Meta.Tactic.Simp.BuiltinSimprocs.Nat
Lean.Meta.MethodSpecs	Lean/Meta/MethodSpecs.cs	10205	Lean.Meta.Tactic.Simp.SimpTheorems,Lean.Meta.Tactic.Simp.Main,Lean.Structure
Lean.Meta.Tactic.Simp.BuiltinSimprocs.MethodSpecs	Lean/Meta/Tactic/Simp/BuiltinSimprocs/MethodSpecs.cs	1331	Init.Simproc,Lean.Meta.Tactic.Simp.Simproc,Lean.Meta.MethodSpecs,Lean.Meta.Tactic.Simp.Main
Lean.Meta.Tactic.Simp.BuiltinSimprocs.CtorIdx	Lean/Meta/Tactic/Simp/BuiltinSimprocs/CtorIdx.cs	532	Lean.Meta.Tactic.Simp.Simproc,Init.Simproc,Lean.Meta.Constructions.CtorIdx,Lean.Meta.CtorRecognizer
Lean.Meta.Tactic.Simp.BuiltinSimprocs	Lean/Meta/Tactic/Simp/BuiltinSimprocs.cs	84	Lean.Meta.Tactic.Simp.BuiltinSimprocs.Core,Lean.Meta.Tactic.Simp.BuiltinSimprocs.Nat,Lean.Meta.Tactic.Simp.BuiltinSimprocs.Fin,Lean.Meta.Tactic.Simp.BuiltinSimprocs.UInt,Lean.Meta.Tactic.Simp.BuiltinSimprocs.SInt,Lean.Meta.Tactic.Simp.BuiltinSimprocs.Int,Lean.Meta.Tactic.Simp.BuiltinSimprocs.Char,Lean.Meta.Tactic.Simp.BuiltinSimprocs.String,Lean.Meta.Tactic.Simp.BuiltinSimprocs.BitVec,Lean.Meta.Tactic.Simp.BuiltinSimprocs.List,Lean.Meta.Tactic.Simp.BuiltinSimprocs.Array,Lean.Meta.Tactic.Simp.BuiltinSimprocs.MethodSpecs,Lean.Meta.Tactic.Simp.BuiltinSimprocs.CtorIdx
Lean.Meta.Tactic.Simp	Lean/Meta/Tactic/Simp.cs	1450	Lean.Meta.Tactic.Simp.SimpTheorems,Lean.Meta.Tactic.Simp.SimpCongrTheorems,Lean.Meta.Tactic.Simp.Types,Lean.Meta.Tactic.Simp.Main,Lean.Meta.Tactic.Simp.Rewrite,Lean.Meta.Tactic.Simp.SimpAll,Lean.Meta.Tactic.Simp.Simproc,Lean.Meta.Tactic.Simp.BuiltinSimprocs,Lean.Meta.Tactic.Simp.RegisterCommand,Lean.Meta.Tactic.Simp.Attr,Lean.Meta.Tactic.Simp.Diagnostics,Lean.Meta.Tactic.Simp.Arith
Lean.Meta.Tactic.Simp.LoopProtection	Lean/Meta/Tactic/Simp/LoopProtection.cs	4422	Lean.Meta.Tactic.Simp.Types,Lean.Linter.Init
Lean.Meta.Tactic.Constructor	Lean/Meta/Tactic/Constructor.cs	3642	Lean.Meta.Tactic.Apply
Lean.Elab.ConfigEval.Types	Lean/Elab/ConfigEval/Types.cs	120	Lean.Elab.Term.TermElabM,Lean.Parser.Term
Lean.Elab.ConfigEval.Util	Lean/Elab/ConfigEval/Util.cs	9349	Lean.Elab.Command
Lean.Elab.ConfigEval.Basic	Lean/Elab/ConfigEval/Basic.cs	11699	Lean.Elab.ConfigEval.Types,Lean.Elab.SyntheticMVars,Lean.Elab.ConfigEval.Util
Lean.Elab.ConfigEval.Commands	Lean/Elab/ConfigEval/Commands.cs	2485	Init.Notation
Lean.Elab.ConfigEval.DeriveEvalTerm	Lean/Elab/ConfigEval/DeriveEvalTerm.cs	11159	Lean.Elab.ConfigEval.Basic,Lean.Elab.ConfigEval.Util,Lean.Elab.Command,Lean.Elab.DeclNameGen,Lean.Elab.ErrorUtils
Lean.Elab.ConfigEval.DeriveEvalExpr	Lean/Elab/ConfigEval/DeriveEvalExpr.cs	11743	Lean.Elab.ConfigEval.Basic,Lean.Elab.ConfigEval.Util,Lean.Elab.Command,Lean.Elab.DeclNameGen,Lean.Elab.ErrorUtils,Lean.Meta.Eval
Lean.Elab.ConfigEval.Instances	Lean/Elab/ConfigEval/Instances.cs	13943	Lean.Elab.ConfigEval.Basic
Lean.Elab.ConfigEval.DeriveEvalConfigItem	Lean/Elab/ConfigEval/DeriveEvalConfigItem.cs	33545	Lean.Elab.ConfigEval.DeriveEvalTerm,Lean.Elab.ConfigEval.DeriveEvalExpr,Lean.Elab.ConfigEval.Util,Lean.Elab.ConfigEval.Basic,Lean.Elab.ConfigEval.Instances
Lean.Elab.ConfigEval.MetaInstances	Lean/Elab/ConfigEval/MetaInstances.cs	4479	Lean.Elab.ConfigEval.Commands,Lean.Elab.ConfigEval.Instances,Lean.Elab.ConfigEval.DeriveEvalTerm,Lean.Elab.ConfigEval.DeriveEvalExpr
Lean.Elab.ConfigEval.Extra	Lean/Elab/ConfigEval/Extra.cs	1516	Lean.Elab.ConfigEval.Instances
Lean.Elab.ConfigEval	Lean/Elab/ConfigEval.cs	64	Lean.Elab.ConfigEval.Types,Lean.Elab.ConfigEval.Basic,Lean.Elab.ConfigEval.Commands,Lean.Elab.ConfigEval.DeriveEvalTerm,Lean.Elab.ConfigEval.DeriveEvalExpr,Lean.Elab.ConfigEval.DeriveEvalConfigItem,Lean.Elab.ConfigEval.Instances,Lean.Elab.ConfigEval.MetaInstances,Lean.Elab.ConfigEval.Extra
Lean.Elab.Tactic.ElabTerm	Lean/Elab/Tactic/ElabTerm.cs	15882	Lean.Meta.Tactic.Constructor,Lean.Meta.Tactic.Replace,Lean.Meta.Tactic.Rename,Lean.Elab.Tactic.Basic,Lean.Elab.SyntheticMVars,Lean.Elab.ConfigEval,Lean.Meta.Hint
Lean.Elab.Tactic.Location	Lean/Elab/Tactic/Location.cs	3174	Lean.Elab.Tactic.ElabTerm
Lean.Elab.Tactic.Simp	Lean/Elab/Tactic/Simp.cs	59671	Lean.Meta.Tactic.Simp,Lean.Meta.Tactic.Simp.LoopProtection,Lean.Elab.BuiltinNotation,Lean.Elab.Tactic.Location,Lean.Meta.Check,Lean.Elab.ConfigEval
Lean.Elab.PreDefinition.WF.Preprocess	Lean/Elab/PreDefinition/WF/Preprocess.cs	12690	Lean.Elab.Tactic.Simp
Lean.Elab.PreDefinition.WF.GuessLex	Lean/Elab/PreDefinition/WF/GuessLex.cs	29141	Lean.Util.HasConstCache,Lean.Meta.Match.MatcherApp.Transform,Lean.Meta.Tactic.Cleanup,Lean.Meta.Tactic.TryThis,Lean.Meta.ArgsPacker,Lean.Elab.PreDefinition.Mutual,Lean.Elab.PreDefinition.Structural.Basic,Lean.Elab.PreDefinition.TerminationMeasure,Lean.Elab.PreDefinition.FixedParams,Lean.Elab.PreDefinition.WF.Basic,Lean.Data.Array,Lean.Meta.Tactic.Refl,Init.Data.Prod
Lean.Elab.PreDefinition.WF.Main	Lean/Elab/PreDefinition/WF/Main.cs	7334	Lean.Elab.PreDefinition.WF.PackMutual,Lean.Elab.PreDefinition.WF.FloatRecApp,Lean.Elab.PreDefinition.WF.Rel,Lean.Elab.PreDefinition.WF.Fix,Lean.Elab.PreDefinition.WF.Unfold,Lean.Elab.PreDefinition.WF.Preprocess,Lean.Elab.PreDefinition.WF.GuessLex
Lean.Elab.PreDefinition.PartialFixpoint.Eqns	Lean/Elab/PreDefinition/PartialFixpoint/Eqns.cs	10399	Lean.Elab.PreDefinition.FixedParams,Init.Internal.Order.Basic,Lean.Meta.Tactic.Delta,Lean.Meta.Tactic.Refl
Lean.Elab.PreDefinition.MkInhabitant	Lean/Elab/PreDefinition/MkInhabitant.cs	1959	Lean.Meta.AppBuilder,Lean.PrettyPrinter,Init.Omega
Lean.Elab.Tactic.Monotonicity	Lean/Elab/Tactic/Monotonicity.cs	14124	Lean.Meta.Tactic.Split,Lean.Elab.RecAppSyntax,Lean.Elab.Tactic.Basic,Init.Internal.Order
Lean.Meta.Order	Lean/Meta/Order.cs	1840	Lean.Meta.PProdN,Lean.Meta.AppBuilder,Init.Internal.Order.Basic
Lean.Elab.PreDefinition.PartialFixpoint.Main	Lean/Elab/PreDefinition/PartialFixpoint/Main.cs	15864	Lean.Elab.PreDefinition.MkInhabitant,Lean.Elab.PreDefinition.Mutual,Lean.Elab.PreDefinition.PartialFixpoint.Eqns,Lean.Elab.Tactic.Monotonicity,Lean.Meta.Order
Lean.Meta.SameCtorUtils	Lean/Meta/SameCtorUtils.cs	2539	Lean.Meta.Basic,Lean.Meta.Transform
Lean.Meta.Injective	Lean/Meta/Injective.cs	19615	Lean.Meta.Basic,Lean.Meta.Tactic.Refl,Lean.Meta.Tactic.Assumption,Lean.Meta.SameCtorUtils,Init.Omega,Lean.Meta.Tactic.Injection,Lean.Meta.Tactic.Simp.Attr
Lean.Elab.PreDefinition.PartialFixpoint.Induction	Lean/Elab/PreDefinition/PartialFixpoint/Induction.cs	23936	Lean.Meta.Injective,Lean.Elab.PreDefinition.PartialFixpoint.Eqns,Init.Internal.Order.Basic,Lean.Meta.PProdN
Lean.Elab.PreDefinition.PartialFixpoint	Lean/Elab/PreDefinition/PartialFixpoint.cs	34	Lean.Elab.PreDefinition.PartialFixpoint.Eqns,Lean.Elab.PreDefinition.PartialFixpoint.Main,Lean.Elab.PreDefinition.PartialFixpoint.Induction
Lean.Elab.PreDefinition.Main	Lean/Elab/PreDefinition/Main.cs	29890	Lean.Util.SCC,Lean.Elab.PreDefinition.Structural,Lean.Elab.PreDefinition.WF.Main,Lean.Elab.PreDefinition.PartialFixpoint
Lean.Elab.MutualDef	Lean/Elab/MutualDef.cs	76909	Lean.Elab.Deriving.Basic,Lean.Elab.PreDefinition.Main,Lean.Elab.ErrorUtils
Lean.Elab.LetRec	Lean/Elab/LetRec.cs	14348	Lean.Elab.MutualDef
Lean.Language.Util	Lean/Language/Util.cs	3312	Lean.Elab.InfoTree,Init.Data.Format.Macro
Lean.Language.Lean	Lean/Language/Lean.cs	11476	Lean.Language.Util,Lean.Language.Lean.Types,Lean.Language.Lean.Util,Lean.Elab.Import
Lean.Server.References	Lean/Server/References.cs	26068	Lean.Data.Lsp.Internal,Lean.Server.Utils,Lean.Elab.Import
Lean.Util.Profiler	Lean/Util/Profiler.cs	24024	Lean.Util.Trace,Init.Data.Range.Polymorphic.Iterators
Lean.Util.ProfilerServer	Lean/Util/ProfilerServer.cs	24987	Lean.Util.Profiler,Std.Http,Init.System.Platform,Init.System.IO
Lean.Elab.Frontend	Lean/Elab/Frontend.cs	8784	Init.System.Platform,Lean.Language.Lean,Lean.Server.References,Lean.Util.Profiler,Lean.Compiler.Options,Lean.Compiler.InitAttr,Lean.Linter.PersistentLintLog,Lean.Util.ProfilerServer
Lean.Meta.NatTable	Lean/Meta/NatTable.cs	754	Lean.Meta.Basic,Lean.Meta.InferType,Init.Omega
Lean.Meta.Constructions.CtorElim	Lean/Meta/Constructions/CtorElim.cs	9726	Lean.Meta.Basic,Lean.Meta.CompletionName,Lean.Meta.Constructions.CtorIdx,Lean.Meta.NatTable,Lean.Elab.App
Lean.Meta.Constructions.NoConfusion	Lean/Meta/Constructions/NoConfusion.cs	19777	Lean.Meta.Basic,Lean.AddDecl,Lean.Meta.CompletionName,Lean.Meta.Constructions.CtorIdx,Lean.Meta.Constructions.CtorElim,Lean.Meta.Tactic.Subst
Lean.Meta.Constructions.RecOn	Lean/Meta/Constructions/RecOn.cs	2664	Lean.AddDecl,Lean.Meta.CompletionName,Lean.Meta.Constructions.CasesOn
Lean.Meta.Constructions.BRecOn	Lean/Meta/Constructions/BRecOn.cs	13334	Lean.Meta.Basic,Lean.Meta.PProdN,Lean.Meta.Tactic.Cases,Lean.Meta.Tactic.Refl
Lean.Meta.Constructions.CasesOnSameCtor	Lean/Meta/Constructions/CasesOnSameCtor.cs	10542	Lean.Meta.Basic,Lean.Meta.CompletionName,Lean.Meta.Constructions.CtorIdx,Lean.Meta.Constructions.CtorElim,Lean.Elab.App,Lean.Meta.SameCtorUtils
Lean.Meta.Constructions.SparseCasesOnEq	Lean/Meta/Constructions/SparseCasesOnEq.cs	5291	Lean.Meta.Basic,Lean.Meta.Constructions.SparseCasesOn,Lean.Meta.HasNotBit,Lean.Meta.Tactic.Cases,Lean.Meta.Tactic.Refl
Lean.Meta.Constructions	Lean/Meta/Constructions.cs	54	Lean.Meta.Constructions.CasesOn,Lean.Meta.Constructions.NoConfusion,Lean.Meta.Constructions.RecOn,Lean.Meta.Constructions.BRecOn,Lean.Meta.Constructions.CasesOnSameCtor,Lean.Meta.Constructions.SparseCasesOn,Lean.Meta.Constructions.SparseCasesOnEq
Lean.Meta.SizeOf	Lean/Meta/SizeOf.cs	22099	Lean.AddDecl,Lean.Meta.AppBuilder,Lean.DefEqAttrib,Lean.Meta.WHNF
Lean.Meta.MkIffOfInductiveProp	Lean/Meta/MkIffOfInductiveProp.cs	13038	Lean.Meta.Basic,Lean.Elab.Tactic.Basic,Lean.Meta.Tactic.Apply,Lean.Meta.Tactic.Cases
Lean.Meta.Tactic.Rewrite	Lean/Meta/Tactic/Rewrite.cs	4402	Lean.Meta.AppBuilder,Lean.Meta.MatchUtil,Lean.Meta.KAbstract,Lean.Meta.Tactic.Apply,Lean.Meta.BinderNameHint
Lean.Elab.Tactic.Rewrite	Lean/Elab/Tactic/Rewrite.cs	13561	Lean.Meta.Tactic.Rewrite,Lean.Meta.Tactic.Replace,Lean.Elab.Tactic.Location,Lean.Elab.ConfigEval,Lean.Meta.Eqns
Lean.Elab.Coinductive	Lean/Elab/Coinductive.cs	12080	Lean.Elab.PreDefinition.PartialFixpoint,Lean.Elab.Tactic.Rewrite,Lean.Meta.Tactic.Simp,Lean.Linter.UnusedVariables
Lean.Elab.ComputedFields	Lean/Elab/ComputedFields.cs	14269	Lean.Meta.Constructions.CasesOn,Lean.Compiler.ImplementedByAttr,Lean.Elab.PreDefinition.WF.Eqns,Lean.Compiler.ExternAttr
Lean.Elab.MutualInductive	Lean/Elab/MutualInductive.cs	73118	Lean.Meta.Constructions,Lean.Meta.SizeOf,Lean.Meta.MkIffOfInductiveProp,Lean.Elab.Coinductive,Lean.Elab.Deriving.Basic,Lean.Elab.ComputedFields,Lean.Meta.Constructions.CtorIdx,Lean.Meta.Constructions.CtorElim,Lean.Meta.IndPredBelow,Lean.Meta.Injective,Init.Data.List.MapIdx,Init.Omega
Lean.Elab.Declaration	Lean/Elab/Declaration.cs	27460	Lean.Elab.MutualDef,Lean.Elab.MutualInductive,Lean.Compiler.ExternAttr
Lean.Meta.Tactic.FunIndInfo	Lean/Meta/Tactic/FunIndInfo.cs	3631	Lean.Meta.Basic,Lean.ReservedNameAction
Lean.Meta.Tactic.FunIndCollect	Lean/Meta/Tactic/FunIndCollect.cs	5430	Lean.Meta.Tactic.Util,Lean.Meta.Tactic.FunIndInfo
Lean.Elab.Tactic.Induction	Lean/Elab/Tactic/Induction.cs	41442	Lean.Parser.Tactic,Lean.Meta.Tactic.ElimInfo,Lean.Elab.Tactic.ElabTerm,Lean.Meta.Tactic.FunIndCollect,Init.Data.Nat.Order,Init.Data.Order.Lemmas,Lean.Elab.Binders,Lean.Meta.Tactic.Generalize
Lean.Elab.Tactic.Generalize	Lean/Elab/Tactic/Generalize.cs	2791	Lean.Meta.Tactic.Generalize,Lean.Elab.Binders,Lean.Elab.Tactic.Location
Lean.Elab.Tactic.Injection	Lean/Elab/Tactic/Injection.cs	1522	Lean.Meta.Tactic.Injection,Lean.Meta.Tactic.Assumption,Lean.Elab.Tactic.ElabTerm
Lean.Elab.Tactic.Match	Lean/Elab/Tactic/Match.cs	5429	Lean.Elab.Match,Lean.Elab.Tactic.Induction
Lean.Elab.Tactic.Rwa	Lean/Elab/Tactic/Rwa.cs	4265	Lean.Elab.Tactic.Rewrite,Lean.Linter.Init,Lean.Meta.Tactic.TryThis
Lean.Elab.AuxDef	Lean/Elab/AuxDef.cs	1917	Lean.Elab.Command
Lean.Elab.Do.ForwardSyntax	Lean/Elab/Do/ForwardSyntax.cs	386	Lean.Parser.Term,Lean.Elab.Term.TermElabM,Lean.Parser.Do
Lean.Elab.Quotation	Lean/Elab/Quotation.cs	35733	Lean.Elab.Quotation.Util,Lean.Elab.Quotation.Precheck,Lean.Elab.Syntax
Lean.Elab.Do.PatternVar	Lean/Elab/Do/PatternVar.cs	2527	Lean.Elab.Term,Lean.Parser.Do,Lean.Elab.PatternVar,Lean.Elab.Quotation
Lean.Elab.Do.InferControlInfo	Lean/Elab/Do/InferControlInfo.cs	19366	Lean.Elab.Term,Lean.Elab.Do.ForwardSyntax,Lean.Parser.Do,Lean.Elab.Do.PatternVar
Lean.Meta.ProdN	Lean/Meta/ProdN.cs	1594	Lean.Meta.InferType,Lean.Meta.DecLevel,Init.Data.Range.Polymorphic.Iterators
Lean.Elab.Do.Basic	Lean/Elab/Do/Basic.cs	30233	Init.Data.Erased,Lean.Elab.Do.InferControlInfo,Lean.Elab.Binders,Lean.Meta.ProdN,Lean.Parser,Lean.Parser.Do,Init.Omega
Lean.Elab.ElabRules	Lean/Elab/ElabRules.cs	12073	Lean.Elab.MacroArgUtil,Lean.Elab.AuxDef,Lean.Elab.Do.Basic
Lean.Elab.Tactic.Grind.Annotated	Lean/Elab/Tactic/Grind/Annotated.cs	1608	Lean.Elab.Command,Init.Grind.Annotated,Std.Time.Format
Lean.LibrarySuggestions.Basic	Lean/LibrarySuggestions/Basic.cs	18830	Lean.Meta.Eval,Lean.Meta.CompletionName,Init.Data.Random,Lean.Elab.Tactic.Grind.Annotated,Init.Omega
Lean.Elab.Tactic.SimpTrace	Lean/Elab/Tactic/SimpTrace.cs	12695	Lean.Elab.ElabRules,Lean.Elab.Tactic.Simp,Lean.Meta.Tactic.TryThis,Lean.LibrarySuggestions.Basic
Lean.Elab.Tactic.Simproc	Lean/Elab/Tactic/Simproc.cs	3746	Init.Simproc,Lean.Meta.Tactic.Simp.Simproc,Lean.Elab.Command
Lean.Meta.Sym.ExprPtr	Lean/Meta/Sym/ExprPtr.cs	193	Lean.Expr
Lean.Meta.Sym.AlphaShareCommon	Lean/Meta/Sym/AlphaShareCommon.cs	4785	Lean.Meta.Sym.ExprPtr,Lean.Environment,Init.Grind.Util,Lean.ReducibilityAttrs,Lean.ProjFns
Lean.Meta.Sym.SymM	Lean/Meta/Sym/SymM.cs	14743	Lean.Meta.Sym.AlphaShareCommon,Lean.Meta.CongrTheorems,Lean.Meta.Transform,Lean.Meta.WHNF,Lean.Meta.AppBuilder
Lean.Meta.Sym.AlphaShareBuilder	Lean/Meta/Sym/AlphaShareBuilder.cs	4531	Lean.Meta.Sym.SymM
Lean.Meta.Sym.ReplaceS	Lean/Meta/Sym/ReplaceS.cs	3811	Lean.Meta.Sym.AlphaShareBuilder,Init.Omega
Lean.Meta.Sym.LooseBVarsS	Lean/Meta/Sym/LooseBVarsS.cs	4940	Lean.Meta.Sym.ReplaceS
Lean.Meta.Sym.InstantiateS	Lean/Meta/Sym/InstantiateS.cs	8947	Lean.Meta.Sym.SymM,Lean.Meta.Sym.LooseBVarsS,Init.Grind
Lean.Meta.Sym.AbstractS	Lean/Meta/Sym/AbstractS.cs	7821	Lean.Meta.Sym.SymM,Lean.Meta.Sym.ReplaceS,Init.Omega
Lean.Meta.Sym.InstantiateMVarsS	Lean/Meta/Sym/InstantiateMVarsS.cs	218	Lean.Meta.Sym.SymM
Lean.Meta.Sym.IsClass	Lean/Meta/Sym/IsClass.cs	114	Lean.Meta.Sym.SymM
Lean.Meta.Sym.MaxFVar	Lean/Meta/Sym/MaxFVar.cs	3022	Lean.Meta.Sym.SymM
Lean.Meta.Sym.Util	Lean/Meta/Sym/Util.cs	9564	Lean.Meta.Sym.SymM,Lean.Meta.Transform,Lean.Util.ForEachExpr,Lean.Meta.Sym.AlphaShareBuilder
Lean.Meta.Sym.Eta	Lean/Meta/Sym/Eta.cs	1912	Lean.Meta.Sym.ExprPtr,Lean.Meta.Basic,Lean.Meta.Transform
Lean.Meta.Sym.ProofInstInfo	Lean/Meta/Sym/ProofInstInfo.cs	3291	Lean.Meta.Sym.SymM,Lean.Meta.Sym.IsClass,Lean.Meta.Sym.Util,Lean.Meta.Sym.Eta
Lean.Meta.Sym.LitValues	Lean/Meta/Sym/LitValues.cs	2038	Lean.Expr,Init.Data.Rat
Lean.Meta.Sym.Offset	Lean/Meta/Sym/Offset.cs	2284	Lean.Meta.Sym.LitValues
Lean.Meta.Sym.Pattern	Lean/Meta/Sym/Pattern.cs	26240	Lean.Meta.Sym.SymM,Lean.Data.AssocList,Lean.Meta.SynthInstance,Lean.Meta.Sym.InstantiateS,Lean.Meta.Sym.AbstractS,Lean.Meta.Sym.InstantiateMVarsS,Lean.Meta.Sym.IsClass,Lean.Meta.Sym.MaxFVar,Lean.Meta.Sym.ProofInstInfo,Lean.Meta.Sym.AlphaShareBuilder,Lean.Meta.Sym.Offset,Lean.Meta.Sym.Eta,Lean.Meta.Sym.Util,Lean.Meta.HasAssignableMVar,Init.Data.List.MapIdx,Init.Data.Nat.Internal.Linear,Std.Do.Triple.Basic
Lean.Meta.Sym.Simp.SimpM	Lean/Meta/Sym/Simp/SimpM.cs	3013	Lean.Meta.Sym.Pattern
Lean.Meta.Sym.InferType	Lean/Meta/Sym/InferType.cs	1499	Lean.Meta.Sym.SymM
Lean.Meta.Sym.Simp.Result	Lean/Meta/Sym/Simp/Result.cs	621	Lean.Meta.Sym.Simp.SimpM,Lean.Meta.Sym.InferType
Lean.Meta.Sym.Simp.CongrInfo	Lean/Meta/Sym/Simp/CongrInfo.cs	2640	Lean.Meta.Sym.SymM,Lean.Meta.FunInfo,Init.Omega
Lean.Meta.Sym.Simp.App	Lean/Meta/Sym/Simp/App.cs	8396	Lean.Meta.Sym.Simp.SimpM,Lean.Meta.Tactic.Simp.Types,Lean.Meta.Sym.AlphaShareBuilder,Lean.Meta.Sym.InferType,Lean.Meta.Sym.Simp.CongrInfo,Init.Omega
Lean.Meta.Sym.Simp.DiscrTree	Lean/Meta/Sym/Simp/DiscrTree.cs	2039	Lean.Meta.Sym.Pattern,Lean.Meta.DiscrTree.Util,Lean.Meta.Sym.Offset,Lean.Meta.Sym.Eta,Init.Omega
Lean.Meta.Tactic.Cbv.CbvSimproc	Lean/Meta/Tactic/Cbv/CbvSimproc.cs	13309	Lean.Compiler.InitAttr,Lean.ScopedEnvExtension,Lean.Meta.Sym.Simp.SimpM,Lean.Meta.Sym.Simp.Result,Lean.Meta.Sym.Simp.App,Lean.Meta.Sym.Simp.DiscrTree,Lean.Meta.Sym.Pattern
Lean.Elab.Tactic.CbvSimproc	Lean/Elab/Tactic/CbvSimproc.cs	3748	Init.CbvSimproc,Lean.Meta.Tactic.Cbv.CbvSimproc,Lean.Elab.Command
Lean.Elab.Do.Control	Lean/Elab/Do/Control.cs	8184	Lean.Meta.ProdN,Lean.Elab.Do.Basic,Init.Control.Do
Lean.Elab.Do.Legacy	Lean/Elab/Do/Legacy.cs	45923	Lean.Elab.BindersUtil,Lean.Elab.PatternVar,Lean.Elab.Quotation.Util,Lean.Parser.Do,Init.Omega
Lean.Elab.Do.Switch	Lean/Elab/Do/Switch.cs	1674	Lean.Elab.Term.TermElabM,Lean.Elab.Do.Basic,Lean.Elab.Do.Legacy
Lean.Elab.Do	Lean/Elab/Do.cs	49	Lean.Elab.Do.Basic,Lean.Elab.Do.InferControlInfo,Lean.Elab.Do.PatternVar,Lean.Elab.Do.Control,Lean.Elab.Do.Switch,Lean.Elab.Do.Legacy
Lean.Elab.Tactic.RenameInaccessibles	Lean/Elab/Tactic/RenameInaccessibles.cs	4913	Lean.Elab.Term,Lean.Elab.Binders
Lean.Elab.Tactic.BuiltinTactic	Lean/Elab/Tactic/BuiltinTactic.cs	55824	Lean.Meta.Diagnostics,Lean.Meta.Tactic.Refl,Lean.Elab.Open,Lean.Elab.Eval,Lean.Elab.SetOption,Lean.Elab.Tactic.ElabTerm,Lean.Elab.Do,Lean.Meta.Tactic.Replace,Lean.Elab.Tactic.RenameInaccessibles
Lean.Elab.Tactic.Split	Lean/Elab/Tactic/Split.cs	3935	Lean.Meta.Tactic.Split,Lean.Elab.Tactic.Location
Lean.Elab.Tactic.Conv.Basic	Lean/Elab/Tactic/Conv/Basic.cs	12601	Lean.Meta.Tactic.Replace,Lean.Elab.Tactic.BuiltinTactic
Lean.Meta.Tactic.Congr	Lean/Meta/Tactic/Congr.cs	4146	Lean.Meta.CongrTheorems,Lean.Meta.Tactic.Assert,Lean.Meta.Tactic.Refl,Lean.Meta.Tactic.Assumption
Lean.Elab.Tactic.Conv.Congr	Lean/Elab/Tactic/Conv/Congr.cs	18919	Lean.Meta.Tactic.Simp.Main,Lean.Meta.Tactic.Congr,Lean.Elab.Tactic.Conv.Basic
Lean.Elab.Tactic.Conv.Rewrite	Lean/Elab/Tactic/Conv/Rewrite.cs	756	Lean.Elab.Tactic.Rewrite,Lean.Elab.Tactic.Conv.Basic
Lean.Elab.Tactic.Change	Lean/Elab/Tactic/Change.cs	2384	Lean.Meta.Tactic.Replace,Lean.Elab.Tactic.Location
Lean.Elab.Tactic.Conv.Change	Lean/Elab/Tactic/Conv/Change.cs	643	Lean.Elab.Tactic.Change,Lean.Elab.Tactic.Conv.Basic
Lean.Meta.Tactic.Lets	Lean/Meta/Tactic/Lets.cs	14039	Lean.Meta.Tactic.Replace,Lean.Meta.LetToHave
Lean.Elab.Tactic.Lets	Lean/Elab/Tactic/Lets.cs	13128	Lean.Meta.Tactic.Lets,Lean.Elab.Tactic.Location,Lean.Elab.Binders,Lean.Linter.Init,Lean.Elab.ConfigEval
Lean.Elab.Tactic.Conv.Lets	Lean/Elab/Tactic/Conv/Lets.cs	3333	Lean.Elab.Tactic.Lets,Lean.Elab.Tactic.Conv.Basic
Lean.Elab.Tactic.Conv.Simp	Lean/Elab/Tactic/Conv/Simp.cs	3611	Lean.Elab.Tactic.Split,Lean.Elab.Tactic.Conv.Basic,Lean.Elab.Tactic.SimpTrace
Lean.Elab.Tactic.Conv.Pattern	Lean/Elab/Tactic/Conv/Pattern.cs	6034	Lean.Elab.Tactic.Simp,Lean.Elab.Tactic.Conv.Basic
Lean.Elab.Tactic.Delta	Lean/Elab/Tactic/Delta.cs	1386	Lean.Meta.Tactic.Delta,Lean.Elab.Tactic.Location
Lean.Elab.Tactic.Conv.Delta	Lean/Elab/Tactic/Conv/Delta.cs	843	Lean.Elab.Tactic.Delta,Lean.Elab.Tactic.Conv.Basic
Lean.Meta.Tactic.Unfold	Lean/Meta/Tactic/Unfold.cs	2854	Lean.Meta.Tactic.Delta,Lean.Meta.Tactic.Simp.Main,Lean.Meta.WHNF
Lean.Elab.Tactic.Unfold	Lean/Elab/Tactic/Unfold.cs	1748	Lean.Meta.Tactic.Unfold,Lean.Elab.Tactic.Location
Lean.Elab.Tactic.Conv.Unfold	Lean/Elab/Tactic/Conv/Unfold.cs	1282	Lean.Elab.Tactic.Unfold,Lean.Elab.Tactic.Conv.Simp
Lean.Meta.Tactic.Cbv.Opaque	Lean/Meta/Tactic/Cbv/Opaque.cs	1860	Lean.ScopedEnvExtension,Lean.ReducibilityAttrs
Lean.Meta.Sym.Simp.Simproc	Lean/Meta/Sym/Simp/Simproc.cs	1420	Lean.Meta.Sym.Simp.Result
Lean.Meta.DiscrTree	Lean/Meta/DiscrTree.cs	39	Lean.Meta.WHNF,Lean.Meta.DiscrTree.Basic,Lean.Meta.DiscrTree.Util,Lean.Meta.DiscrTree.Main
Lean.Meta.Sym.Simp.Theorems	Lean/Meta/Sym/Simp/Theorems.cs	11092	Lean.Meta.Sym.Pattern,Lean.Meta.DiscrTree,Lean.Meta.Sym.Simp.DiscrTree,Lean.Meta.AppBuilder,Lean.Meta.Tactic.Simp.SimpTheorems,Lean.Meta.Eqns,Lean.Meta.RecExt,Lean.ExtraModUses,Init.Omega,Init.Data.Range.Polymorphic.Iterators
Lean.Meta.Sym.Simp.Discharger	Lean/Meta/Sym/Simp/Discharger.cs	2845	Lean.Meta.Sym.Simp.SimpM,Lean.Meta.AppBuilder
Lean.Meta.Sym.Simp.Rewrite	Lean/Meta/Sym/Simp/Rewrite.cs	4371	Lean.Meta.Sym.Simp.Simproc,Lean.Meta.Sym.Simp.Theorems,Lean.Meta.Sym.Simp.App,Lean.Meta.Sym.Simp.Discharger,Lean.Meta.ACLt,Lean.Meta.Sym.InstantiateS,Lean.Meta.Sym.InstantiateMVarsS,Init.Data.Range.Polymorphic.Iterators
Lean.Meta.Sym.Reduce	Lean/Meta/Sym/Reduce.cs	1600	Lean.Meta.Sym.SymM,Lean.Meta.Sym.InstantiateS,Lean.Meta.Sym.AlphaShareBuilder,Lean.Meta.WHNF,Lean.ProjFns
Lean.Meta.Sym.Simp.ControlFlow	Lean/Meta/Sym/Simp/ControlFlow.cs	5071	Lean.Meta.Sym.Simp.SimpM,Lean.Meta.Sym.AlphaShareBuilder,Lean.Meta.Sym.InferType,Lean.Meta.Sym.Simp.App,Lean.Meta.Sym.Simp.Result,Lean.Meta.Sym.Util,Lean.Meta.Sym.Reduce,Lean.Meta.WHNF,Lean.Meta.AppBuilder,Init.Sym.Lemmas
Lean.Meta.Tactic.Cbv.TheoremsLookup	Lean/Meta/Tactic/Cbv/TheoremsLookup.cs	2558	Lean.Meta.Sym.Simp.Theorems,Lean.Meta.Match.MatchEqsExt,Lean.Meta.Eqns
Lean.Meta.Tactic.Cbv.CbvEvalExt	Lean/Meta/Tactic/Cbv/CbvEvalExt.cs	8215	Lean.Data.NameMap,Lean.ScopedEnvExtension,Lean.Elab.InfoTree,Lean.Meta.Sym.Simp.Theorems,Lean.Meta.Tactic.AuxLemma,Lean.Meta.AppBuilder
Lean.Meta.Tactic.Cbv.ControlFlow	Lean/Meta/Tactic/Cbv/ControlFlow.cs	16973	Lean.Meta.Sym.Simp.SimpM,Lean.Meta.Sym.Simp.Result,Lean.Meta.Sym.Simp.Rewrite,Lean.Meta.Sym.Simp.ControlFlow,Lean.Meta.Sym.AlphaShareBuilder,Lean.Meta.Sym.InstantiateS,Lean.Meta.Sym.InferType,Lean.Meta.Sym.Simp.App,Lean.Meta.SynthInstance,Lean.Meta.WHNF,Lean.Meta.AppBuilder,Init.Sym.Lemmas,Lean.Meta.Tactic.Cbv.TheoremsLookup,Lean.Meta.Tactic.Cbv.Opaque,Lean.Meta.Tactic.Cbv.CbvEvalExt,Lean.Compiler.NoncomputableAttr,Init.CbvSimproc,Lean.Meta.Tactic.Cbv.CbvSimproc
Lean.Meta.Tactic.Cbv.BuiltinCbvSimprocs.Core	Lean/Meta/Tactic/Cbv/BuiltinCbvSimprocs/Core.cs	2339	Lean.Meta.Sym.Simp.SimpM,Init.Sym.Lemmas,Init.CbvSimproc,Lean.Meta.Tactic.Cbv.CbvSimproc
Lean.Meta.Tactic.Cbv.Util	Lean/Meta/Tactic/Cbv/Util.cs	2425	Lean.Meta.Sym.Simp.SimpM,Lean.Meta.Sym.InferType,Lean.Meta.Sym.AlphaShareBuilder,Lean.Meta.Sym.LitValues
Lean.Meta.Tactic.Cbv.BuiltinCbvSimprocs.Array	Lean/Meta/Tactic/Cbv/BuiltinCbvSimprocs/Array.cs	1729	Lean.Meta.Sym.Simp.SimpM,Lean.Meta.Sym.LitValues,Lean.Meta.Sym.InferType,Init.CbvSimproc,Lean.Meta.Tactic.Cbv.CbvSimproc,Lean.Meta.Tactic.Cbv.Util,Init.GetElem
Lean.Meta.Tactic.Cbv.BuiltinCbvSimprocs.String	Lean/Meta/Tactic/Cbv/BuiltinCbvSimprocs/String.cs	2570	Lean.Meta.Sym.Simp.SimpM,Lean.Meta.Sym.LitValues,Init.CbvSimproc,Lean.Meta.Tactic.Cbv.CbvSimproc,Lean.Meta.Tactic.Cbv.Util
Lean.Meta.Sym.Intro	Lean/Meta/Sym/Intro.cs	3160	Lean.Meta.Sym.SymM,Lean.Meta.Tactic.Intro,Lean.Meta.Sym.InstantiateS,Lean.Meta.Sym.IsClass,Lean.Meta.Sym.AlphaShareBuilder
Lean.Meta.Sym.LiftLet	Lean/Meta/Sym/LiftLet.cs	12937	Lean.Meta.Sym.SymM,Lean.Meta.Sym.AlphaShareBuilder,Lean.Meta.Sym.ReplaceS
Lean.Meta.Sym.LetToHave	Lean/Meta/Sym/LetToHave.cs	14571	Lean.Meta.Sym.SymM,Lean.Meta.Sym.InferType,Lean.Meta.Sym.ReplaceS,Lean.Meta.Sym.AlphaShareBuilder
Lean.Meta.Sym.Apply	Lean/Meta/Sym/Apply.cs	2705	Lean.Meta.Sym.Pattern,Lean.Util.CollectFVars,Init.Data.Range.Polymorphic.Iterators
Lean.Meta.Sym.Simp.Lambda	Lean/Meta/Sym/Simp/Lambda.cs	2883	Lean.Meta.Sym.Simp.SimpM
Lean.Meta.Sym.Simp.Have	Lean/Meta/Sym/Simp/Have.cs	9556	Lean.Meta.Sym.Simp.Lambda,Lean.Meta.Sym.InstantiateS,Lean.Meta.Sym.ReplaceS,Lean.Meta.Sym.AbstractS,Lean.Meta.Sym.InferType,Lean.Meta.AppBuilder,Lean.Meta.HaveTelescope,Lean.Util.CollectFVars,Init.Omega,Init.While
Lean.Meta.Sym.Simp.Forall	Lean/Meta/Sym/Simp/Forall.cs	8058	Lean.Meta.Sym.Simp.SimpM,Lean.Meta.Sym.AlphaShareBuilder,Lean.Meta.Sym.Simp.Result
Lean.Meta.Sym.Simp.Main	Lean/Meta/Sym/Simp/Main.cs	4812	Lean.Meta.Sym.Simp.SimpM,Lean.Meta.Sym.AlphaShareBuilder,Lean.Meta.Sym.Simp.Simproc,Lean.Meta.Sym.Simp.App,Lean.Meta.Sym.Simp.Have,Lean.Meta.Sym.Simp.Forall
Lean.Meta.Sym.Simp.Goal	Lean/Meta/Sym/Simp/Goal.cs	2000	Lean.Meta.Sym.Simp.SimpM,Lean.Meta.Tactic.Util,Lean.Meta.Sym.InferType
Lean.Meta.Sym.Simp.Debug	Lean/Meta/Sym/Simp/Debug.cs	663	Lean.Meta.Sym.Simp.Discharger,Lean.Meta.Sym.Simp.Rewrite,Lean.Meta.Sym.Simp.Goal,Lean.Meta.Sym.Util
Lean.Meta.Sym.Simp.EvalGround	Lean/Meta/Sym/Simp/EvalGround.cs	102947	Lean.Meta.Sym.Simp.SimpM,Init.Sym.Lemmas,Lean.Meta.Sym.LitValues,Lean.Meta.StringLitProof,Lean.Meta.Offset
Lean.Meta.Sym.Simp.Telescope	Lean/Meta/Sym/Simp/Telescope.cs	101	Lean.Meta.Sym.Simp.SimpM,Lean.Meta.Sym.Simp.Have,Lean.Meta.Sym.Simp.Forall
Lean.Meta.Sym.Simp.Attr	Lean/Meta/Sym/Simp/Attr.cs	2390	Lean.Meta.Sym.Simp.Theorems
Lean.Meta.Sym.Simp.Variant	Lean/Meta/Sym/Simp/Variant.cs	949	Lean.Meta.Sym.Simp.SimpM,Lean.ScopedEnvExtension
Lean.Meta.Sym.Simp.RegisterCommand	Lean/Meta/Sym/Simp/RegisterCommand.cs	1616	Lean.Meta.Sym.Simp.Attr,Lean.Meta.Sym.Simp.Variant,Init.Data.ToString.Name,Init.Data.String.Extra
Lean.Meta.Sym.Arith.Types	Lean/Meta/Sym/Arith/Types.cs	1291	Init.Grind.Ring.CommSemiringAdapter,Lean.Meta.Sym.SymM
Lean.Meta.Sym.Arith.Poly	Lean/Meta/Sym/Arith/Poly.cs	1717	Init.Grind.Ring.CommSolver,Init.Data.Nat.Gcd,Init.Data.Nat.Lemmas,Init.Data.Nat.Internal.Linear,Init.WFTactics
Lean.Meta.Sym.Arith.EvalNum	Lean/Meta/Sym/Arith/EvalNum.cs	6278	Lean.Meta.Sym.Arith.Types,Lean.Meta.Sym.LitValues,Lean.Meta.IntInstTesters,Lean.Meta.NatInstTesters
Lean.Meta.Sym.Arith.SafePoly	Lean/Meta/Sym/Arith/SafePoly.cs	4584	Lean.Meta.Sym.Arith.Types,Lean.Meta.Sym.Arith.Poly,Lean.Meta.Sym.SymM,Lean.Meta.Sym.Arith.EvalNum
Lean.Meta.Sym.Arith.MonadCanon	Lean/Meta/Sym/Arith/MonadCanon.cs	167	Lean.Meta.Sym.Arith.Types
Lean.Meta.Sym.Arith.MonadRing	Lean/Meta/Sym/Arith/MonadRing.cs	466	Lean.Meta.Sym.Arith.MonadCanon
Lean.Meta.Sym.Arith.MonadSemiring	Lean/Meta/Sym/Arith/MonadSemiring.cs	454	Lean.Meta.Sym.Arith.MonadCanon
Lean.Meta.Sym.Arith.Functions	Lean/Meta/Sym/Arith/Functions.cs	5641	Lean.Meta.Sym.Arith.MonadRing,Lean.Meta.Sym.Arith.MonadSemiring,Init.Grind.Ring
Lean.Meta.Sym.Arith.MonadVar	Lean/Meta/Sym/Arith/MonadVar.cs	82	Lean.Meta.Sym.Arith.Types
Lean.Meta.Sym.Arith.Reify	Lean/Meta/Sym/Arith/Reify.cs	3937	Lean.Meta.Sym.Arith.Functions,Lean.Meta.Sym.Arith.MonadVar,Lean.Meta.Sym.LitValues
Lean.Meta.Sym.Arith.DenoteExpr	Lean/Meta/Sym/Arith/DenoteExpr.cs	1738	Lean.Meta.Sym.Arith.Functions,Lean.Meta.Sym.Arith.MonadVar
Lean.Meta.Sym.SynthInstance	Lean/Meta/Sym/SynthInstance.cs	3318	Lean.Meta.Sym.SymM,Lean.Meta.SynthInstance
Lean.Meta.Sym.Canon	Lean/Meta/Sym/Canon.cs	15291	Lean.Meta.Sym.SymM,Lean.Meta.Sym.ExprPtr,Lean.Meta.SynthInstance,Lean.Meta.Sym.SynthInstance,Lean.Meta.Sym.Arith.EvalNum,Lean.Meta.IntInstTesters,Lean.Meta.NatInstTesters,Lean.Meta.LitValues,Lean.Meta.AppBuilder,Lean.Meta.Sym.Eta,Lean.Meta.WHNF,Init.Grind.Util
Lean.Meta.Sym.Arith.Insts	Lean/Meta/Sym/Arith/Insts.cs	2728	Lean.Meta.Sym.Arith.EvalNum,Lean.Meta.Sym.SynthInstance,Init.Grind.Ring
Lean.Meta.Sym.Arith.Classify	Lean/Meta/Sym/Arith/Classify.cs	11283	Lean.Meta.Sym.Arith.Insts,Lean.Meta.Sym.SynthInstance,Lean.Meta.Sym.Canon,Lean.Meta.DecLevel,Init.Grind.Ring
Lean.Meta.Tactic.Grind.VarRename	Lean/Meta/Tactic/Grind/VarRename.cs	1435	Init.Data.Array.QSort,Std.Data.HashSet,Init.Data.Hashable
Lean.Meta.Sym.Arith.VarRename	Lean/Meta/Sym/Arith/VarRename.cs	843	Init.Grind.Ring.CommSemiringAdapter,Lean.Meta.Tactic.Grind.VarRename
Lean.Meta.Sym.Arith.ToExpr	Lean/Meta/Sym/Arith/ToExpr.cs	1271	Init.Grind.Ring.CommSemiringAdapter,Lean.ToExpr
Lean.Meta.Sym.Arith.Norm	Lean/Meta/Sym/Arith/Norm.cs	59028	Lean.Meta.Sym.Arith.SafePoly,Lean.Meta.Sym.Arith.Reify,Lean.Meta.Sym.Arith.DenoteExpr,Lean.Meta.Sym.Simp.Result,Lean.Meta.Sym.Canon,Lean.Meta.Sym.SynthInstance,Lean.Meta.Sym.Arith.Classify,Lean.Meta.Sym.Arith.VarRename,Lean.Meta.Sym.Arith.ToExpr,Lean.Meta.Sym.Simp.App,Lean.Meta.AppBuilder,Lean.Meta.Sym.AlphaShareBuilder,Lean.Data.RArray,Init.Grind.Norm,Init.Grind.Ring.FieldSolver,Init.Grind.Ring.IntSolver
Lean.Meta.Sym.Simp.Arith	Lean/Meta/Sym/Simp/Arith.cs	32912	Lean.Meta.Sym.Simp.SimpM,Lean.Meta.Sym.Simp.Discharger,Lean.Meta.Sym.Simp.Result,Lean.Meta.Sym.Arith.Norm,Lean.Meta.Sym.LitValues,Init.Grind.Norm
Lean.Meta.Sym.Simp.Reduce	Lean/Meta/Sym/Simp/Reduce.cs	885	Lean.Meta.Sym.Simp.SimpM,Lean.Meta.Sym.Reduce,Lean.Meta.Sym.InferType
Lean.Meta.Sym.Simp	Lean/Meta/Sym/Simp.cs	134	Lean.Meta.Sym.Simp.App,Lean.Meta.Sym.Simp.CongrInfo,Lean.Meta.Sym.Simp.DiscrTree,Lean.Meta.Sym.Simp.Main,Lean.Meta.Sym.Simp.Result,Lean.Meta.Sym.Simp.Rewrite,Lean.Meta.Sym.Simp.SimpM,Lean.Meta.Sym.Simp.Simproc,Lean.Meta.Sym.Simp.Theorems,Lean.Meta.Sym.Simp.Have,Lean.Meta.Sym.Simp.Lambda,Lean.Meta.Sym.Simp.Forall,Lean.Meta.Sym.Simp.Debug,Lean.Meta.Sym.Simp.EvalGround,Lean.Meta.Sym.Simp.Discharger,Lean.Meta.Sym.Simp.ControlFlow,Lean.Meta.Sym.Simp.Goal,Lean.Meta.Sym.Simp.Telescope,Lean.Meta.Sym.Simp.Attr,Lean.Meta.Sym.Simp.Variant,Lean.Meta.Sym.Simp.RegisterCommand,Lean.Meta.Sym.Simp.Arith,Lean.Meta.Sym.Simp.Reduce
Lean.Meta.Sym.DSimp.DSimpM	Lean/Meta/Sym/DSimp/DSimpM.cs	1708	Lean.Meta.Sym.SymM,Lean.Meta.Sym.ExprPtr
Lean.Meta.Sym.DSimp.Result	Lean/Meta/Sym/DSimp/Result.cs	120	Lean.Meta.Sym.DSimp.DSimpM
Lean.Meta.Sym.DSimp.DSimproc	Lean/Meta/Sym/DSimp/DSimproc.cs	746	Lean.Meta.Sym.DSimp.Result
Lean.Meta.Sym.DSimp.App	Lean/Meta/Sym/DSimp/App.cs	1037	Lean.Meta.Sym.DSimp.DSimpM,Lean.Meta.Sym.DSimp.Result,Lean.Meta.Sym.AlphaShareBuilder,Lean.Meta.Sym.ProofInstInfo,Init.Omega
Lean.Meta.Sym.DSimp.Lambda	Lean/Meta/Sym/DSimp/Lambda.cs	993	Lean.Meta.Sym.DSimp.DSimpM,Lean.Meta.Sym.AbstractS,Lean.Meta.Sym.InstantiateS,Lean.Meta.Sym.Util
Lean.Meta.Sym.DSimp.Forall	Lean/Meta/Sym/DSimp/Forall.cs	991	Lean.Meta.Sym.DSimp.DSimpM,Lean.Meta.Sym.AbstractS,Lean.Meta.Sym.InstantiateS,Lean.Meta.Sym.Util
Lean.Meta.Sym.DSimp.Let	Lean/Meta/Sym/DSimp/Let.cs	1133	Lean.Meta.Sym.DSimp.DSimpM,Lean.Meta.Sym.AbstractS,Lean.Meta.Sym.InstantiateS,Lean.Meta.Sym.Util
Lean.Meta.Sym.DSimp.Main	Lean/Meta/Sym/DSimp/Main.cs	2575	Lean.Meta.Sym.DSimp.DSimpM,Lean.Meta.Sym.DSimp.DSimproc,Lean.Meta.Sym.DSimp.App,Lean.Meta.Sym.DSimp.Lambda,Lean.Meta.Sym.DSimp.Forall,Lean.Meta.Sym.DSimp.Let,Lean.Meta.Sym.AlphaShareBuilder
Lean.Meta.Sym.DSimp.Reduce	Lean/Meta/Sym/DSimp/Reduce.cs	1387	Lean.Meta.Sym.DSimp.DSimpM,Lean.Meta.Sym.Reduce,Lean.Meta.WHNF
Lean.Meta.Sym.DSimp.Rewrite	Lean/Meta/Sym/DSimp/Rewrite.cs	4869	Lean.Meta.Sym.DSimp.DSimpM,Lean.Meta.Sym.DSimp.DSimproc,Lean.Meta.Sym.DSimp.Reduce,Lean.Meta.Sym.Simp.Theorems,Lean.Meta.ACLt,Lean.Meta.Sym.InstantiateS,Lean.Meta.Sym.InstantiateMVarsS,Lean.Meta.Tactic.Simp.SimpTheorems,Init.Data.Range.Polymorphic.Iterators
Lean.Meta.Sym.DSimp.Variant	Lean/Meta/Sym/DSimp/Variant.cs	948	Lean.Meta.Sym.DSimp.DSimpM,Lean.ScopedEnvExtension
Lean.Meta.Sym.DSimp.EvalGround	Lean/Meta/Sym/DSimp/EvalGround.cs	77877	Lean.Meta.Sym.DSimp.DSimpM,Lean.Meta.Sym.LitValues,Lean.Meta.Offset
Lean.Meta.Sym.DSimp	Lean/Meta/Sym/DSimp.cs	79	Lean.Meta.Sym.DSimp.DSimpM,Lean.Meta.Sym.DSimp.Result,Lean.Meta.Sym.DSimp.DSimproc,Lean.Meta.Sym.DSimp.App,Lean.Meta.Sym.DSimp.Lambda,Lean.Meta.Sym.DSimp.Forall,Lean.Meta.Sym.DSimp.Let,Lean.Meta.Sym.DSimp.Main,Lean.Meta.Sym.DSimp.Reduce,Lean.Meta.Sym.DSimp.Rewrite,Lean.Meta.Sym.DSimp.Variant,Lean.Meta.Sym.DSimp.EvalGround
Lean.Meta.Sym.Arith	Lean/Meta/Sym/Arith.cs	99	Lean.Meta.Sym.Arith.Types,Lean.Meta.Sym.Arith.EvalNum,Lean.Meta.Sym.Arith.Insts,Lean.Meta.Sym.Arith.Classify,Lean.Meta.Sym.Arith.MonadCanon,Lean.Meta.Sym.Arith.MonadRing,Lean.Meta.Sym.Arith.MonadSemiring,Lean.Meta.Sym.Arith.MonadVar,Lean.Meta.Sym.Arith.Functions,Lean.Meta.Sym.Arith.Reify,Lean.Meta.Sym.Arith.DenoteExpr,Lean.Meta.Sym.Arith.ToExpr,Lean.Meta.Sym.Arith.VarRename,Lean.Meta.Sym.Arith.Poly,Lean.Meta.Sym.Arith.SafePoly,Lean.Meta.Sym.Arith.Norm
Lean.Meta.Tactic.Grind.Theorems	Lean/Meta/Tactic/Grind/Theorems.cs	7238	Lean.HeadIndex,Lean.Meta.Basic,Lean.Meta.Eqns,Init.Data.Range.Polymorphic.Iterators
Lean.Meta.Tactic.Grind.Extension	Lean/Meta/Tactic/Grind/Extension.cs	9419	Lean.Meta.Tactic.Grind.Theorems
Lean.Meta.Tactic.Grind.Util	Lean/Meta/Tactic/Grind/Util.cs	11480	Lean.Meta.Tactic.Simp.Simproc,Init.Simproc,Lean.Meta.Tactic.Clear,Lean.Meta.Sym.Util,Init.Grind.Config,Init.Grind.Util,Lean.Structure
Lean.Meta.Tactic.Grind.EMatchTheorem	Lean/Meta/Tactic/Grind/EMatchTheorem.cs	50470	Lean.Meta.Tactic.Grind.Extension,Lean.Meta.Tactic.Grind.Util,Lean.Meta.Tactic.TryThis,Lean.Meta.Sym.Util,Lean.Meta.Sym.Eta
Lean.Meta.Tactic.Grind.Injective	Lean/Meta/Tactic/Grind/Injective.cs	3839	Lean.Meta.Tactic.Grind.EMatchTheorem,Init.Data.Function,Init.Data.Range.Polymorphic.Iterators
Lean.Meta.Tactic.Grind.Cases	Lean/Meta/Tactic/Grind/Cases.cs	6263	Lean.Meta.Tactic.Cases,Lean.Meta.Tactic.Grind.Extension
Lean.Meta.Tactic.Ext	Lean/Meta/Tactic/Ext.cs	5865	Init.Data.Array.InsertionSort,Lean.Meta.DiscrTree
Lean.Meta.Tactic.Grind.ExtAttr	Lean/Meta/Tactic/Grind/ExtAttr.cs	1220	Lean.Meta.Tactic.Ext,Lean.Meta.Tactic.Grind.Extension
Lean.Meta.Tactic.Grind.Homo	Lean/Meta/Tactic/Grind/Homo.cs	5359	Lean.Meta.Sym.Simp.Theorems,Lean.Meta.Sym.Simp.Attr,Lean.Meta.AppBuilder
Lean.Meta.Tactic.Grind.Attr	Lean/Meta/Tactic/Grind/Attr.cs	14382	Lean.Meta.Tactic.Grind.Injective,Lean.Meta.Tactic.Grind.Cases,Lean.Meta.Tactic.Grind.ExtAttr,Lean.Meta.Tactic.Simp.Attr,Lean.Meta.Tactic.Grind.Homo,Lean.Meta.Sym.Simp.Attr,Lean.ExtraModUses
Lean.Meta.Tactic.Grind.CheckResult	Lean/Meta/Tactic/Grind/CheckResult.cs	767	Init.Data.Repr,Init.MetaTypes
Lean.Meta.Tactic.Grind.Types	Lean/Meta/Tactic/Grind/Types.cs	53358	Init.Data.Queue,Init.Grind.Config,Lean.Meta.Sym.SymM,Lean.Meta.Tactic.Grind.Attr,Lean.Meta.Tactic.Grind.CheckResult,Lean.Meta.Sym.Canon,Init.Data.String.Basic,Lean.Meta.AbstractNestedProofs,Lean.Meta.Match.MatchEqsExt,Init.Data.Nat.Internal.Linear,Init.Omega,Lean.Util.ShareCommon
Lean.Meta.Tactic.Grind.MarkAccessible	Lean/Meta/Tactic/Grind/MarkAccessible.cs	1306	Lean.Meta.Tactic.Revert,Init.Data.Range.Polymorphic.Iterators
Lean.Meta.Tactic.Grind.Proj	Lean/Meta/Tactic/Grind/Proj.cs	1424	Lean.Meta.Tactic.Grind.Types
Lean.Meta.Tactic.Grind.ForallAnd	Lean/Meta/Tactic/Grind/ForallAnd.cs	2429	Lean.Meta.Basic,Init.Grind.Norm,Lean.Meta.InferType,Lean.Meta.AppBuilder
Lean.Meta.Tactic.Grind.Arith.Util	Lean/Meta/Tactic/Grind/Arith/Util.cs	3212	Init.Grind.Ring.Basic,Lean.Meta.SynthInstance
Lean.Meta.Tactic.Grind.Arith.CommRing.Types	Lean/Meta/Tactic/Grind/Arith/CommRing/Types.cs	2538	Init.Grind.Ring.CommSemiringAdapter,Lean.Meta.Tactic.Grind.Types,Lean.Meta.Sym.Arith.Types,Lean.Meta.Sym.Arith.Poly
Lean.Meta.Tactic.Grind.Arith.Cutsat.Types	Lean/Meta/Tactic/Grind/Arith/Cutsat/Types.cs	2844	Init.Data.Int.Linear,Lean.Meta.Tactic.Grind.Arith.Util,Lean.Meta.Tactic.Grind.Arith.CommRing.Types
Lean.Meta.Tactic.Grind.Arith.Cutsat.Util	Lean/Meta/Tactic/Grind/Arith/Cutsat/Util.cs	9439	Lean.Meta.Tactic.Grind.Arith.Cutsat.Types,Lean.Meta.Tactic.Simp.Arith.Int.Simp
Lean.Meta.Tactic.Grind.SynthInstance	Lean/Meta/Tactic/Grind/SynthInstance.cs	24	Lean.Meta.Sym.SynthInstance
Lean.Meta.Tactic.Grind.Arith.CommRing.RingM	Lean/Meta/Tactic/Grind/Arith/CommRing/RingM.cs	9872	Lean.Meta.Tactic.Grind.SynthInstance,Lean.Meta.Tactic.Grind.Arith.CommRing.Types,Lean.Meta.Sym.Arith.Functions,Lean.Meta.Sym.Arith.MonadVar,Lean.Meta.Sym.Arith.Poly
Lean.Meta.Tactic.Grind.Arith.CommRing.RingId	Lean/Meta/Tactic/Grind/Arith/CommRing/RingId.cs	816	Lean.Meta.Tactic.Grind.Arith.CommRing.RingM,Lean.Meta.Sym.Arith.Classify
Lean.Meta.Tactic.Grind.Arith.Linear.Types	Lean/Meta/Tactic/Grind/Arith/Linear/Types.cs	2294	Init.Grind.Ring.CommSolver,Init.Grind.Ordered.Linarith,Lean.Meta.Tactic.Grind.Types
Lean.Meta.Tactic.Grind.Arith.Linear.LinearM	Lean/Meta/Tactic/Grind/Arith/Linear/LinearM.cs	2369	Lean.Meta.Tactic.Grind.Arith.Linear.Types,Lean.Meta.Tactic.Grind.Arith.CommRing.RingM
Lean.Meta.Tactic.Grind.Arith.Linear.Util	Lean/Meta/Tactic/Grind/Arith/Linear/Util.cs	8299	Lean.Meta.Tactic.Grind.Arith.Linear.LinearM,Lean.Meta.Tactic.Grind.Arith.Util,Init.Data.Int.Gcd
Lean.Meta.Tactic.Grind.Arith.Linear.Var	Lean/Meta/Tactic/Grind/Arith/Linear/Var.cs	1509	Lean.Meta.Tactic.Grind.Arith.Linear.LinearM,Lean.Meta.Tactic.Grind.Arith.Linear.Util
Lean.Meta.Tactic.Grind.Arith.Linear.StructId	Lean/Meta/Tactic/Grind/Arith/Linear/StructId.cs	19577	Lean.Meta.Tactic.Grind.Types,Lean.Meta.Tactic.Grind.Arith.Cutsat.Util,Lean.Meta.Tactic.Grind.Arith.CommRing.RingId,Lean.Meta.Tactic.Grind.Arith.Linear.Var,Lean.Meta.Sym.Arith.Insts,Init.Grind.Module.Envelope
Lean.Meta.Tactic.Grind.Arith.IsRelevant	Lean/Meta/Tactic/Grind/Arith/IsRelevant.cs	656	Lean.Meta.Tactic.Grind.Types,Lean.Meta.Tactic.Grind.Arith.Util,Lean.Meta.Tactic.Grind.Arith.Cutsat.Util,Lean.Meta.Tactic.Grind.Arith.Linear.StructId
Lean.Meta.Tactic.Grind.Beta	Lean/Meta/Tactic/Grind/Beta.cs	4214	Lean.Meta.Tactic.Grind.Types
Lean.Meta.Tactic.Grind.MatchDiscrOnly	Lean/Meta/Tactic/Grind/MatchDiscrOnly.cs	3715	Lean.Meta.Tactic.Simp.Simproc,Init.Grind.Util,Init.Simproc,Lean.Meta.Tactic.Simp.Rewrite
Lean.Meta.Tactic.Grind.MarkNestedSubsingletons	Lean/Meta/Tactic/Grind/MarkNestedSubsingletons.cs	6472	Lean.Meta.Tactic.Grind.Types,Init.Grind.Util,Lean.Meta.Sym.Util,Lean.Meta.Tactic.Grind.Util
Lean.Meta.Tactic.Grind.Simp	Lean/Meta/Tactic/Grind/Simp.cs	2978	Init.Grind.Lemmas,Lean.Meta.Tactic.Simp.Main,Lean.Meta.Tactic.Grind.Types,Lean.Meta.Tactic.Grind.Util,Lean.Meta.Tactic.Grind.MatchDiscrOnly,Lean.Meta.Tactic.Grind.MarkNestedSubsingletons,Lean.Meta.Sym.Util
Lean.Meta.Tactic.Grind.ProveEq	Lean/Meta/Tactic/Grind/ProveEq.cs	7049	Lean.Meta.Tactic.Grind.Types,Init.Grind.Util,Lean.Meta.Tactic.Grind.Simp
Lean.Meta.Tactic.Grind.Proof	Lean/Meta/Tactic/Grind/Proof.cs	9511	Lean.Meta.Tactic.Grind.Types,Init.Grind.Lemmas,Init.Grind.Util
Lean.Meta.Tactic.Grind.PropagatorAttr	Lean/Meta/Tactic/Grind/PropagatorAttr.cs	5949	Lean.Meta.Tactic.Grind.Proof,Init.Grind
Lean.Meta.Tactic.Grind.MatchCond	Lean/Meta/Tactic/Grind/MatchCond.cs	12150	Init.Grind,Lean.Meta.Tactic.Contradiction,Lean.Meta.Tactic.Grind.ProveEq,Lean.Meta.Tactic.Grind.PropagatorAttr
Lean.Meta.Tactic.Grind.PropagateInj	Lean/Meta/Tactic/Grind/PropagateInj.cs	3490	Lean.Meta.Tactic.Grind.Types,Init.Grind.Propagator,Init.Grind.Injective,Lean.Meta.Tactic.Grind.PropagatorAttr,Lean.Meta.Tactic.Grind.Simp
Lean.Meta.Tactic.Grind.Internalize	Lean/Meta/Tactic/Grind/Internalize.cs	32875	Lean.Meta.Tactic.Grind.Types,Lean.Meta.Tactic.Grind.Arith.IsRelevant,Lean.Meta.Tactic.Grind.Util,Lean.Meta.Tactic.Grind.Beta,Lean.Meta.Tactic.Grind.MatchCond,Lean.Meta.Tactic.Grind.Simp,Lean.Meta.Tactic.Grind.MarkNestedSubsingletons,Lean.Meta.Tactic.Grind.PropagateInj,Lean.Util.CollectLevelParams,Lean.Util.ForEachExpr,Lean.Meta.Tactic.Grind.EMatchTheorem,Init.Grind.Util
Lean.Meta.Tactic.Grind.Anchor	Lean/Meta/Tactic/Grind/Anchor.cs	2778	Lean.Meta.Tactic.Grind.Types,Lean.Meta.Tactic.Grind.MarkNestedSubsingletons,Init.Omega
Lean.Meta.Tactic.Grind.EqResolution	Lean/Meta/Tactic/Grind/EqResolution.cs	5782	Lean.Meta.Basic,Lean.Meta.AppBuilder,Lean.Meta.MatchUtil,Lean.Util.ForEachExpr
Lean.Meta.Tactic.Grind.ForallProp	Lean/Meta/Tactic/Grind/ForallProp.cs	10455	Init.Grind.Propagator,Init.Simproc,Init.Grind.Norm,Lean.Meta.Tactic.Grind.ForallAnd,Lean.Meta.Tactic.Grind.Internalize,Lean.Meta.Tactic.Grind.Anchor,Lean.Meta.Tactic.Grind.EqResolution,Lean.Meta.Tactic.Grind.SynthInstance,Lean.Meta.Tactic.Grind.PropagatorAttr,Init.Grind.Lemmas
Lean.Meta.CtorIdxHInj	Lean/Meta/CtorIdxHInj.cs	2882	Lean.Meta.Basic,Lean.Meta.Tactic.Refl,Lean.Meta.Constructions.CtorIdx,Lean.Meta.Tactic.Subst
Lean.Meta.Tactic.Grind.CtorIdx	Lean/Meta/Tactic/Grind/CtorIdx.cs	1704	Lean.Meta.Tactic.Grind.Types,Lean.Meta.Constructions.CtorIdx,Lean.Meta.CtorIdxHInj
Lean.Meta.Tactic.Grind.Action	Lean/Meta/Tactic/Grind/Action.cs	8085	Lean.Meta.Tactic.Grind.Types
Lean.Meta.Match.MatcherApp	Lean/Meta/Match/MatcherApp.cs	29	Lean.Meta.Match.MatcherApp.Basic,Lean.Meta.Match.MatcherApp.Transform
Lean.Meta.Tactic.Grind.CasesMatch	Lean/Meta/Tactic/Grind/CasesMatch.cs	5085	Lean.Meta.Tactic.Util,Lean.Meta.Tactic.Grind.Util,Lean.Meta.Match.MatcherApp,Lean.Meta.Tactic.Cases
Lean.Meta.Tactic.Grind.Injection	Lean/Meta/Tactic/Grind/Injection.cs	1856	Lean.Meta.Basic,Lean.Meta.Tactic.Clear,Lean.Meta.AppBuilder,Lean.Meta.CtorRecognizer
Lean.Meta.Tactic.Grind.Inv	Lean/Meta/Tactic/Grind/Inv.cs	9125	Lean.Meta.Tactic.Grind.Types,Init.Grind.Util,Lean.Meta.Tactic.Grind.Util,Lean.Meta.Sym.Canon
Lean.Meta.Tactic.Grind.Arith.CommRing.DenoteExpr	Lean/Meta/Tactic/Grind/Arith/CommRing/DenoteExpr.cs	390	Lean.Meta.Tactic.Grind.Arith.CommRing.Types,Lean.Meta.Sym.Arith.DenoteExpr
Lean.Meta.Tactic.Grind.Arith.CommRing.PP	Lean/Meta/Tactic/Grind/Arith/CommRing/PP.cs	8580	Lean.Meta.Tactic.Grind.Types,Lean.Meta.Sym.Arith.Types,Lean.Meta.Tactic.Grind.Arith.CommRing.DenoteExpr,Init.Omega
Lean.Meta.Tactic.Grind.Arith.Linear.Reify	Lean/Meta/Tactic/Grind/Arith/Linear/Reify.cs	4955	Lean.Meta.Tactic.Grind.Arith.Linear.LinearM,Lean.Meta.Tactic.Grind.Arith.Linear.Var
Lean.Meta.Tactic.Grind.Arith.ModelUtil	Lean/Meta/Tactic/Grind/Arith/ModelUtil.cs	7085	Lean.Meta.Tactic.Grind.Types,Lean.Meta.Tactic.Grind.Arith.Util,Init.Grind.Module.Envelope
Lean.Meta.Tactic.Grind.Arith.Linear.Model	Lean/Meta/Tactic/Grind/Arith/Linear/Model.cs	8011	Lean.Meta.Tactic.Grind.Arith.Linear.Types,Lean.Meta.Tactic.Grind.Arith.Linear.Reify,Lean.Meta.Tactic.Grind.Arith.ModelUtil,Init.Grind.Module.Envelope
Lean.Meta.Tactic.Grind.Arith.Linear.PP	Lean/Meta/Tactic/Grind/Arith/Linear/PP.cs	1027	Lean.Meta.Tactic.Grind.Arith.Linear.Types,Lean.Meta.Tactic.Grind.Arith.Linear.Model,Lean.Meta.Tactic.Grind.Arith.Util,Init.Omega
Lean.Meta.Tactic.Grind.AC.Seq	Lean/Meta/Tactic/Grind/AC/Seq.cs	3871	Init.Grind.AC,Init.Data.Ord,Init.Data.Nat.Internal.Linear
Lean.Meta.Tactic.Grind.AC.Types	Lean/Meta/Tactic/Grind/AC/Types.cs	1469	Init.Grind.AC,Std.Data.HashMap,Lean.Meta.Tactic.Grind.Types,Lean.Meta.Tactic.Grind.AC.Seq
Lean.Meta.Tactic.Grind.AC.Util	Lean/Meta/Tactic/Grind/AC/Util.cs	8007	Lean.Meta.Tactic.Grind.AC.Types,Lean.Meta.Tactic.Grind.ProveEq,Lean.Meta.Tactic.Grind.Arith.CommRing.RingId,Lean.Meta.Tactic.Grind.Simp
Lean.Meta.Tactic.Grind.AC.DenoteExpr	Lean/Meta/Tactic/Grind/AC/DenoteExpr.cs	514	Lean.Meta.Tactic.Grind.AC.Util
Lean.Meta.Tactic.Grind.AC.PP	Lean/Meta/Tactic/Grind/AC/PP.cs	4162	Lean.Meta.Tactic.Grind.Types,Lean.Meta.Tactic.Grind.AC.DenoteExpr,Init.Omega
Lean.Meta.Tactic.Grind.CastLike	Lean/Meta/Tactic/Grind/CastLike.cs	303	Lean.Expr,Init.Grind.Ring.Envelope,Init.Grind.Module.Envelope
Lean.Meta.Tactic.Grind.Arith.Cutsat.Model	Lean/Meta/Tactic/Grind/Arith/Cutsat/Model.cs	4523	Lean.Meta.Tactic.Grind.Arith.Cutsat.Types,Lean.Meta.Tactic.Grind.Arith.ModelUtil
Lean.Meta.Tactic.Grind.PP	Lean/Meta/Tactic/Grind/PP.cs	10477	Lean.Meta.Tactic.Grind.Types,Lean.Meta.Sym.Arith.Types,Init.Grind.Util,Init.Grind.Injective,Init.Grind.PP,Lean.Meta.Tactic.Grind.Arith.CommRing.PP,Lean.Meta.Tactic.Grind.Arith.Linear.PP,Lean.Meta.Tactic.Grind.AC.PP,Lean.Meta.Tactic.Grind.CastLike,Lean.Meta.Tactic.Grind.Arith.Cutsat.Model
Lean.Meta.Tactic.Grind.Ctor	Lean/Meta/Tactic/Grind/Ctor.cs	4671	Lean.Meta.Tactic.Grind.Types,Lean.Meta.Injective,Lean.Meta.Tactic.Grind.Simp
Lean.Meta.Tactic.Grind.Core	Lean/Meta/Tactic/Grind/Core.cs	16703	Lean.Meta.Tactic.Grind.Types,Lean.Meta.Tactic.Grind.Inv,Lean.Meta.Tactic.Grind.PP,Lean.Meta.Tactic.Grind.Ctor,Lean.Meta.Tactic.Grind.Beta,Lean.Meta.Tactic.Grind.Simp,Lean.Meta.Tactic.Grind.Internalize,Init.Omega
Lean.Meta.Tactic.Grind.Intro	Lean/Meta/Tactic/Grind/Intro.cs	13586	Init.Grind.Lemmas,Lean.Meta.Tactic.Grind.Action,Lean.Meta.Tactic.Apply,Lean.Meta.Tactic.Grind.Util,Lean.Meta.Tactic.Grind.CasesMatch,Lean.Meta.Tactic.Grind.Injection,Lean.Meta.Tactic.Grind.Core,Lean.Meta.Tactic.Grind.Simp,Lean.Meta.Tactic.Grind.MarkAccessible,Init.Grind.Util
Lean.Util.ParamMinimizer	Lean/Util/ParamMinimizer.cs	5718	Init.While,Init.Data.Range.Polymorphic
Lean.Meta.Tactic.Grind.EMatch	Lean/Meta/Tactic/Grind/EMatch.cs	40117	Lean.Meta.Tactic.Grind.Types,Lean.Util.CollectLevelMVars,Lean.Meta.Tactic.Grind.Util,Lean.Meta.Tactic.Grind.CasesMatch,Lean.Meta.Tactic.Grind.MatchDiscrOnly,Lean.Meta.Tactic.Grind.ProveEq,Lean.Meta.Tactic.Grind.SynthInstance,Lean.Meta.Tactic.Grind.Simp,Lean.Meta.Sym.Arith.EvalNum,Init.Grind.Util,Init.Omega,Lean.Meta.HasAssignableMVar
Lean.Meta.Tactic.Grind.EMatchTheoremParam	Lean/Meta/Tactic/Grind/EMatchTheoremParam.cs	10792	Lean.Meta.Tactic.Grind.Anchor
Lean.Meta.Tactic.Grind.EMatchTheoremPtr	Lean/Meta/Tactic/Grind/EMatchTheoremPtr.cs	193	Lean.Meta.Tactic.Grind.EMatchTheorem
Lean.Meta.Tactic.Grind.EMatchAction	Lean/Meta/Tactic/Grind/EMatchAction.cs	11905	Lean.Meta.Tactic.Grind.Intro,Lean.Util.ParamMinimizer,Lean.Meta.Tactic.Grind.EMatch,Lean.Meta.Tactic.Grind.EMatchTheoremParam,Lean.Meta.Tactic.Grind.EMatchTheoremPtr,Lean.Meta.Tactic.Grind.MarkNestedSubsingletons
Lean.Meta.Tactic.Grind.Split	Lean/Meta/Tactic/Grind/Split.cs	19167	Lean.Meta.Tactic.Grind.Action,Lean.Meta.Tactic.Grind.Anchor,Lean.Meta.Tactic.Grind.Intro,Lean.Meta.Tactic.Grind.Util,Lean.Meta.Tactic.Grind.CasesMatch,Lean.Meta.Tactic.Grind.Internalize,Init.Data.List.MapIdx,Init.Grind.Util,Init.Omega
Lean.Meta.Tactic.Grind.Finish	Lean/Meta/Tactic/Grind/Finish.cs	404	Lean.Meta.Tactic.Grind.Action,Lean.Meta.Tactic.Grind.EMatchAction,Lean.Meta.Tactic.Grind.Split
Lean.Meta.Tactic.Grind.Solve	Lean/Meta/Tactic/Grind/Solve.cs	313	Lean.Meta.Tactic.Grind.Types,Lean.Meta.Tactic.Grind.Finish
Lean.Meta.Tactic.Grind.Arith.FieldNormNum	Lean/Meta/Tactic/Grind/Arith/FieldNormNum.cs	9063	Lean.Meta.Basic,Init.Grind.FieldNormNum,Lean.Meta.Tactic.Grind.SynthInstance,Lean.Meta.AppBuilder,Lean.Meta.LitValues,Lean.Util.SafeExponentiation
Lean.Meta.Tactic.Grind.Arith.Simproc	Lean/Meta/Tactic/Grind/Arith/Simproc.cs	9964	Init.Grind.Ring.Basic,Init.Simproc,Lean.Meta.Tactic.Grind.SynthInstance,Init.Simproc,Lean.Meta.Tactic.Simp.BuiltinSimprocs.Util,Lean.Meta.LitValues,Init.Grind.Ring.Field,Lean.Meta.DecLevel,Lean.Meta.Tactic.Grind.Arith.FieldNormNum,Lean.Util.SafeExponentiation
Lean.Meta.Tactic.Grind.SimpUtil	Lean/Meta/Tactic/Grind/SimpUtil.cs	8208	Lean.Meta.Tactic.Simp.Simproc,Lean.Meta.Tactic.Grind.MatchDiscrOnly,Lean.Meta.Tactic.Grind.ForallProp,Lean.Meta.Tactic.Grind.Arith.Simproc,Lean.Meta.Tactic.Simp.BuiltinSimprocs.List,Lean.Meta.Tactic.Simp.BuiltinSimprocs.Core,Lean.Meta.Tactic.Grind.Util,Lean.Meta.Sym.Util,Init.Grind.Norm,Init.Grind.Config,Init.ByCases,Lean.Meta.Tactic.Simp.Main
Lean.Meta.Tactic.Grind.LawfulEqCmp	Lean/Meta/Tactic/Grind/LawfulEqCmp.cs	2232	Lean.Meta.Tactic.Grind.Types,Lean.Meta.Tactic.Grind.Util,Lean.Meta.Tactic.Grind.SynthInstance
Lean.Meta.Tactic.Grind.ReflCmp	Lean/Meta/Tactic/Grind/ReflCmp.cs	2237	Lean.Meta.Tactic.Grind.Types,Lean.Meta.Tactic.Grind.SynthInstance,Lean.Meta.Tactic.Grind.Util
Lean.Meta.Tactic.Grind.EMatchDiagnostics	Lean/Meta/Tactic/Grind/EMatchDiagnostics.cs	6137	Lean.Meta.Tactic.Grind.Types,Init.Data.List.Sort
Lean.Meta.Tactic.Grind.Main	Lean/Meta/Tactic/Grind/Main.cs	27744	Lean.Meta.Tactic.Grind.Types,Lean.Meta.Tactic.Grind.Util,Lean.Meta.Closure,Lean.PrettyPrinter,Lean.Meta.Tactic.ExposeNames,Lean.Meta.Tactic.Simp.Diagnostics,Lean.Meta.Tactic.Simp.Rewrite,Lean.Meta.Tactic.Grind.MarkAccessible,Lean.Meta.Tactic.Grind.Proj,Lean.Meta.Tactic.Grind.ForallProp,Lean.Meta.Tactic.Grind.CtorIdx,Lean.Meta.Tactic.Grind.Intro,Lean.Meta.Tactic.Grind.Solve,Lean.Meta.Tactic.Grind.EMatch,Lean.Meta.Tactic.Grind.MarkNestedSubsingletons,Lean.Meta.Tactic.Grind.Internalize,Lean.Meta.Tactic.Grind.SimpUtil,Lean.Meta.Tactic.Grind.LawfulEqCmp,Lean.Meta.Tactic.Grind.ReflCmp,Lean.Meta.Tactic.Grind.PP,Lean.Meta.Tactic.Grind.Core,Lean.Meta.Tactic.Grind.EMatchDiagnostics,Lean.Meta.Sym.Arith.Types
Lean.Meta.Sym.Grind	Lean/Meta/Sym/Grind.cs	2755	Lean.Meta.Tactic.Grind.Types,Lean.Meta.Sym.Simp.SimpM,Lean.Meta.Sym.Apply,Lean.Meta.Sym.Simp.Discharger,Lean.Meta.Tactic.Grind.Main,Lean.Meta.Sym.Simp.Goal,Lean.Meta.Sym.Intro,Lean.Meta.Sym.Util,Lean.Meta.Sym.InstantiateMVarsS,Lean.Meta.Tactic.Grind.Solve,Lean.Meta.Tactic.Assumption
Lean.Meta.Sym	Lean/Meta/Sym.cs	149	Lean.Meta.Sym.AlphaShareBuilder,Lean.Meta.Sym.AlphaShareCommon,Lean.Meta.Sym.ExprPtr,Lean.Meta.Sym.SymM,Lean.Meta.Sym.MaxFVar,Lean.Meta.Sym.ReplaceS,Lean.Meta.Sym.LooseBVarsS,Lean.Meta.Sym.InstantiateS,Lean.Meta.Sym.IsClass,Lean.Meta.Sym.Intro,Lean.Meta.Sym.InstantiateMVarsS,Lean.Meta.Sym.LiftLet,Lean.Meta.Sym.LetToHave,Lean.Meta.Sym.ProofInstInfo,Lean.Meta.Sym.AbstractS,Lean.Meta.Sym.Pattern,Lean.Meta.Sym.Apply,Lean.Meta.Sym.InferType,Lean.Meta.Sym.Simp,Lean.Meta.Sym.DSimp,Lean.Meta.Sym.Util,Lean.Meta.Sym.Eta,Lean.Meta.Sym.Canon,Lean.Meta.Sym.Arith,Lean.Meta.Sym.Grind,Lean.Meta.Sym.SynthInstance
Lean.Meta.Tactic.Cbv.Main	Lean/Meta/Tactic/Cbv/Main.cs	24064	Lean.Meta.Sym.Simp.SimpM,Lean.Meta.Tactic.Cbv.Opaque,Lean.Meta.Tactic.Cbv.ControlFlow,Lean.Meta.Tactic.Cbv.BuiltinCbvSimprocs.Core,Lean.Meta.Tactic.Cbv.BuiltinCbvSimprocs.Array,Lean.Meta.Tactic.Cbv.BuiltinCbvSimprocs.String,Lean.Meta.Tactic.Cbv.Util,Lean.Meta.Tactic.Cbv.TheoremsLookup,Lean.Meta.Tactic.Cbv.CbvEvalExt,Lean.Meta.Tactic.Cbv.CbvSimproc,Lean.Meta.Sym,Lean.Meta.Tactic.Refl,Lean.Meta.Tactic.Replace,Lean.Meta.Tactic.Assert
Lean.Meta.Tactic.Cbv	Lean/Meta/Tactic/Cbv.cs	940	Lean.Meta.Tactic.Cbv.Main,Lean.Meta.Tactic.Cbv.Util,Lean.Meta.Tactic.Cbv.CbvEvalExt
Lean.Elab.Tactic.Conv.Cbv	Lean/Elab/Tactic/Conv/Cbv.cs	1145	Lean.Meta.Tactic.Cbv,Lean.Elab.Tactic.Conv.Basic
Lean.Elab.Tactic.Conv	Lean/Elab/Tactic/Conv.cs	69	Lean.Elab.Tactic.Conv.Basic,Lean.Elab.Tactic.Conv.Congr,Lean.Elab.Tactic.Conv.Rewrite,Lean.Elab.Tactic.Conv.Change,Lean.Elab.Tactic.Conv.Lets,Lean.Elab.Tactic.Conv.Simp,Lean.Elab.Tactic.Conv.Pattern,Lean.Elab.Tactic.Conv.Delta,Lean.Elab.Tactic.Conv.Unfold,Lean.Elab.Tactic.Conv.Cbv
Lean.Elab.Tactic.Meta	Lean/Elab/Tactic/Meta.cs	2525	Lean.Elab.SyntheticMVars
Lean.Elab.Calc	Lean/Elab/Calc.cs	8662	Lean.Elab.App
Lean.Elab.Tactic.Calc	Lean/Elab/Tactic/Calc.cs	2732	Lean.Elab.Calc,Lean.Elab.Tactic.ElabTerm
Lean.Elab.Tactic.Congr	Lean/Elab/Tactic/Congr.cs	598	Lean.Meta.Tactic.Congr,Lean.Elab.Tactic.Basic
Lean.Elab.Tactic.Guard	Lean/Elab/Tactic/Guard.cs	8254	Init.Guard,Lean.Elab.Command,Lean.Elab.Tactic.Conv.Basic
Lean.Elab.Tactic.RCases	Lean/Elab/Tactic/RCases.cs	20813	Lean.Elab.Tactic.ElabTerm,Lean.Elab.Tactic.Induction,Lean.Meta.Tactic.Replace,Init.Omega,Lean.Elab.Binders,Lean.Meta.Tactic.Generalize
Lean.Meta.Tactic.Repeat	Lean/Meta/Tactic/Repeat.cs	890	Lean.Meta.Basic,Init.Data.Nat.Internal.Linear,Init.Omega
Lean.Elab.Tactic.Repeat	Lean/Elab/Tactic/Repeat.cs	3104	Lean.Meta.Tactic.Repeat,Lean.Elab.Tactic.Basic
Lean.Elab.Tactic.Ext	Lean/Elab/Tactic/Ext.cs	21118	Lean.Meta.Tactic.Ext,Lean.Elab.Tactic.RCases,Lean.Elab.Command,Lean.Linter.Init,Lean.Elab.Term.TermElabM
Lean.Elab.Tactic.FalseOrByContra	Lean/Elab/Tactic/FalseOrByContra.cs	1842	Lean.Elab.Tactic.Basic,Lean.Meta.Tactic.Apply,Lean.Meta.Tactic.Intro
Lean.Meta.Canonicalizer	Lean/Meta/Canonicalizer.cs	3946	Lean.Util.ShareCommon,Lean.Meta.FunInfo,Std.Data.HashMap.Raw,Init.Data.Range.Polymorphic.Iterators
Lean.Elab.Tactic.Omega.OmegaM	Lean/Elab/Tactic/Omega/OmegaM.cs	8224	Lean.Meta.AppBuilder,Lean.Meta.Canonicalizer,Init.Omega
Lean.Elab.Tactic.Omega.MinNatAbs	Lean/Elab/Tactic/Omega/MinNatAbs.cs	387	Init.Data.Int.Order,Init.Data.List.MinMax,Init.Data.Nat.Order,Init.ByCases,Init.Data.Bool,Init.Data.Option.Lemmas,Init.TacticsExtra
Lean.Elab.Tactic.Omega.Core	Lean/Elab/Tactic/Omega/Core.cs	15634	Lean.Elab.Tactic.Omega.OmegaM,Lean.Elab.Tactic.Omega.MinNatAbs
Lean.Elab.Tactic.Omega.Frontend	Lean/Elab/Tactic/Omega/Frontend.cs	37493	Lean.Elab.Tactic.Omega.Core,Lean.Elab.Tactic.FalseOrByContra,Lean.Elab.ConfigEval,Lean.Meta.Tactic.Simp.Attr,Lean.Elab.Tactic.BuiltinTactic,Init.Data.Int.Pow,Init.Data.List.MapIdx,Init.Data.Nat.Dvd
Lean.Elab.Tactic.Omega	Lean/Elab/Tactic/Omega.cs	24	Lean.Elab.Tactic.Omega.Frontend
Lean.Elab.Tactic.Simpa	Lean/Elab/Tactic/Simpa.cs	14771	Lean.Meta.Tactic.TryThis,Lean.Elab.Tactic.Simp,Lean.Elab.App
Lean.Meta.Tactic.NormCast	Lean/Meta/Tactic/NormCast.cs	6061	Lean.Meta.Tactic.Simp.Attr,Lean.Meta.CoeAttr
Lean.Elab.Tactic.NormCast	Lean/Elab/Tactic/NormCast.cs	36648	Lean.Meta.Tactic.NormCast,Lean.Elab.Tactic.Conv.Simp,Lean.Elab.ConfigEval
Lean.Meta.Tactic.Symm	Lean/Meta/Tactic/Symm.cs	9868	Lean.Meta.Reduce,Lean.Meta.Tactic.Replace,Lean.Meta.DiscrTree.Main,Lean.Meta.AppBuilder
Lean.Elab.Tactic.Symm	Lean/Elab/Tactic/Symm.cs	1306	Lean.Meta.Tactic.Symm,Lean.Elab.Tactic.Location
Lean.LabelAttribute	Lean/LabelAttribute.cs	3480	Lean.DocString,Init.Data.String.Extra,Init.Data.ToString.Name
Lean.Meta.Iterator	Lean/Meta/Iterator.cs	1243	Lean.Meta.Basic
Lean.Meta.Tactic.IndependentOf	Lean/Meta/Tactic/IndependentOf.cs	876	Lean.Meta.CollectMVars,Lean.Meta.Tactic.Util
Lean.Meta.Tactic.Backtrack	Lean/Meta/Tactic/Backtrack.cs	14976	Lean.Meta.Iterator,Lean.Meta.Tactic.IndependentOf,Init.Data.Nat.Internal.Linear,Init.Omega
Lean.Meta.Tactic.SolveByElim	Lean/Meta/Tactic/SolveByElim.cs	12441	Init.Data.Sum,Lean.LabelAttribute,Lean.Meta.Tactic.Backtrack,Lean.Meta.Tactic.Constructor,Lean.Meta.Tactic.Repeat,Lean.Meta.Tactic.Symm,Lean.Elab.Term
Lean.Elab.Tactic.SolveByElim	Lean/Elab/Tactic/SolveByElim.cs	14519	Lean.Meta.Tactic.SolveByElim,Lean.LibrarySuggestions.Basic,Lean.Elab.ConfigEval
Lean.Meta.LazyDiscrTree	Lean/Meta/LazyDiscrTree.cs	21508	Lean.Meta.CompletionName,Lean.Meta.DiscrTree,Init.Omega
Lean.Util.Heartbeats	Lean/Util/Heartbeats.cs	1274	Lean.CoreM
Lean.Meta.Tactic.LibrarySearch	Lean/Meta/Tactic/LibrarySearch.cs	10616	Lean.Meta.LazyDiscrTree,Lean.Meta.Tactic.SolveByElim,Lean.Meta.Tactic.Grind.Main,Lean.Util.Heartbeats,Init.Grind.Util,Init.Try,Lean.Elab.Tactic.Basic,Init.Omega
Lean.Elab.Tactic.LibrarySearch	Lean/Elab/Tactic/LibrarySearch.cs	9024	Lean.Meta.Tactic.LibrarySearch,Lean.Meta.Tactic.TryThis,Lean.Elab.Tactic.ElabTerm,Lean.Elab.ConfigEval
Lean.Elab.Tactic.ShowTerm	Lean/Elab/Tactic/ShowTerm.cs	1378	Lean.Elab.ElabRules,Lean.Meta.Tactic.TryThis
Lean.Meta.Tactic.Rfl	Lean/Meta/Tactic/Rfl.cs	9572	Lean.Elab.Tactic.Basic,Lean.Meta.Tactic.Refl
Lean.Elab.Tactic.Rfl	Lean/Elab/Tactic/Rfl.cs	578	Lean.Meta.Tactic.Rfl
Lean.Meta.Tactic.Rewrites	Lean/Meta/Tactic/Rewrites.cs	13095	Lean.Meta.LazyDiscrTree,Lean.Meta.Tactic.Rewrite,Lean.Meta.Tactic.Refl,Lean.Meta.Tactic.SolveByElim,Lean.Meta.Tactic.TryThis,Lean.Util.Heartbeats
Lean.Elab.Tactic.Rewrites	Lean/Elab/Tactic/Rewrites.cs	3565	Lean.Elab.Tactic.Location,Lean.Meta.Tactic.Replace,Lean.Meta.Tactic.Rewrites
Lean.Elab.Tactic.DiscrTreeKey	Lean/Elab/Tactic/DiscrTreeKey.cs	3565	Lean.Elab.Command,Lean.Meta.Tactic.Simp.SimpTheorems
Lean.Meta.Tactic.BVDecide.Attr	Lean/Meta/Tactic/BVDecide/Attr.cs	12615	Lean.Elab.Tactic.Basic,Lean.Meta.Tactic.Simp,Std.Tactic.BVDecide.Syntax,Lean.Meta.Sym.Simp.Theorems,Lean.Elab.ConfigEval,Lean.Meta.Sym.Simp.Attr
Lean.Meta.Tactic.Grind.BVDecide.Types	Lean/Meta/Tactic/Grind/BVDecide/Types.cs	238	Lean.Meta.Tactic.Grind.Types,Lean.Meta.Sym.DSimp.DSimpM,Lean.Meta.Sym.Simp.SimpM
Lean.Meta.Tactic.BVDecide.Normalize.Basic	Lean/Meta/Tactic/BVDecide/Normalize/Basic.cs	18928	Lean.Meta.Tactic.BVDecide.Attr,Std.Tactic.BVDecide.Syntax,Lean.Meta.Sym.ExprPtr,Lean.Meta.Sym.SymM,Lean.Meta.Sym.Simp.SimpM,Lean.Meta.Sym.AlphaShareBuilder,Lean.Meta.Sym.InferType,Lean.Meta.Sym.InstantiateMVarsS,Lean.Meta.Sym.DSimp.DSimpM,Lean.Meta.Sym.DSimp.Result,Lean.Meta.Tactic.Grind.Types,Lean.Meta.Tactic.Grind.BVDecide.Types
Lean.Meta.Tactic.BVDecide.Reflect.Basic	Lean/Meta/Tactic/BVDecide/Reflect/Basic.cs	7677	Std.Data.HashMap,Std.Tactic.BVDecide.Bitblast.BVExpr.Basic,Lean.Data.RArray,Lean.Meta.Sym.SymM,Lean.Meta.Tactic.BVDecide.Normalize.Basic
Lean.Meta.Tactic.BVDecide.Reflect.ReifiedBVExpr	Lean/Meta/Tactic/BVDecide/Reflect/ReifiedBVExpr.cs	1425	Lean.Meta.Tactic.BVDecide.Reflect.Basic,Std.Tactic.BVDecide.Reflect,Lean.Meta.LitValues,Lean.Meta.Sym.LitValues,Lean.Meta.Sym.InferType,Lean.Meta.Sym.InstantiateMVarsS
Lean.Meta.Tactic.BVDecide.Reflect.ReifiedBVPred	Lean/Meta/Tactic/BVDecide/Reflect/ReifiedBVPred.cs	2097	Lean.Meta.Tactic.BVDecide.Reflect.Basic,Lean.Meta.Tactic.BVDecide.Reflect.ReifiedBVExpr,Lean.Meta.Sym.InferType
Lean.Meta.Tactic.BVDecide.Reflect.ReifiedBVLogical	Lean/Meta/Tactic/BVDecide/Reflect/ReifiedBVLogical.cs	3417	Lean.Meta.Tactic.BVDecide.Reflect.Basic,Lean.Meta.Tactic.BVDecide.Reflect.ReifiedBVPred,Std.Tactic.BVDecide.Reflect
Lean.Meta.Tactic.BVDecide.Reflect.ReifiedLemmas	Lean/Meta/Tactic/BVDecide/Reflect/ReifiedLemmas.cs	2195	Lean.Meta.Tactic.BVDecide.Reflect.Basic,Lean.Meta.Tactic.BVDecide.Reflect.ReifiedBVLogical,Lean.Meta.Tactic.BVDecide.Reflect.ReifiedBVPred,Lean.Meta.AppBuilder,Std.Tactic.BVDecide.Reflect
Lean.Meta.Tactic.BVDecide.Reflect.Reify	Lean/Meta/Tactic/BVDecide/Reflect/Reify.cs	11705	Lean.Meta.Tactic.BVDecide.Reflect.Basic,Lean.Meta.Tactic.BVDecide.Reflect.ReifiedLemmas,Lean.Meta.Tactic.BVDecide.Reflect.ReifiedBVExpr,Lean.Meta.Tactic.BVDecide.Reflect.ReifiedBVPred,Lean.Meta.Tactic.BVDecide.Reflect.ReifiedBVLogical,Lean.Meta.Sym.LitValues,Lean.Meta.AppBuilder,Std.Tactic.BVDecide.Reflect
Lean.Meta.Tactic.BVDecide.Reflect.SatAtBVLogical	Lean/Meta/Tactic/BVDecide/Reflect/SatAtBVLogical.cs	1595	Lean.Meta.Tactic.BVDecide.Reflect.Basic,Lean.Meta.Tactic.BVDecide.Reflect.ReifiedBVLogical,Lean.Meta.Tactic.BVDecide.Reflect.Reify,Lean.Meta.Sym.InferType,Lean.Meta.Sym.InstantiateMVarsS,Std.Tactic.BVDecide.Reflect
Lean.Meta.Tactic.BVDecide.Reflect	Lean/Meta/Tactic/BVDecide/Reflect.cs	54	Lean.Meta.Tactic.BVDecide.Reflect.SatAtBVLogical,Lean.Meta.Tactic.BVDecide.Reflect.Basic,Lean.Meta.Tactic.BVDecide.Reflect.ReifiedBVExpr,Lean.Meta.Tactic.BVDecide.Reflect.ReifiedBVLogical,Lean.Meta.Tactic.BVDecide.Reflect.ReifiedBVPred,Lean.Meta.Tactic.BVDecide.Reflect.ReifiedLemmas,Lean.Meta.Tactic.BVDecide.Reflect.Reify
Lean.Meta.Tactic.BVDecide.Normalize.TypeAnalysis	Lean/Meta/Tactic/BVDecide/Normalize/TypeAnalysis.cs	18389	Std.Tactic.BVDecide.Normalize.BitVec,Lean.Meta.Tactic.BVDecide.Normalize.Basic,Lean.Meta.Sym.Simp.SimpM,Lean.Meta.Tactic.BVDecide.Attr,Init.ByCases,Lean.Meta.Sym.Simp.Theorems,Lean.Meta.Sym.Simp.Rewrite,Lean.Meta.Sym.InstantiateMVarsS
Lean.Meta.Tactic.BVDecide.Normalize.ApplyControlFlow	Lean/Meta/Tactic/BVDecide/Normalize/ApplyControlFlow.cs	1339	Lean.Meta.Tactic.Simp,Init.ByCases,Init.Omega,Lean.Meta.Sym.Simp.SimpM
Lean.Meta.Tactic.BVDecide.Normalize.Structures	Lean/Meta/Tactic/BVDecide/Normalize/Structures.cs	11474	Lean.Meta.Tactic.BVDecide.Normalize.TypeAnalysis,Lean.Meta.Sym.Simp.SimpM,Lean.Meta.Tactic.BVDecide.Normalize.ApplyControlFlow,Lean.Meta.Tactic.Ext,Lean.Meta.Sym.Simp.Theorems,Lean.Meta.Sym.Simp.Rewrite,Lean.Meta.Sym.Util
Lean.Meta.Tactic.BVDecide.Normalize.IntToBitVec	Lean/Meta/Tactic/BVDecide/Normalize/IntToBitVec.cs	4143	Lean.Meta.Tactic.BVDecide.Normalize.Basic,Lean.Meta.Sym.Simp.Rewrite,Lean.Meta.Sym.InstantiateMVarsS,Lean.Meta.Sym.LitValues,Init.Data.UInt.IntToBitVec,Init.Data.SInt.IntToBitVec
Lean.Meta.Tactic.BVDecide.Normalize.Enums	Lean/Meta/Tactic/BVDecide/Normalize/Enums.cs	22925	Lean.Meta.Tactic.BVDecide.Normalize.Structures,Lean.Meta.Tactic.BVDecide.Normalize.ApplyControlFlow,Lean.Meta.Sym.Simp.Theorems,Lean.Meta.Sym.Simp.Rewrite,Lean.Meta.Sym.Util,Lean.Meta.Tactic.BVDecide.Normalize.IntToBitVec,Init.Data.Nat.Power2.Bitwise
Lean.Meta.Tactic.BVDecide.Counterexample	Lean/Meta/Tactic/BVDecide/Counterexample.cs	10909	Lean.Meta.Tactic.BVDecide.Reflect.SatAtBVLogical,Lean.Meta.Tactic.BVDecide.Normalize.Enums,Std.Tactic.BVDecide.Bitblast.BVExpr.Basic,Std.Sat.AIG.Basic
Lean.Meta.Tactic.BVDecide.LRAT.Trim	Lean/Meta/Tactic/BVDecide/LRAT/Trim.cs	5344	Std.Tactic.BVDecide.LRAT.Actions,Init.Data.Nat.Fold,Std.Data.HashMap,Init.Data.Range.Polymorphic,Init.Omega
Lean.Meta.Tactic.BVDecide.External	Lean/Meta/Tactic/BVDecide/External.cs	4568	Std.Tactic.BVDecide.LRAT.Parser,Lean.CoreM,Std.Tactic.BVDecide.Syntax
Lean.Meta.Tactic.BVDecide.LRAT.Cert	Lean/Meta/Tactic/BVDecide/LRAT/Cert.cs	8230	Std.Tactic.BVDecide.LRAT.Checker,Lean.CoreM,Std.Tactic.BVDecide.Syntax,Lean.Meta.Tactic.BVDecide.LRAT.Trim,Std.Tactic.BVDecide.LRAT.Parser,Lean.Meta.Tactic.BVDecide.External
Lean.Meta.Tactic.BVDecide.Prover.Basic	Lean/Meta/Tactic/BVDecide/Prover/Basic.cs	5462	Lean.Meta.Tactic.BVDecide.Reflect,Lean.Meta.Tactic.BVDecide.Counterexample,Lean.Meta.Tactic.BVDecide.LRAT.Cert,Lean.Meta.Sym.SymM,Lean.Meta.Sym.Util
Lean.Meta.Tactic.BVDecide.TacticContext	Lean/Meta/Tactic/BVDecide/TacticContext.cs	1179	Lean.Meta.Tactic.BVDecide.Attr
Lean.Meta.Native	Lean/Meta/Native.cs	4312	Lean.Meta.Basic,Lean.Util.CollectLevelParams,Lean.Elab.DeclarationRange,Lean.Compiler.Options
Lean.Meta.Tactic.BVDecide.Prover.Bitblast	Lean/Meta/Tactic/BVDecide/Prover/Bitblast.cs	16424	Lean.Meta.Tactic.BVDecide.Prover.Basic,Lean.Meta.Tactic.BVDecide.TacticContext,Lean.Meta.Native
Lean.Meta.Tactic.BVDecide.Normalize.Simproc	Lean/Meta/Tactic/BVDecide/Normalize/Simproc.cs	49900	Std.Tactic.BVDecide.Normalize,Lean.Meta.Tactic.BVDecide.Attr,Init.Data.BitVec.Package,Init.Omega,Lean.Meta.Sym.Simp.SimpM,Lean.Meta.Sym.LitValues,Lean.Meta.Sym.DSimp.DSimpM,Lean.Meta.Sym.AlphaShareBuilder,Lean.Meta.Sym.Simp.Result
Lean.Meta.Tactic.BVDecide.Normalize.Rewrite	Lean/Meta/Tactic/BVDecide/Normalize/Rewrite.cs	5967	Lean.Meta.Tactic.BVDecide.Normalize.Basic,Lean.Meta.Tactic.BVDecide.Normalize.Simproc,Lean.Meta.Sym.Simp.Rewrite,Lean.Meta.Sym.Simp.EvalGround,Lean.Meta.Sym.DSimp,Lean.Meta.Sym.Simp.Forall,Lean.Meta.Sym.Simp.ControlFlow
Lean.Meta.Tactic.BVDecide.Normalize.AndFlatten	Lean/Meta/Tactic/BVDecide/Normalize/AndFlatten.cs	3663	Std.Tactic.BVDecide.Normalize.Bool,Lean.Meta.Tactic.BVDecide.Normalize.Basic
Lean.Meta.Tactic.BVDecide.Normalize.EmbeddedConstraint	Lean/Meta/Tactic/BVDecide/Normalize/EmbeddedConstraint.cs	5612	Std.Tactic.BVDecide.Normalize.Bool,Lean.Meta.Tactic.BVDecide.Normalize.Basic
Lean.Meta.Tactic.AC.Main	Lean/Meta/Tactic/AC/Main.cs	9920	Lean.Meta.Tactic.Refl,Lean.Meta.Tactic.Simp.Main,Lean.Elab.Tactic.Rewrite,Init.Omega
Lean.Meta.Tactic.BVDecide.Normalize.AC	Lean/Meta/Tactic/BVDecide/Normalize/AC.cs	12622	Lean.Meta.Tactic.AC.Main,Lean.Meta.Tactic.BVDecide.Normalize.Basic
Lean.Meta.Tactic.BVDecide.Normalize.ShortCircuit	Lean/Meta/Tactic/BVDecide/Normalize/ShortCircuit.cs	1394	Lean.Meta.Tactic.BVDecide.Normalize.Basic,Std.Tactic.BVDecide.Normalize.BitVec,Lean.Meta.Sym.Simp.Theorems,Lean.Meta.Sym.Simp.Rewrite
Lean.Meta.Tactic.BVDecide.Normalize.Reduction	Lean/Meta/Tactic/BVDecide/Normalize/Reduction.cs	2958	Lean.Meta.Tactic.BVDecide.Normalize.Basic,Lean.Meta.Sym.Simp.Theorems,Lean.Meta.Sym.DSimp
Lean.Meta.Tactic.BVDecide.Normalize.CollectHyps	Lean/Meta/Tactic/BVDecide/Normalize/CollectHyps.cs	11570	Lean.Meta.Tactic.BVDecide.Normalize.Basic,Lean.Elab.Tactic.FalseOrByContra,Lean.Meta.Tactic.Grind.Types,Lean.Meta.Sym.InstantiateMVarsS,Lean.Meta.Sym.InferType,Lean.Meta.Sym.LitValues,Lean.Meta.Sym.Util,Lean.Meta.Sym.Grind,Lean.Meta.Tactic.Grind.Util,Lean.Meta.Sym.Intro,Lean.Meta.Tactic.Grind.Simp
Lean.Meta.Tactic.BVDecide.Normalize	Lean/Meta/Tactic/BVDecide/Normalize.cs	7217	Lean.Meta.Tactic.BVDecide.Normalize.Basic,Lean.Meta.Tactic.BVDecide.Normalize.ApplyControlFlow,Lean.Meta.Tactic.BVDecide.Normalize.Simproc,Lean.Meta.Tactic.BVDecide.Normalize.Rewrite,Lean.Meta.Tactic.BVDecide.Normalize.AndFlatten,Lean.Meta.Tactic.BVDecide.Normalize.EmbeddedConstraint,Lean.Meta.Tactic.BVDecide.Normalize.AC,Lean.Meta.Tactic.BVDecide.Normalize.Structures,Lean.Meta.Tactic.BVDecide.Normalize.IntToBitVec,Lean.Meta.Tactic.BVDecide.Normalize.Enums,Lean.Meta.Tactic.BVDecide.Normalize.TypeAnalysis,Lean.Meta.Tactic.BVDecide.Normalize.ShortCircuit,Lean.Meta.Tactic.BVDecide.Normalize.Reduction,Lean.Meta.Tactic.BVDecide.Normalize.CollectHyps,Lean.Meta.Sym.Util,Lean.Meta.Sym.Intro,Lean.Meta.Sym.Grind,Lean.Meta.Tactic.Grind.BVDecide.Types
Lean.Meta.Tactic.BVDecide.Main	Lean/Meta/Tactic/BVDecide/Main.cs	983	Lean.Meta.Tactic.BVDecide.Prover.Bitblast,Lean.Meta.Tactic.BVDecide.Normalize,Lean.Meta.Sym.Util
Lean.Elab.Tactic.BVDecide	Lean/Elab/Tactic/BVDecide.cs	7830	Lean.Meta.Tactic.BVDecide.Main,Lean.Meta.Tactic.TryThis,Lean.Meta.Tactic.BVDecide.TacticContext,Lean.Meta.Tactic.BVDecide.Normalize,Lean.Meta.Tactic.BVDecide.LRAT.Trim,Lean.Meta.Sym.Util,Lean.Meta.Tactic.Grind.Main
Lean.Elab.Tactic.BoolToPropSimps	Lean/Elab/Tactic/BoolToPropSimps.cs	102	Lean.Meta.Tactic.Simp.Attr
Lean.Elab.Tactic.Classical	Lean/Elab/Tactic/Classical.cs	3413	Lean.Elab.Tactic.Basic
Lean.Elab.Tactic.Impossible	Lean/Elab/Tactic/Impossible.cs	6450	Lean.Elab.Tactic.Basic,Lean.Elab.ConfigEval,Lean.Meta.Tactic.Cleanup,Lean.Meta.Tactic.Revert,Lean.Meta.Tactic.Intro,Lean.Meta.Closure
Lean.Elab.Tactic.Grind.Basic	Lean/Elab/Tactic/Grind/Basic.cs	24452	Lean.Elab.Tactic.Basic,Lean.Meta.Tactic.Grind.Main,Lean.Meta.Tactic.Grind.Intro,Lean.Meta.Sym.Apply,Lean.Meta.Sym.Util,Lean.Meta.Sym.Simp.SimpM,Lean.Meta.Sym.DSimp.DSimpM,Init.Omega
Lean.Elab.Tactic.Grind.Config	Lean/Elab/Tactic/Grind/Config.cs	31581	Lean.Elab.Tactic.Grind.Basic,Lean.Elab.ConfigEval
Lean.Elab.Tactic.Grind.Anchor	Lean/Elab/Tactic/Grind/Anchor.cs	349	Lean.Meta.Tactic.Grind.Types
Lean.Elab.Tactic.Grind.Param	Lean/Elab/Tactic/Grind/Param.cs	18810	Lean.Elab.Tactic.Grind.Basic,Lean.Meta.Tactic.Grind.ForallProp,Lean.Elab.Tactic.Grind.Anchor,Lean.Elab.SyntheticMVars
Lean.Meta.Tactic.Grind.CollectParams	Lean/Meta/Tactic/Grind/CollectParams.cs	3242	Lean.Meta.Tactic.Grind.Types
Lean.Meta.Tactic.Grind.Parser	Lean/Meta/Tactic/Grind/Parser.cs	8122	Lean.Parser.Command
Lean.Elab.Tactic.Grind.Main	Lean/Elab/Tactic/Grind/Main.cs	25917	Lean.Meta.Tactic.Grind.Main,Lean.Meta.Tactic.TryThis,Lean.Elab.Tactic.Grind.Config,Lean.LibrarySuggestions.Basic,Lean.Meta.Tactic.Grind.SimpUtil,Lean.Elab.Tactic.Grind.Param,Lean.Meta.Tactic.Grind.Finish,Lean.Meta.Tactic.Grind.CollectParams,Lean.Meta.Tactic.Grind.Parser
Lean.Meta.Tactic.Grind.Arith.Cutsat.SearchM	Lean/Meta/Tactic/Grind/Arith/Cutsat/SearchM.cs	1654	Lean.Meta.Tactic.Grind.Arith.Cutsat.Types,Lean.Meta.Tactic.Grind.Arith.Cutsat.Util
Lean.Meta.Tactic.Grind.Arith.Cutsat.Nat	Lean/Meta/Tactic/Grind/Arith/Cutsat/Nat.cs	6444	Lean.Meta.Tactic.Grind.Arith.Cutsat.Util,Init.Data.Int.OfNat,Lean.Meta.Tactic.Grind.Simp,Lean.Meta.NatInstTesters
Lean.Meta.Tactic.Grind.Arith.Cutsat.Var	Lean/Meta/Tactic/Grind/Arith/Cutsat/Var.cs	7648	Lean.Meta.Tactic.Grind.Arith.Cutsat.Types,Lean.Meta.Tactic.Grind.Arith.Cutsat.Nat,Lean.Meta.IntInstTesters
Lean.Meta.Tactic.Grind.Diseq	Lean/Meta/Tactic/Grind/Diseq.cs	1961	Lean.Meta.Tactic.Grind.Types,Init.Grind.Lemmas
Lean.Meta.Tactic.Grind.ProofUtil	Lean/Meta/Tactic/Grind/ProofUtil.cs	424	Lean.Meta.Tactic.Grind.Types
Lean.Meta.Tactic.Grind.Arith.CommRing.NonCommRingM	Lean/Meta/Tactic/Grind/Arith/CommRing/NonCommRingM.cs	2960	Lean.Meta.Tactic.Grind.Arith.CommRing.RingM
Lean.Meta.Tactic.Grind.Arith.CommRing.SemiringM	Lean/Meta/Tactic/Grind/Arith/CommRing/SemiringM.cs	8075	Lean.Meta.Tactic.Grind.Arith.CommRing.RingM,Lean.Meta.Tactic.Grind.Arith.CommRing.DenoteExpr
Lean.Meta.Tactic.Grind.Arith.CommRing.NonCommSemiringM	Lean/Meta/Tactic/Grind/Arith/CommRing/NonCommSemiringM.cs	3423	Lean.Meta.Tactic.Grind.Arith.CommRing.SemiringM
Lean.Meta.Tactic.Grind.Arith.CommRing.Reify	Lean/Meta/Tactic/Grind/Arith/CommRing/Reify.cs	31766	Lean.Meta.Tactic.Grind.Arith.CommRing.NonCommRingM,Lean.Meta.Tactic.Grind.Arith.CommRing.NonCommSemiringM,Lean.Meta.Sym.Arith.Reify
Lean.Meta.Tactic.Grind.Arith.CommRing.SafePoly	Lean/Meta/Tactic/Grind/Arith/CommRing/SafePoly.cs	5189	Lean.Meta.Tactic.Grind.Arith.CommRing.RingM,Lean.Meta.Sym.Arith.Poly,Lean.Meta.Sym.Arith.SafePoly,Init.Data.Nat.Internal.Linear
Lean.Meta.Tactic.Grind.Arith.Cutsat.CommRing	Lean/Meta/Tactic/Grind/Arith/Cutsat/CommRing.cs	6129	Lean.Meta.Tactic.Grind.Arith.Cutsat.Types,Lean.Meta.Tactic.Grind.Arith.CommRing.RingId,Lean.Meta.Tactic.Grind.Simp,Lean.Meta.Tactic.Grind.Arith.Cutsat.Util,Lean.Meta.Tactic.Grind.Arith.Cutsat.Var,Lean.Meta.Tactic.Grind.Arith.CommRing.Reify,Lean.Meta.Tactic.Grind.Arith.CommRing.DenoteExpr,Lean.Meta.Tactic.Grind.Arith.CommRing.SafePoly
Lean.Meta.Tactic.Grind.Arith.Cutsat.VarRename	Lean/Meta/Tactic/Grind/Arith/Cutsat/VarRename.cs	652	Init.Data.Int.Linear,Lean.Meta.Tactic.Grind.VarRename
Lean.Meta.Tactic.Grind.Arith.Cutsat.Proof	Lean/Meta/Tactic/Grind/Arith/Cutsat/Proof.cs	38403	Lean.Meta.Tactic.Grind.Arith.Cutsat.Types,Init.Data.Int.OfNat,Lean.Meta.Tactic.Grind.Diseq,Lean.Meta.Tactic.Grind.ProofUtil,Lean.Meta.Tactic.Simp.Arith.Int.Simp,Lean.Meta.Tactic.Grind.Arith.Cutsat.CommRing,Lean.Meta.Tactic.Grind.Arith.Cutsat.Util,Lean.Meta.Tactic.Grind.Arith.Cutsat.Nat,Lean.Meta.Tactic.Grind.Arith.Cutsat.VarRename,Lean.Meta.Sym.Arith.VarRename,Lean.Meta.Sym.Arith.ToExpr,Init.Data.Nat.Order,Init.Data.Order.Lemmas
Lean.Meta.Tactic.Grind.Arith.Cutsat.Norm	Lean/Meta/Tactic/Grind/Arith/Cutsat/Norm.cs	1742	Lean.Meta.Tactic.Grind.Arith.Cutsat.Util,Lean.Meta.IntInstTesters
Lean.Meta.Tactic.Grind.Arith.Cutsat.DvdCnstr	Lean/Meta/Tactic/Grind/Arith/Cutsat/DvdCnstr.cs	5224	Lean.Meta.Tactic.Grind.Arith.Cutsat.Types,Init.Data.Int.OfNat,Init.Grind.Propagator,Lean.Meta.Tactic.Grind.Simp,Lean.Meta.Tactic.Grind.Arith.Cutsat.Var,Lean.Meta.Tactic.Grind.Arith.Cutsat.Nat,Lean.Meta.Tactic.Grind.Arith.Cutsat.Proof,Lean.Meta.Tactic.Grind.Arith.Cutsat.Norm,Lean.Meta.Tactic.Grind.Arith.Cutsat.CommRing,Lean.Meta.NatInstTesters,Lean.Meta.Tactic.Grind.PropagatorAttr,Init.Data.Nat.Dvd
Lean.Meta.Tactic.Grind.Arith.Cutsat.LeCnstr	Lean/Meta/Tactic/Grind/Arith/Cutsat/LeCnstr.cs	12503	Lean.Meta.Tactic.Grind.Arith.Cutsat.Util,Init.Data.Int.OfNat,Lean.Meta.Tactic.Simp.Arith.Int,Lean.Meta.Tactic.Grind.Arith.Cutsat.Var,Lean.Meta.Tactic.Grind.Arith.Cutsat.Proof,Lean.Meta.Tactic.Grind.Arith.Cutsat.Nat,Lean.Meta.Tactic.Grind.Arith.Cutsat.Norm,Lean.Meta.Tactic.Grind.Arith.Cutsat.CommRing
Lean.Meta.Tactic.Grind.Arith.Cutsat.EqCnstr	Lean/Meta/Tactic/Grind/Arith/Cutsat/EqCnstr.cs	37079	Lean.Meta.Tactic.Grind.Arith.Cutsat.Types,Init.Data.Int.OfNat,Lean.Meta.Tactic.Grind.Simp,Lean.Meta.Tactic.Grind.Arith.Cutsat.Proof,Lean.Meta.Tactic.Grind.Arith.Cutsat.Var,Lean.Meta.Tactic.Grind.Arith.Cutsat.DvdCnstr,Lean.Meta.Tactic.Grind.Arith.Cutsat.LeCnstr,Lean.Meta.Tactic.Grind.Arith.Cutsat.Nat,Lean.Meta.Tactic.Grind.Arith.Cutsat.CommRing,Lean.Meta.Tactic.Grind.Arith.Cutsat.Norm,Lean.Meta.Tactic.Grind.Arith.Cutsat.Util,Lean.Meta.Sym.Arith.EvalNum,Lean.Meta.NatInstTesters,Init.Omega
Lean.Meta.Tactic.Grind.Arith.Cutsat.Inv	Lean/Meta/Tactic/Grind/Arith/Cutsat/Inv.cs	14420	Lean.Meta.Tactic.Grind.Arith.Cutsat.Types,Lean.Meta.Tactic.Grind.Arith.Cutsat.Util
Lean.Meta.Tactic.Grind.Arith.Cutsat.ReorderVars	Lean/Meta/Tactic/Grind/Arith/Cutsat/ReorderVars.cs	9588	Lean.Meta.Tactic.Grind.Arith.Cutsat.Types,Lean.Meta.Tactic.Grind.Arith.Cutsat.EqCnstr,Lean.Meta.Tactic.Grind.Arith.Cutsat.DvdCnstr,Lean.Meta.Tactic.Grind.Arith.Cutsat.LeCnstr,Lean.Meta.Tactic.Grind.Arith.Cutsat.Inv
Lean.Meta.Tactic.Grind.Arith.Cutsat.Search	Lean/Meta/Tactic/Grind/Arith/Cutsat/Search.cs	34434	Lean.Meta.Tactic.Grind.Arith.Cutsat.SearchM,Lean.Meta.Tactic.Simp.Arith.Int.Simp,Lean.Meta.Tactic.Grind.Arith.Cutsat.DvdCnstr,Lean.Meta.Tactic.Grind.Arith.Cutsat.ReorderVars,Lean.Meta.Tactic.Grind.Arith.Cutsat.Proof,Lean.Meta.Tactic.Grind.Arith.Cutsat.Util
Lean.Meta.Tactic.Grind.Arith.Linear.SearchM	Lean/Meta/Tactic/Grind/Arith/Linear/SearchM.cs	855	Lean.Meta.Tactic.Grind.Arith.Linear.LinearM
Lean.Meta.Tactic.Grind.Arith.Linear.Den	Lean/Meta/Tactic/Grind/Arith/Linear/Den.cs	786	Lean.Meta.Tactic.Grind.Arith.Linear.LinearM,Lean.Meta.Tactic.Grind.Arith.CommRing.SafePoly
Lean.Meta.Tactic.Grind.Arith.Linear.ToExpr	Lean/Meta/Tactic/Grind/Arith/Linear/ToExpr.cs	840	Init.Grind.Ordered.Linarith,Lean.ToExpr
Lean.Meta.Tactic.Grind.Arith.Linear.VarRename	Lean/Meta/Tactic/Grind/Arith/Linear/VarRename.cs	652	Init.Grind.Ordered.Linarith,Lean.Meta.Tactic.Grind.VarRename
Lean.Meta.Tactic.Grind.Arith.Linear.DenoteExpr	Lean/Meta/Tactic/Grind/Arith/Linear/DenoteExpr.cs	4608	Lean.Meta.Tactic.Grind.Arith.Util,Lean.Meta.Tactic.Grind.Arith.Linear.Util,Lean.Meta.Tactic.Grind.Simp,Lean.Meta.Tactic.Grind.Arith.CommRing.DenoteExpr
Lean.Meta.Tactic.Grind.Arith.Linear.OfNatModule	Lean/Meta/Tactic/Grind/Arith/Linear/OfNatModule.cs	6903	Lean.Meta.Tactic.Grind.Arith.Linear.LinearM,Init.Grind.Module.OfNatModule,Init.Grind.Module.NatModuleNorm,Lean.Meta.Tactic.Grind.Diseq,Lean.Meta.Tactic.Grind.Arith.Linear.ToExpr,Init.Data.Nat.Order,Init.Data.Order.Lemmas,Lean.Data.RArray
Lean.Meta.Tactic.Grind.Arith.Linear.Proof	Lean/Meta/Tactic/Grind/Arith/Linear/Proof.cs	27977	Lean.Meta.Tactic.Grind.Arith.Util,Init.Grind.Module.OfNatModule,Lean.Data.RArray,Lean.Meta.Tactic.Grind.Arith.Linear.ToExpr,Lean.Meta.Tactic.Grind.Diseq,Lean.Meta.Tactic.Grind.ProofUtil,Lean.Meta.Sym.Arith.VarRename,Lean.Meta.Sym.Arith.ToExpr,Lean.Meta.Tactic.Grind.Arith.Linear.VarRename,Lean.Meta.Tactic.Grind.Arith.Linear.DenoteExpr,Lean.Meta.Tactic.Grind.Arith.Linear.OfNatModule,Init.Data.Nat.Order,Init.Data.Order.Lemmas
Lean.Meta.Tactic.Grind.Arith.Linear.IneqCnstr	Lean/Meta/Tactic/Grind/Arith/Linear/IneqCnstr.cs	6769	Lean.Meta.Tactic.Grind.Arith.Linear.LinearM,Lean.Meta.Tactic.Grind.Arith.CommRing.Reify,Lean.Meta.Tactic.Grind.Arith.Linear.Den,Lean.Meta.Tactic.Grind.Arith.Linear.StructId,Lean.Meta.Tactic.Grind.Arith.Linear.Reify,Lean.Meta.Tactic.Grind.Arith.Linear.Proof
Lean.Meta.Tactic.Grind.Arith.Linear.Search	Lean/Meta/Tactic/Grind/Arith/Linear/Search.cs	26574	Lean.Meta.Tactic.Grind.Arith.Linear.SearchM,Lean.Meta.Tactic.Grind.Arith.Linear.IneqCnstr,Lean.Meta.Tactic.Grind.Arith.Linear.Proof
Lean.Meta.Tactic.Grind.Arith.CommRing.Proof	Lean/Meta/Tactic/Grind/Arith/CommRing/Proof.cs	39708	Lean.Meta.Tactic.Grind.Arith.CommRing.RingId,Lean.Meta.Tactic.Grind.Arith.CommRing.NonCommRingM,Lean.Meta.Tactic.Grind.Arith.CommRing.NonCommSemiringM,Lean.Data.RArray,Lean.Meta.Tactic.Grind.Diseq,Lean.Meta.Tactic.Grind.ProofUtil,Lean.Meta.Tactic.Grind.Arith.CommRing.DenoteExpr,Lean.Meta.Sym.Arith.ToExpr,Lean.Meta.Sym.Arith.VarRename,Init.Data.Nat.Order,Init.Data.Order.Lemmas
Lean.Meta.Tactic.Grind.Arith.CommRing.Inv	Lean/Meta/Tactic/Grind/Arith/CommRing/Inv.cs	3972	Lean.Meta.Tactic.Grind.Arith.CommRing.RingM,Lean.Meta.Sym.Arith.Poly
Lean.Meta.Tactic.Grind.Arith.CommRing.EqCnstr	Lean/Meta/Tactic/Grind/Arith/CommRing/EqCnstr.cs	47418	Lean.Meta.Tactic.Grind.Arith.CommRing.RingId,Lean.Meta.Tactic.Grind.Diseq,Lean.Meta.Tactic.Grind.Arith.Util,Lean.Meta.Tactic.Grind.Arith.CommRing.Proof,Lean.Meta.Tactic.Grind.Arith.CommRing.DenoteExpr,Lean.Meta.Tactic.Grind.Arith.CommRing.Inv,Lean.Meta.Tactic.Grind.Arith.CommRing.Reify,Lean.Meta.Tactic.Grind.Arith.CommRing.SafePoly
Lean.Meta.Tactic.Grind.AC.ToExpr	Lean/Meta/Tactic/Grind/AC/ToExpr.cs	401	Init.Grind.AC,Lean.ToExpr
Lean.Meta.Tactic.Grind.AC.VarRename	Lean/Meta/Tactic/Grind/AC/VarRename.cs	490	Init.Grind.AC,Lean.Meta.Tactic.Grind.VarRename
Lean.Meta.Tactic.Grind.AC.Proof	Lean/Meta/Tactic/Grind/AC/Proof.cs	18775	Lean.Meta.Tactic.Grind.AC.Util,Lean.Data.RArray,Lean.Meta.Tactic.Grind.Diseq,Lean.Meta.Tactic.Grind.ProofUtil,Lean.Meta.Tactic.Grind.AC.ToExpr,Lean.Meta.Tactic.Grind.AC.VarRename,Init.Data.Nat.Order,Init.Data.Order.Lemmas
Lean.Meta.Tactic.Grind.AC.Inv	Lean/Meta/Tactic/Grind/AC/Inv.cs	4335	Lean.Meta.Tactic.Grind.AC.Util,Lean.Meta.Tactic.Grind.AC.Seq
Lean.Meta.Tactic.Grind.AC.Eq	Lean/Meta/Tactic/Grind/AC/Eq.cs	42292	Lean.Meta.Tactic.Grind.AC.Util,Lean.Meta.Tactic.Grind.AC.DenoteExpr,Lean.Meta.Tactic.Grind.AC.Proof,Lean.Meta.Tactic.Grind.AC.Seq,Lean.Meta.Tactic.Grind.AC.Inv,Init.Data.Nat.Internal.Linear
Lean.Meta.Tactic.Grind.Filter	Lean/Meta/Tactic/Grind/Filter.cs	1193	Lean.Meta.Tactic.Grind.Types
Lean.Elab.Tactic.Grind.Filter	Lean/Elab/Tactic/Grind/Filter.cs	1801	Lean.Elab.Tactic.Grind.Basic,Lean.Meta.Tactic.Grind.Filter
Lean.Elab.Tactic.Grind.ShowState	Lean/Elab/Tactic/Grind/ShowState.cs	8071	Lean.Elab.Tactic.Grind.Filter,Lean.Meta.Tactic.Grind.PP,Lean.Meta.Tactic.Grind.EMatchTheoremParam,Lean.Meta.Tactic.Grind.Split
Lean.Elab.Tactic.Grind.BuiltinTactic	Lean/Elab/Tactic/Grind/BuiltinTactic.cs	33555	Lean.Elab.Tactic.Grind.Basic,Lean.Meta.Tactic.TryThis,Lean.Meta.Tactic.Grind.Solve,Lean.Meta.Tactic.Grind.Arith.Cutsat.Search,Lean.Meta.Tactic.Grind.Arith.Linear.Search,Lean.Meta.Tactic.Grind.Arith.CommRing.EqCnstr,Lean.Meta.Tactic.Grind.AC.Eq,Lean.Meta.Tactic.Grind.EMatch,Lean.Meta.Tactic.Grind.PP,Lean.Meta.Tactic.Grind.Internalize,Lean.Meta.Tactic.Grind.Intro,Lean.Meta.Tactic.Grind.Split,Lean.Meta.Tactic.Grind.Arith.CommRing.PP,Lean.Meta.Tactic.Grind.Arith.Linear.PP,Lean.Meta.Tactic.Grind.AC.PP,Lean.Meta.Tactic.ExposeNames,Lean.Elab.Tactic.RenameInaccessibles,Lean.Elab.Tactic.Grind.Anchor,Lean.Elab.Tactic.Grind.ShowState,Lean.Elab.Tactic.Grind.Config,Lean.Elab.Tactic.Grind.Param
Lean.Elab.Tactic.Grind.Have	Lean/Elab/Tactic/Grind/Have.cs	2757	Lean.Elab.Tactic.Grind.Basic,Lean.Meta.Tactic.Grind.Intro,Lean.Meta.Tactic.Grind.MarkAccessible,Lean.Elab.SyntheticMVars,Lean.Meta.Tactic.Grind.Solve
Lean.Elab.Tactic.Grind.Trace	Lean/Elab/Tactic/Grind/Trace.cs	3166	Lean.Elab.Tactic.Grind.Basic,Lean.Elab.Tactic.Grind.Config,Lean.Elab.Tactic.Grind.Param,Lean.Meta.Tactic.TryThis,Lean.Meta.Tactic.Grind.Finish,Lean.Meta.Tactic.Grind.CollectParams,Lean.Meta.Sym.Grind
Lean.Elab.Tactic.Grind.Lint	Lean/Elab/Tactic/Grind/Lint.cs	11875	Lean.Elab.Command,Init.Grind.Lint,Lean.Elab.Tactic.Grind.Config,Lean.Meta.Tactic.TryThis
Lean.Elab.Tactic.Grind.LintExceptions	Lean/Elab/Tactic/Grind/LintExceptions.cs	34	Init,Std,Lean.Elab.Tactic.Grind.Lint
Lean.Elab.Tactic.Grind.SimprocDSL	Lean/Elab/Tactic/Grind/SimprocDSL.cs	1779	Lean.Elab.Tactic.Grind.Basic,Lean.Meta.Sym.Simp.Discharger,Init.Sym.Simp.SimprocDSL
Lean.Elab.Tactic.Grind.Sym	Lean/Elab/Tactic/Grind/Sym.cs	11753	Lean.Elab.Tactic.Grind.Basic,Lean.Elab.Tactic.Grind.SimprocDSL,Lean.Meta.Sym.Grind,Lean.Meta.Sym.Simp.Variant,Lean.Meta.Sym.Simp.Rewrite,Lean.Meta.Sym.Simp.EvalGround,Lean.Meta.Sym.Simp.Goal,Lean.Meta.Sym.Simp.Attr,Lean.Meta.Sym.Simp.ControlFlow,Lean.Meta.Sym.Simp.Forall,Lean.Meta.Tactic.Apply,Lean.Elab.Tactic.Location,Lean.Elab.SyntheticMVars
Lean.Elab.Tactic.Grind.Rewrite	Lean/Elab/Tactic/Grind/Rewrite.cs	7256	Lean.Elab.Tactic.Grind.Basic,Lean.Meta.Tactic.Rewrite,Lean.Meta.Tactic.Replace,Lean.Elab.SyntheticMVars
Lean.Elab.Tactic.Grind.DSimprocDSL	Lean/Elab/Tactic/Grind/DSimprocDSL.cs	1061	Lean.Elab.Tactic.Grind.Basic,Lean.Meta.Sym.DSimp,Init.Sym.DSimp.DSimprocDSL
Lean.Elab.Tactic.Grind.DSimp	Lean/Elab/Tactic/Grind/DSimp.cs	5708	Lean.Elab.Tactic.Grind.Basic,Lean.Elab.Tactic.Grind.DSimprocDSL,Lean.Meta.Sym.DSimp.Variant,Lean.Meta.Sym.DSimp.Reduce,Lean.Meta.Sym.DSimp.DSimproc,Lean.Meta.Sym.DSimp.Rewrite
Lean.Elab.Tactic.Grind.Cbv	Lean/Elab/Tactic/Grind/Cbv.cs	586	Lean.Elab.Tactic.Grind.Basic,Lean.Meta.Tactic.Cbv.Main
Lean.Elab.Tactic.Grind.LiftLet	Lean/Elab/Tactic/Grind/LiftLet.cs	838	Lean.Elab.Tactic.Grind.Basic,Lean.Meta.Sym.LiftLet,Lean.Meta.Tactic.Replace
Lean.Elab.Tactic.Grind.LetToHave	Lean/Elab/Tactic/Grind/LetToHave.cs	834	Lean.Elab.Tactic.Grind.Basic,Lean.Meta.Sym.LetToHave,Lean.Meta.Tactic.Replace
Lean.Elab.Tactic.Grind.SimprocDSLBuiltin	Lean/Elab/Tactic/Grind/SimprocDSLBuiltin.cs	4730	Lean.Elab.Tactic.Grind.SimprocDSL,Init.Sym.Simp.SimprocDSL,Lean.Meta.Sym.Simp.EvalGround,Lean.Meta.Sym.Simp.Telescope,Lean.Meta.Sym.Simp.ControlFlow,Lean.Meta.Sym.Simp.Forall,Lean.Meta.Sym.Simp.Rewrite,Lean.Meta.Sym.Simp.Arith,Lean.Meta.Sym.Grind
Lean.Elab.Tactic.Grind.WithGrindTacticM	Lean/Elab/Tactic/Grind/WithGrindTacticM.cs	508	Lean.Elab.Tactic.Grind.Basic,Lean.Elab.Command
Lean.Elab.Tactic.Grind.RegisterSymSimp	Lean/Elab/Tactic/Grind/RegisterSymSimp.cs	3356	Init.Sym.Simp.SimprocDSL,Lean.Meta.Sym.Simp.Variant,Lean.Elab.Tactic.Grind.SimprocDSL,Lean.Elab.Tactic.Grind.WithGrindTacticM
Lean.Elab.Tactic.Grind.DSimprocDSLBuiltin	Lean/Elab/Tactic/Grind/DSimprocDSLBuiltin.cs	2655	Lean.Elab.Tactic.Grind.DSimprocDSL,Init.Sym.DSimp.DSimprocDSL,Lean.Meta.Sym.DSimp.Reduce,Lean.Meta.Sym.DSimp.DSimproc,Lean.Meta.Sym.DSimp.EvalGround,Lean.Meta.Sym.DSimp.Rewrite
Lean.Elab.Tactic.Grind.RegisterSymDSimp	Lean/Elab/Tactic/Grind/RegisterSymDSimp.cs	2380	Init.Sym.DSimp.DSimprocDSL,Lean.Meta.Sym.DSimp.Variant,Lean.Elab.Tactic.Grind.DSimprocDSL,Lean.Elab.Tactic.Grind.WithGrindTacticM
Lean.Elab.Tactic.Grind.BVDecide	Lean/Elab/Tactic/Grind/BVDecide.cs	5424	Lean.Elab.Tactic.Grind.Basic,Lean.Meta.Tactic.BVDecide.Main,Lean.Elab.Tactic.BVDecide,Lean.Meta.Tactic.BVDecide.Normalize,Lean.Meta.Tactic.Grind.BVDecide.Types
Lean.Meta.Tactic.Grind.NormSymProcs	Lean/Meta/Tactic/Grind/NormSymProcs.cs	13485	Lean.Meta.Sym.Simp.SimpM,Lean.Meta.Sym.Simp.Result,Lean.Meta.Sym.AlphaShareBuilder,Lean.Meta.Sym.InstantiateS,Lean.Meta.Sym.InferType,Lean.Meta.Sym.SynthInstance,Lean.Meta.AppBuilder,Lean.Meta.Tactic.Grind.ForallAnd,Lean.Meta.CtorRecognizer,Init.Grind.Norm,Init.Grind.Lemmas,Init.ByCases
Lean.Meta.Tactic.Grind.NormSym	Lean/Meta/Tactic/Grind/NormSym.cs	11645	Lean.Meta.Tactic.Grind.Types,Lean.Meta.Sym.Simp.SimpM,Lean.Meta.Sym.Simp.Theorems,Lean.Meta.Tactic.Grind.Simp,Lean.Meta.Tactic.Grind.SimpUtil,Lean.Meta.Tactic.Grind.Util,Lean.Meta.Sym.Simp.Main,Lean.Meta.Sym.Simp.Simproc,Lean.Meta.Sym.Simp.Rewrite,Lean.Meta.Sym.Simp.EvalGround,Lean.Meta.Sym.Simp.Arith,Lean.Meta.Sym.Simp.Discharger,Lean.Meta.Tactic.Grind.NormSymProcs,Lean.Meta.Sym.Simp.Reduce,Lean.Meta.Sym.Simp.ControlFlow,Lean.Meta.Sym.Util,Lean.Meta.DiscrTree
Lean.Elab.Tactic.Grind.Norm	Lean/Elab/Tactic/Grind/Norm.cs	1749	Lean.Elab.Tactic.Grind.Config,Lean.Meta.Tactic.Grind.Main,Lean.Meta.Tactic.Grind.NormSym
Lean.Elab.Tactic.Grind	Lean/Elab/Tactic/Grind.cs	139	Lean.Elab.Tactic.Grind.Main,Lean.Elab.Tactic.Grind.Basic,Lean.Elab.Tactic.Grind.BuiltinTactic,Lean.Elab.Tactic.Grind.ShowState,Lean.Elab.Tactic.Grind.Have,Lean.Elab.Tactic.Grind.Trace,Lean.Elab.Tactic.Grind.Config,Lean.Elab.Tactic.Grind.Lint,Lean.Elab.Tactic.Grind.LintExceptions,Lean.Elab.Tactic.Grind.Annotated,Lean.Elab.Tactic.Grind.Sym,Lean.Elab.Tactic.Grind.Rewrite,Lean.Elab.Tactic.Grind.DSimp,Lean.Elab.Tactic.Grind.Cbv,Lean.Elab.Tactic.Grind.LiftLet,Lean.Elab.Tactic.Grind.LetToHave,Lean.Elab.Tactic.Grind.SimprocDSL,Lean.Elab.Tactic.Grind.SimprocDSLBuiltin,Lean.Elab.Tactic.Grind.RegisterSymSimp,Lean.Elab.Tactic.Grind.DSimprocDSL,Lean.Elab.Tactic.Grind.DSimprocDSLBuiltin,Lean.Elab.Tactic.Grind.RegisterSymDSimp,Lean.Elab.Tactic.Grind.BVDecide,Lean.Elab.Tactic.Grind.Norm
Lean.Meta.Tactic.Try.Collect	Lean/Meta/Tactic/Try/Collect.cs	8120	Init.Try,Lean.Meta.Tactic.LibrarySearch,Lean.Meta.Tactic.FunIndCollect
Lean.Meta.Tactic.Try	Lean/Meta/Tactic/Try.cs	818	Lean.Meta.Tactic.Try.Collect
Lean.Elab.Task	Lean/Elab/Task.cs	2152	Lean.Elab.Tactic.Basic
Lean.Elab.Parallel	Lean/Elab/Parallel.cs	9634	Lean.Elab.Task
Lean.Elab.Tactic.Try	Lean/Elab/Tactic/Try.cs	50514	Lean.Meta.Tactic.ExposeNames,Lean.Meta.Tactic.Try,Lean.Meta.TryThis,Lean.Elab.InfoTree.Util,Lean.Elab.Tactic.SimpTrace,Lean.Elab.Tactic.LibrarySearch,Lean.Elab.Tactic.Grind.Main,Lean.Elab.Parallel,Lean.Elab.Command,Lean.Elab.BuiltinTerm,Init.Omega,Lean.Elab.ConfigEval
Lean.Linter.Basic	Lean/Linter/Basic.cs	3047	Lean.Linter.Init,Lean.Elab.Command
Lean.Elab.Tactic.AutoTry	Lean/Elab/Tactic/AutoTry.cs	15822	Init.Try,Lean.Linter.Basic,Lean.Elab.InfoTree.Util,Lean.Elab.Tactic.Try,Lean.Elab.Tactic.Meta,Lean.Elab.BuiltinTerm
Lean.Elab.Tactic.AsAuxLemma	Lean/Elab/Tactic/AsAuxLemma.cs	1460	Lean.Elab.Tactic.Meta
Lean.Elab.Tactic.TreeTacAttr	Lean/Elab/Tactic/TreeTacAttr.cs	126	Lean.Meta.Tactic.Simp
Lean.Elab.Tactic.ExposeNames	Lean/Elab/Tactic/ExposeNames.cs	329	Lean.Meta.Tactic.ExposeNames,Lean.Elab.Tactic.Basic
Lean.Elab.Tactic.SimpArith	Lean/Elab/Tactic/SimpArith.cs	1448	Lean.Elab.Tactic.Simp,Lean.Meta.Tactic.TryThis
Lean.Elab.Tactic.Show	Lean/Elab/Tactic/Show.cs	1362	Lean.Elab.Tactic.Change
Lean.Elab.Tactic.Do.ProofMode.MGoal	Lean/Elab/Tactic/Do/ProofMode/MGoal.cs	6651	Std.Do.SPred.DerivedLaws,Std.Tactic.Do.ProofMode,Lean.Elab.Tactic.Basic
Lean.Elab.Tactic.Do.ProofMode.Delab	Lean/Elab/Tactic/Do/ProofMode/Delab.cs	3230	Lean.Elab.Tactic.Do.ProofMode.MGoal
Lean.Elab.Tactic.Do.ProofMode.Basic	Lean/Elab/Tactic/Do/ProofMode/Basic.cs	3500	Std.Tactic.Do.Syntax,Lean.Elab.Tactic.Do.ProofMode.MGoal
Lean.Elab.Tactic.Do.ProofMode.Focus	Lean/Elab/Tactic/Do/ProofMode/Focus.cs	1375	Lean.Elab.Tactic.Do.ProofMode.MGoal
Lean.Elab.Tactic.Do.ProofMode.Clear	Lean/Elab/Tactic/Do/ProofMode/Clear.cs	1760	Std.Tactic.Do.Syntax,Lean.Elab.Tactic.Do.ProofMode.Focus
Lean.Elab.Tactic.Do.ProofMode.Intro	Lean/Elab/Tactic/Do/ProofMode/Intro.cs	5811	Lean.Elab.Tactic.Do.ProofMode.Basic
Lean.Elab.Tactic.Do.ProofMode.Revert	Lean/Elab/Tactic/Do/ProofMode/Revert.cs	6910	Lean.Elab.Tactic.Do.ProofMode.Focus,Lean.Elab.Tactic.Do.ProofMode.Basic
Lean.Elab.Tactic.Do.ProofMode.Exact	Lean/Elab/Tactic/Do/ProofMode/Exact.cs	2589	Lean.Elab.Tactic.Do.ProofMode.Basic,Lean.Elab.Tactic.Do.ProofMode.Focus,Lean.Elab.Tactic.ElabTerm
Lean.Elab.Tactic.Do.ProofMode.Assumption	Lean/Elab/Tactic/Do/ProofMode/Assumption.cs	2928	Lean.Elab.Tactic.Do.ProofMode.Exact,Lean.Meta.Tactic.Assumption
Lean.Elab.Tactic.Do.ProofMode.Pure	Lean/Elab/Tactic/Do/ProofMode/Pure.cs	7295	Lean.Elab.Tactic.Do.ProofMode.MGoal,Lean.Elab.Tactic.Meta,Lean.Elab.Tactic.Do.ProofMode.Basic,Lean.Elab.Tactic.Do.ProofMode.Focus,Lean.Meta.Tactic.Rfl
Lean.Elab.Tactic.Do.ProofMode.Frame	Lean/Elab/Tactic/Do/ProofMode/Frame.cs	4672	Std.Tactic.Do.Syntax,Lean.Elab.Tactic.Do.ProofMode.Focus
Lean.Elab.Tactic.Do.ProofMode.LeftRight	Lean/Elab/Tactic/Do/ProofMode/LeftRight.cs	2310	Std.Tactic.Do.Syntax,Lean.Elab.Tactic.Do.ProofMode.MGoal
Lean.Elab.Tactic.Do.ProofMode.Constructor	Lean/Elab/Tactic/Do/ProofMode/Constructor.cs	2198	Std.Tactic.Do.Syntax,Lean.Elab.Tactic.Do.ProofMode.MGoal
Lean.Elab.Tactic.Do.ProofMode.RenameI	Lean/Elab/Tactic/Do/ProofMode/RenameI.cs	1700	Lean.Elab.Tactic.Do.ProofMode.Basic
Lean.Elab.Tactic.Do.ProofMode.Specialize	Lean/Elab/Tactic/Do/ProofMode/Specialize.cs	8161	Lean.Elab.Tactic.ElabTerm,Lean.Elab.Tactic.Do.ProofMode.MGoal,Lean.Elab.Tactic.Do.ProofMode.Basic,Lean.Elab.Tactic.Do.ProofMode.Focus
Lean.Elab.Tactic.Do.ProofMode.Cases	Lean/Elab/Tactic/Do/ProofMode/Cases.cs	10345	Lean.Elab.Tactic.Do.ProofMode.MGoal,Std.Tactic.Do.Syntax,Lean.Elab.Tactic.Do.ProofMode.Pure,Lean.Elab.Tactic.Do.ProofMode.Focus,Lean.Elab.Tactic.Do.ProofMode.Basic
Lean.Elab.Tactic.Do.ProofMode.Exfalso	Lean/Elab/Tactic/Do/ProofMode/Exfalso.cs	1688	Lean.Elab.Tactic.Do.ProofMode.Basic
Lean.Elab.Tactic.Do.ProofMode.Have	Lean/Elab/Tactic/Do/ProofMode/Have.cs	3610	Std.Tactic.Do.Syntax,Lean.Elab.Tactic.Basic,Lean.Elab.Tactic.Do.ProofMode.Focus,Lean.Elab.Tactic.ElabTerm
Lean.Elab.Tactic.Do.ProofMode.Refine	Lean/Elab/Tactic/Do/ProofMode/Refine.cs	7432	Lean.Elab.Tactic.Do.ProofMode.Assumption
Lean.Elab.Tactic.Do.ProofMode	Lean/Elab/Tactic/Do/ProofMode.cs	109	Lean.Elab.Tactic.Do.ProofMode.MGoal,Lean.Elab.Tactic.Do.ProofMode.Delab,Lean.Elab.Tactic.Do.ProofMode.Basic,Lean.Elab.Tactic.Do.ProofMode.Clear,Lean.Elab.Tactic.Do.ProofMode.Intro,Lean.Elab.Tactic.Do.ProofMode.Revert,Lean.Elab.Tactic.Do.ProofMode.Exact,Lean.Elab.Tactic.Do.ProofMode.Assumption,Lean.Elab.Tactic.Do.ProofMode.Pure,Lean.Elab.Tactic.Do.ProofMode.Frame,Lean.Elab.Tactic.Do.ProofMode.LeftRight,Lean.Elab.Tactic.Do.ProofMode.Constructor,Lean.Elab.Tactic.Do.ProofMode.RenameI,Lean.Elab.Tactic.Do.ProofMode.Specialize,Lean.Elab.Tactic.Do.ProofMode.Cases,Lean.Elab.Tactic.Do.ProofMode.Exfalso,Lean.Elab.Tactic.Do.ProofMode.Have,Lean.Elab.Tactic.Do.ProofMode.Refine
Lean.Elab.Tactic.Do.Syntax	Lean/Elab/Tactic/Do/Syntax.cs	3934	Lean.Elab.BuiltinNotation,Std.Do.Triple.Basic
Lean.Elab.Tactic.Do.ConjunctivePre	Lean/Elab/Tactic/Do/ConjunctivePre.cs	2136	Init.BinderNameHint,Lean.Meta.Basic,Std.WP.Triple.Basic
Lean.Elab.Tactic.Do.Attr	Lean/Elab/Tactic/Do/Attr.cs	23337	Lean.Meta.Tactic.Simp,Lean.Meta.Sym.Pattern,Std.Tactic.Do.Syntax,Std.WP.Triple.Basic,Lean.Elab.Tactic.Do.ConjunctivePre,Init.While,Init.Syntax,Lean.Meta.Sym.Simp.DiscrTree,Lean.Meta.DiscrTree.Util
Lean.Elab.Tactic.Do.Contract	Lean/Elab/Tactic/Do/Contract.cs	12654	Std.Tactic.Do.Syntax,Std.WP,Lean.Elab.Util,Lean.Elab.Command,Lean.Elab.Do.Basic,Lean.DocString.Extension,Lean.Meta.Tactic.Simp.Main,Lean.Parser.Command,Lean.Parser.Term,Lean.Parser.Do,Init.Syntax,Init.Grind.Interactive
Lean.Elab.Tactic.Do.LetElim	Lean/Elab/Tactic/Do/LetElim.cs	12520	Lean.Meta.Tactic.Simp,Init.Omega
Lean.Elab.Tactic.Do.Spec	Lean/Elab/Tactic/Do/Spec.cs	22398	Lean.Elab.Tactic.Do.Attr,Lean.Elab.Tactic.Do.ProofMode.Intro,Lean.Elab.Tactic.Do.ProofMode.Pure,Lean.Elab.Tactic.Do.ProofMode.Frame,Lean.Elab.Tactic.Do.ProofMode.Assumption
Lean.Meta.Match.Rewrite	Lean/Meta/Match/Rewrite.cs	10102	Lean.Meta.Tactic.Simp.Types,Lean.Meta.Tactic.Assumption,Lean.Meta.Tactic.Refl,Lean.Meta.Tactic.Simp.Rewrite
Lean.Elab.Tactic.Do.VCGen.Split	Lean/Elab/Tactic/Do/VCGen/Split.cs	6296	Lean.Meta.Tactic.Simp.Types,Lean.Meta.Match.MatcherApp.Transform,Lean.Data.Array,Lean.Meta.Match.Rewrite,Lean.Meta.Tactic.Simp.Rewrite,Lean.Meta.Tactic.Assumption
Lean.Elab.Tactic.Do.VCGen.Basic	Lean/Elab/Tactic/Do/VCGen/Basic.cs	14840	Lean.Elab.Tactic.Simp,Lean.Elab.Tactic.Do.Attr,Init.Omega,Lean.Elab.ConfigEval
Lean.Elab.Tactic.Do.VCGen.SuggestInvariant	Lean/Elab/Tactic/Do/VCGen/SuggestInvariant.cs	14715	Lean.Elab.Tactic.Basic,Lean.Meta.Tactic.Simp.Types,Lean.Meta.Tactic.Simp.Main,Lean.Elab.Tactic.Do.ProofMode.MGoal,Std.Tactic.Do,Init.Data.Array.Mem
Lean.Elab.Tactic.Do.VCGen	Lean/Elab/Tactic/Do/VCGen.cs	55835	Lean.Elab.Tactic.Do.VCGen.Split,Lean.Elab.Tactic.Do.ProofMode.Revert,Lean.Elab.Tactic.Do.LetElim,Lean.Elab.Tactic.Do.Spec,Lean.Meta.Tactic.TryThis,Lean.Elab.Tactic.Do.VCGen.Basic,Lean.Elab.Tactic.Do.VCGen.SuggestInvariant
Lean.Elab.Tactic.Do	Lean/Elab/Tactic/Do.cs	54	Lean.Elab.Tactic.Do.ProofMode,Lean.Elab.Tactic.Do.Syntax,Lean.Elab.Tactic.Do.Attr,Lean.Elab.Tactic.Do.Contract,Lean.Elab.Tactic.Do.LetElim,Lean.Elab.Tactic.Do.Spec,Lean.Elab.Tactic.Do.VCGen
Lean.Elab.Tactic.VCGen.Reduce	Lean/Elab/Tactic/VCGen/Reduce.cs	1658	Lean.Meta.Sym.SymM,Lean.Meta.WHNF,Lean.Meta.Sym.Util,Lean.Meta.Sym.InstantiateS,Lean.Meta.Sym.AlphaShareBuilder
Lean.Elab.Tactic.VCGen.SpecDB	Lean/Elab/Tactic/VCGen/SpecDB.cs	6766	Lean.Elab.Tactic.Do.Attr,Lean.Meta.Sym.Pattern,Lean.Meta.DiscrTree.Util,Lean.Meta.Sym.Simp.DiscrTree,Lean.Meta.Sym.Util
Lean.Elab.Tactic.VCGen.WPApp	Lean/Elab/Tactic/VCGen/WPApp.cs	385	Lean.Meta.Sym.SymM,Lean.Meta.Sym.AlphaShareBuilder,Std.WP.Basic
Lean.Elab.Tactic.VCGen.FrameProc	Lean/Elab/Tactic/VCGen/FrameProc.cs	2877	Lean.Elab.Tactic.VCGen.WPApp,Lean.Meta.Sym.Apply,Lean.Meta.Sym.AlphaShareBuilder,Lean.Meta.Tactic.Grind.Types,Std.Internal.Order.Basic,Lean.Meta.AppBuilder,Lean.Meta.Sym.InferType,Lean.Meta.Sym.InstantiateMVarsS,Lean.Meta.Tactic.Util
Lean.Elab.Tactic.VCGen.Context	Lean/Elab/Tactic/VCGen/Context.cs	2830	Lean.Elab.Tactic.Do.VCGen.Basic,Lean.Elab.Tactic.VCGen.SpecDB,Lean.Elab.Tactic.VCGen.FrameProc,Lean.Meta.Sym.Apply,Lean.Meta.Sym.Simp.DiscrTree,Lean.Meta.Sym.Simp.SimpM,Lean.Meta.Tactic.Grind.Types
Lean.Elab.Tactic.VCGen.Util	Lean/Elab/Tactic/VCGen/Util.cs	7805	Lean.Meta.Tactic.Grind.Main,Lean.Elab.Tactic.VCGen.Context,Lean.Elab.Tactic.VCGen.Reduce,Lean.Meta.Sym.AlphaShareBuilder,Lean.Meta.Sym.Intro,Lean.Meta.Sym.Simp.Goal,Lean.Meta.Sym.Simp.Telescope,Lean.Meta.Sym.Util
Lean.Elab.Tactic.VCGen.RuleConstruction	Lean/Elab/Tactic/VCGen/RuleConstruction.cs	24047	Lean.Elab.Tactic.Do.VCGen.Split,Lean.Elab.Tactic.VCGen.Context,Lean.Elab.Tactic.VCGen.Reduce,Lean.Elab.Tactic.VCGen.SpecDB,Lean.Elab.Tactic.VCGen.Util,Lean.Meta.Sym.Apply,Lean.Meta.Sym.Util,Std.WP.Frame
Lean.Elab.Tactic.VCGen.LatticeOp	Lean/Elab/Tactic/VCGen/LatticeOp.cs	6604	Lean.Meta.Sym.Apply,Std.Internal.Order.Heyting,Std.Internal.Order.FrameClosure,Lean.Meta.Sym.Simp.Rewrite,Lean.Meta.AppBuilder,Lean.Meta.AbstractMVars
Lean.Elab.Tactic.VCGen.RuleCache	Lean/Elab/Tactic/VCGen/RuleCache.cs	3000	Lean.Elab.Tactic.Do.VCGen.Split,Lean.Elab.Tactic.VCGen.Context,Lean.Elab.Tactic.VCGen.RuleConstruction,Lean.Elab.Tactic.VCGen.LatticeOp,Lean.Elab.Tactic.VCGen.Util,Lean.Meta.Sym.InferType
Lean.Elab.Tactic.VCGen.Entails	Lean/Elab/Tactic/VCGen/Entails.cs	5720	Lean.Elab.Tactic.VCGen.Context,Lean.Elab.Tactic.VCGen.RuleCache,Lean.Elab.Tactic.VCGen.Util,Lean.Meta.Sym.Util,Lean.Meta.Tactic.Replace,Std.WP,Lean.Meta.Sym.InferType,Lean.Meta.Sym.InstantiateMVarsS
Lean.Elab.Tactic.VCGen.BinderName	Lean/Elab/Tactic/VCGen/BinderName.cs	5595	Lean.Elab.Tactic.VCGen.Util,Lean.Meta.Sym.InstantiateS,Lean.Meta.Sym.AlphaShareBuilder,Lean.Meta.Sym.InstantiateMVarsS,Lean.Meta.BinderNameHint
Lean.Elab.Tactic.VCGen.Solve	Lean/Elab/Tactic/VCGen/Solve.cs	25161	Lean.Elab.Tactic.VCGen.Context,Lean.Elab.Tactic.VCGen.RuleCache,Lean.Elab.Tactic.VCGen.Entails,Lean.Elab.Tactic.VCGen.BinderName,Lean.Meta.Sym.InstantiateS,Lean.Meta.Sym.Simp.App,Lean.Meta.Sym.InferType,Lean.Meta.Sym.InstantiateMVarsS,Init.Data.Prod
Lean.Elab.Tactic.VCGen.Driver	Lean/Elab/Tactic/VCGen/Driver.cs	5552	Lean.Elab.Tactic.Meta,Lean.Elab.Tactic.VCGen.Context,Lean.Elab.Tactic.VCGen.Solve,Lean.Meta.Sym.Grind
Lean.Elab.Tactic.VCGen.FrameProcAttr	Lean/Elab/Tactic/VCGen/FrameProcAttr.cs	1803	Lean.Elab.Tactic.VCGen.Context
Lean.Elab.Tactic.VCGen.Frontend	Lean/Elab/Tactic/VCGen/Frontend.cs	24736	Lean.Elab.Tactic.Do.VCGen,Lean.Elab.Tactic.VCGen.Context,Lean.Elab.Tactic.VCGen.Driver,Lean.Elab.Tactic.VCGen.FrameProcAttr,Lean.Meta.Sym.Simp.Attr,Lean.Meta.Sym.Simp.ControlFlow,Lean.Meta.Sym.Simp.EvalGround,Lean.Meta.Sym.Simp.Forall,Lean.Meta.Sym.Simp.Rewrite,Lean.Meta.Sym.Simp.Simproc,Lean.Elab.Tactic.Grind.Main,Lean.Elab.Tactic.Grind.Basic,Lean.Meta.Sym.ProofInstInfo
Lean.Elab.Tactic.VCGen	Lean/Elab/Tactic/VCGen.cs	69	Lean.Elab.Tactic.VCGen.Reduce,Lean.Elab.Tactic.VCGen.SpecDB,Lean.Elab.Tactic.VCGen.RuleConstruction,Lean.Elab.Tactic.VCGen.Context,Lean.Elab.Tactic.VCGen.Util,Lean.Elab.Tactic.VCGen.RuleCache,Lean.Elab.Tactic.VCGen.Entails,Lean.Elab.Tactic.VCGen.Solve,Lean.Elab.Tactic.VCGen.Driver,Lean.Elab.Tactic.VCGen.Frontend
Lean.Elab.Tactic.Decide	Lean/Elab/Tactic/Decide.cs	12155	Lean.Elab.Tactic.Basic,Lean.Meta.Tactic.Cleanup,Lean.Meta.Native,Lean.Elab.Tactic.ElabTerm,Lean.Elab.ConfigEval
Lean.Meta.Tactic.AC	Lean/Meta/Tactic/AC.cs	24	Lean.Meta.Tactic.AC.Main
Lean.Meta.Tactic.FunInd	Lean/Meta/Tactic/FunInd.cs	100491	Lean.Meta.Tactic.Simp.Types,Lean.Meta.Match.MatcherApp.Transform,Lean.Meta.Match.Rewrite,Lean.Meta.Injective,Lean.Meta.ArgsPacker,Lean.Elab.PreDefinition.WF.Eqns,Lean.Elab.PreDefinition.Structural.Eqns,Lean.Elab.PreDefinition.Structural.FindRecArg,Lean.Meta.Tactic.FunIndInfo,Lean.Data.Array,Lean.Meta.Tactic.Replace,Init.Omega
Lean.Meta.Tactic.Grind.Ext	Lean/Meta/Tactic/Grind/Ext.cs	4259	Lean.Meta.Tactic.Grind.Types,Lean.Meta.Tactic.Grind.SynthInstance
Lean.Meta.Tactic.Grind.Propagate	Lean/Meta/Tactic/Grind/Propagate.cs	18538	Init.Grind,Lean.Meta.Tactic.Grind.Simp,Lean.Meta.Tactic.Grind.Ext,Lean.Meta.Tactic.Grind.Diseq,Lean.Meta.Tactic.Grind.PropagatorAttr
Lean.Meta.Tactic.Grind.BitVec	Lean/Meta/Tactic/Grind/BitVec.cs	17649	Init.Grind,Init.Data.BitVec.Basic,Lean.Meta.LitValues,Lean.ToExpr,Lean.Meta.Tactic.Grind.Simp,Lean.Meta.Tactic.Grind.PropagatorAttr
Lean.Meta.Tactic.Grind.Arith.Types	Lean/Meta/Tactic/Grind/Arith/Types.cs	46	Init.Core
Lean.Meta.Tactic.Grind.Arith.Main	Lean/Meta/Tactic/Grind/Arith/Main.cs	560	Init.Grind.Propagator,Lean.Meta.Tactic.Grind.Arith.Cutsat.LeCnstr,Lean.Meta.Tactic.Grind.Arith.Linear.IneqCnstr,Lean.Meta.Tactic.Grind.PropagatorAttr
Lean.Meta.Tactic.Grind.Arith.CommRing.Internalize	Lean/Meta/Tactic/Grind/Arith/CommRing/Internalize.cs	12981	Lean.Meta.Tactic.Grind.Arith.CommRing.RingId,Lean.Meta.Tactic.Grind.Simp,Lean.Meta.Tactic.Grind.Arith.Util,Lean.Meta.Tactic.Grind.Arith.CommRing.Reify,Lean.Meta.Tactic.Grind.Arith.CommRing.DenoteExpr
Lean.Meta.Tactic.Grind.Arith.CommRing.Action	Lean/Meta/Tactic/Grind/Arith/CommRing/Action.cs	180	Lean.Meta.Tactic.Grind.Action,Lean.Meta.Tactic.Grind.Arith.CommRing.EqCnstr
Lean.Meta.Tactic.Grind.Arith.CommRing.Power	Lean/Meta/Tactic/Grind/Arith/CommRing/Power.cs	1665	Init.Grind,Lean.Meta.Tactic.Grind.Arith.Simproc,Lean.Meta.NatInstTesters,Lean.Meta.Tactic.Grind.PropagatorAttr
Lean.Meta.Tactic.Grind.Arith.CommRing	Lean/Meta/Tactic/Grind/Arith/CommRing.cs	2267	Lean.Meta.Tactic.Grind.Arith.CommRing.Types,Lean.Meta.Tactic.Grind.Arith.CommRing.RingId,Lean.Meta.Tactic.Grind.Arith.CommRing.Internalize,Lean.Meta.Tactic.Grind.Arith.CommRing.RingM,Lean.Meta.Tactic.Grind.Arith.CommRing.SemiringM,Lean.Meta.Tactic.Grind.Arith.CommRing.NonCommRingM,Lean.Meta.Tactic.Grind.Arith.CommRing.NonCommSemiringM,Lean.Meta.Tactic.Grind.Arith.CommRing.Reify,Lean.Meta.Tactic.Grind.Arith.CommRing.EqCnstr,Lean.Meta.Tactic.Grind.Arith.CommRing.Proof,Lean.Meta.Tactic.Grind.Arith.CommRing.DenoteExpr,Lean.Meta.Tactic.Grind.Arith.CommRing.Inv,Lean.Meta.Tactic.Grind.Arith.CommRing.PP,Lean.Meta.Tactic.Grind.Arith.CommRing.Action,Lean.Meta.Tactic.Grind.Arith.CommRing.Power
Lean.Meta.Tactic.Grind.Arith.Linear.PropagateEq	Lean/Meta/Tactic/Grind/Arith/Linear/PropagateEq.cs	19747	Lean.Meta.Tactic.Grind.Arith.Linear.LinearM,Lean.Meta.Tactic.Grind.Arith.CommRing.Reify,Lean.Meta.Tactic.Grind.Arith.Linear.Den,Lean.Meta.Tactic.Grind.Arith.Linear.Reify,Lean.Meta.Tactic.Grind.Arith.Linear.IneqCnstr,Lean.Meta.Tactic.Grind.Arith.Linear.Proof
Lean.Meta.Tactic.Grind.Arith.Linear.Internalize	Lean/Meta/Tactic/Grind/Arith/Linear/Internalize.cs	3306	Lean.Meta.Tactic.Grind.Arith.Linear.OfNatModule,Lean.Meta.Tactic.Grind.Arith.Util,Lean.Meta.Tactic.Grind.Arith.Linear.StructId,Lean.Meta.Tactic.Grind.Arith.Linear.Var,Lean.Meta.Tactic.Grind.Arith.Linear.Util,Lean.Meta.Tactic.Grind.Arith.Linear.Reify
Lean.Meta.Tactic.Grind.Arith.Linear.Inv	Lean/Meta/Tactic/Grind/Arith/Linear/Inv.cs	9816	Lean.Meta.Tactic.Grind.Arith.Linear.LinearM,Lean.Meta.Tactic.Grind.Arith.Linear.Util
Lean.Meta.Tactic.Grind.MBTC	Lean/Meta/Tactic/Grind/MBTC.cs	8238	Lean.Meta.Tactic.Grind.Types,Lean.Meta.Tactic.Grind.CastLike
Lean.Meta.Tactic.Grind.Arith.Linear.MBTC	Lean/Meta/Tactic/Grind/Arith/Linear/MBTC.cs	1588	Lean.Meta.Tactic.Grind.Types,Lean.Meta.Tactic.Grind.MBTC,Lean.Meta.Tactic.Grind.Arith.ModelUtil,Lean.Meta.Tactic.Grind.Arith.Linear.Model,Lean.Meta.Tactic.Grind.Arith.Linear.LinearM
Lean.Meta.Tactic.Grind.Arith.Linear.Action	Lean/Meta/Tactic/Grind/Arith/Linear/Action.cs	179	Lean.Meta.Tactic.Grind.Action,Lean.Meta.Tactic.Grind.Arith.Linear.Search
Lean.Meta.Tactic.Grind.Arith.Linear	Lean/Meta/Tactic/Grind/Arith/Linear.cs	1916	Lean.Meta.Tactic.Grind.Arith.Linear.Types,Lean.Meta.Tactic.Grind.Arith.Linear.Util,Lean.Meta.Tactic.Grind.Arith.Linear.Var,Lean.Meta.Tactic.Grind.Arith.Linear.StructId,Lean.Meta.Tactic.Grind.Arith.Linear.IneqCnstr,Lean.Meta.Tactic.Grind.Arith.Linear.Reify,Lean.Meta.Tactic.Grind.Arith.Linear.DenoteExpr,Lean.Meta.Tactic.Grind.Arith.Linear.ToExpr,Lean.Meta.Tactic.Grind.Arith.Linear.Proof,Lean.Meta.Tactic.Grind.Arith.Linear.SearchM,Lean.Meta.Tactic.Grind.Arith.Linear.Search,Lean.Meta.Tactic.Grind.Arith.Linear.PropagateEq,Lean.Meta.Tactic.Grind.Arith.Linear.Internalize,Lean.Meta.Tactic.Grind.Arith.Linear.Model,Lean.Meta.Tactic.Grind.Arith.Linear.PP,Lean.Meta.Tactic.Grind.Arith.Linear.Inv,Lean.Meta.Tactic.Grind.Arith.Linear.MBTC,Lean.Meta.Tactic.Grind.Arith.Linear.VarRename,Lean.Meta.Tactic.Grind.Arith.Linear.OfNatModule,Lean.Meta.Tactic.Grind.Arith.Linear.Action
Lean.Meta.Tactic.Grind.Arith.Cutsat.MBTC	Lean/Meta/Tactic/Grind/Arith/Cutsat/MBTC.cs	3521	Lean.Meta.Tactic.Grind.Arith.Cutsat.Util,Lean.Meta.Tactic.Grind.MBTC,Lean.Meta.Tactic.Grind.Arith.ModelUtil,Lean.Meta.Tactic.Grind.Arith.Cutsat.Model
Lean.Meta.Tactic.Grind.Arith.Cutsat.Action	Lean/Meta/Tactic/Grind/Arith/Cutsat/Action.cs	179	Lean.Meta.Tactic.Grind.Action,Lean.Meta.Tactic.Grind.Arith.Cutsat.Search
Lean.Meta.Tactic.Grind.Arith.Cutsat	Lean/Meta/Tactic/Grind/Arith/Cutsat.cs	2453	Lean.Meta.Tactic.Grind.Arith.Cutsat.DvdCnstr,Lean.Meta.Tactic.Grind.Arith.Cutsat.LeCnstr,Lean.Meta.Tactic.Grind.Arith.Cutsat.Search,Lean.Meta.Tactic.Grind.Arith.Cutsat.Inv,Lean.Meta.Tactic.Grind.Arith.Cutsat.Proof,Lean.Meta.Tactic.Grind.Arith.Cutsat.Types,Lean.Meta.Tactic.Grind.Arith.Cutsat.Util,Lean.Meta.Tactic.Grind.Arith.Cutsat.Var,Lean.Meta.Tactic.Grind.Arith.Cutsat.EqCnstr,Lean.Meta.Tactic.Grind.Arith.Cutsat.SearchM,Lean.Meta.Tactic.Grind.Arith.Cutsat.Model,Lean.Meta.Tactic.Grind.Arith.Cutsat.MBTC,Lean.Meta.Tactic.Grind.Arith.Cutsat.Nat,Lean.Meta.Tactic.Grind.Arith.Cutsat.CommRing,Lean.Meta.Tactic.Grind.Arith.Cutsat.VarRename,Lean.Meta.Tactic.Grind.Arith.Cutsat.Action
Lean.Meta.Tactic.Grind.Arith.Propagate	Lean/Meta/Tactic/Grind/Arith/Propagate.cs	4466	Init.Grind,Lean.Meta.Tactic.Grind.Arith.CommRing.RingId,Lean.Meta.Tactic.Grind.Arith.CommRing.NonCommRingM,Lean.Meta.Tactic.Grind.Arith.CommRing.NonCommSemiringM,Lean.Meta.Tactic.Grind.PropagatorAttr
Lean.Meta.Tactic.Grind.Arith.Model	Lean/Meta/Tactic/Grind/Arith/Model.cs	24	Lean.Meta.Tactic.Grind.Arith.Cutsat.Model
Lean.Meta.Tactic.Grind.Arith	Lean/Meta/Tactic/Grind/Arith.cs	64	Lean.Meta.Tactic.Grind.Arith.Util,Lean.Meta.Tactic.Grind.Arith.Types,Lean.Meta.Tactic.Grind.Arith.Main,Lean.Meta.Tactic.Grind.Arith.CommRing,Lean.Meta.Tactic.Grind.Arith.Linear,Lean.Meta.Tactic.Grind.Arith.Cutsat,Lean.Meta.Tactic.Grind.Arith.Simproc,Lean.Meta.Tactic.Grind.Arith.Propagate,Lean.Meta.Tactic.Grind.Arith.Model
Lean.Meta.Tactic.Grind.Lookahead	Lean/Meta/Tactic/Grind/Lookahead.cs	4028	Lean.Meta.Tactic.Grind.Types,Lean.Meta.Tactic.Grind.Split,Lean.Meta.Tactic.Grind.EMatchAction
Lean.Meta.Tactic.Grind.AC.Var	Lean/Meta/Tactic/Grind/AC/Var.cs	24	Lean.Meta.Tactic.Grind.Util
Lean.Meta.Tactic.Grind.AC.Internalize	Lean/Meta/Tactic/Grind/AC/Internalize.cs	2711	Lean.Meta.Tactic.Grind.AC.Util,Lean.Meta.Tactic.Grind.AC.DenoteExpr
Lean.Meta.Tactic.Grind.AC.Action	Lean/Meta/Tactic/Grind/AC/Action.cs	179	Lean.Meta.Tactic.Grind.Action,Lean.Meta.Tactic.Grind.AC.Eq
Lean.Meta.Tactic.Grind.AC	Lean/Meta/Tactic/Grind/AC.cs	1488	Lean.Meta.Tactic.Grind.AC.Types,Lean.Meta.Tactic.Grind.AC.Util,Lean.Meta.Tactic.Grind.AC.Var,Lean.Meta.Tactic.Grind.AC.Internalize,Lean.Meta.Tactic.Grind.AC.Eq,Lean.Meta.Tactic.Grind.AC.Seq,Lean.Meta.Tactic.Grind.AC.Proof,Lean.Meta.Tactic.Grind.AC.DenoteExpr,Lean.Meta.Tactic.Grind.AC.ToExpr,Lean.Meta.Tactic.Grind.AC.VarRename,Lean.Meta.Tactic.Grind.AC.PP,Lean.Meta.Tactic.Grind.AC.Inv,Lean.Meta.Tactic.Grind.AC.Action
Lean.Meta.Tactic.Grind.Order.Types	Lean/Meta/Tactic/Grind/Order/Types.cs	871	Lean.Meta.Tactic.Grind.Types
Lean.Meta.Tactic.Grind.Order.OrderM	Lean/Meta/Tactic/Grind/Order/OrderM.cs	2986	Lean.Meta.Tactic.Grind.Order.Types,Lean.Meta.Sym.Arith.Types
Lean.Meta.Tactic.Grind.Order.StructId	Lean/Meta/Tactic/Grind/Order/StructId.cs	178	Lean.Meta.Tactic.Grind.Order.Types,Lean.Meta.Sym.Arith.Classify
Lean.Meta.Tactic.Grind.Order.Util	Lean/Meta/Tactic/Grind/Order/Util.cs	1711	Lean.Meta.Tactic.Grind.Order.OrderM,Lean.Meta.Tactic.Grind.Arith.Util
Lean.Meta.Tactic.Grind.Order.Proof	Lean/Meta/Tactic/Grind/Order/Proof.cs	6043	Lean.Meta.Tactic.Grind.Order.OrderM,Lean.Meta.Tactic.Grind.Arith.CommRing.RingM,Init.Grind.Order
Lean.Meta.Tactic.Grind.Order.Assert	Lean/Meta/Tactic/Grind/Order/Assert.cs	16671	Lean.Meta.Tactic.Grind.Order.OrderM,Init.Grind.Propagator,Init.Grind.Order,Lean.Meta.Tactic.Grind.PropagatorAttr,Lean.Meta.Tactic.Grind.Order.Util,Lean.Meta.Tactic.Grind.Order.Proof
Lean.Meta.Tactic.Grind.Order.Internalize	Lean/Meta/Tactic/Grind/Order/Internalize.cs	24283	Lean.Meta.Tactic.Grind.Order.OrderM,Init.Data.Int.OfNat,Init.Grind.Module.Envelope,Init.Grind.Order,Lean.Meta.Tactic.Grind.Arith.CommRing.SafePoly,Lean.Meta.Tactic.Grind.Arith.CommRing.Reify,Lean.Meta.Tactic.Grind.Arith.CommRing.DenoteExpr,Lean.Meta.Tactic.Grind.Arith.CommRing.Proof,Lean.Meta.Tactic.Grind.Arith.Cutsat.Nat,Lean.Meta.Tactic.Grind.Order.StructId,Lean.Meta.Tactic.Grind.Order.Util,Lean.Meta.Tactic.Grind.Order.Assert,Lean.Meta.Tactic.Grind.Order.Proof
Lean.Meta.Tactic.Grind.Order	Lean/Meta/Tactic/Grind/Order.cs	1420	Lean.Meta.Tactic.Grind.Order.Types,Lean.Meta.Tactic.Grind.Order.Internalize,Lean.Meta.Tactic.Grind.Order.StructId,Lean.Meta.Tactic.Grind.Order.OrderM,Lean.Meta.Tactic.Grind.Order.Assert,Lean.Meta.Tactic.Grind.Order.Util
Lean.Meta.Tactic.Grind.Homomorphism	Lean/Meta/Tactic/Grind/Homomorphism.cs	8334	Lean.Meta.Tactic.Grind.Types,Lean.Meta.Tactic.Grind.Homo,Lean.Meta.Sym.Simp.SimpM,Init.Grind.Homo.Extra,Lean.Meta.NatInstTesters,Lean.Meta.Sym.LitValues,Lean.Meta.Tactic.Grind.Diseq,Lean.Meta.Sym.Simp.Rewrite,Lean.Meta.Sym.Simp.EvalGround
Lean.Meta.Tactic.Grind.RegisterCommand	Lean/Meta/Tactic/Grind/RegisterCommand.cs	1759	Lean.Meta.Tactic.Grind.Attr
Lean.Meta.Tactic.Grind.BVDecide	Lean/Meta/Tactic/Grind/BVDecide.cs	24	Lean.Meta.Tactic.Grind.BVDecide.Types
Lean.Meta.Tactic.Grind	Lean/Meta/Tactic/Grind.cs	4996	Lean.Meta.Tactic.Grind.Attr,Lean.Meta.Tactic.Grind.MarkAccessible,Lean.Meta.Tactic.Grind.Types,Lean.Meta.Tactic.Grind.Util,Lean.Meta.Tactic.Grind.Cases,Lean.Meta.Tactic.Grind.Injection,Lean.Meta.Tactic.Grind.Core,Lean.Meta.Tactic.Grind.MarkNestedSubsingletons,Lean.Meta.Tactic.Grind.Inv,Lean.Meta.Tactic.Grind.Proof,Lean.Meta.Tactic.Grind.Propagate,Lean.Meta.Tactic.Grind.BitVec,Lean.Meta.Tactic.Grind.PP,Lean.Meta.Tactic.Grind.Simp,Lean.Meta.Tactic.Grind.Ctor,Lean.Meta.Tactic.Grind.Parser,Lean.Meta.Tactic.Grind.EMatchTheorem,Lean.Meta.Tactic.Grind.EMatch,Lean.Meta.Tactic.Grind.Main,Lean.Meta.Tactic.Grind.CasesMatch,Lean.Meta.Tactic.Grind.Arith,Lean.Meta.Tactic.Grind.Ext,Lean.Meta.Tactic.Grind.MatchCond,Lean.Meta.Tactic.Grind.MatchDiscrOnly,Lean.Meta.Tactic.Grind.Diseq,Lean.Meta.Tactic.Grind.MBTC,Lean.Meta.Tactic.Grind.Lookahead,Lean.Meta.Tactic.Grind.LawfulEqCmp,Lean.Meta.Tactic.Grind.ReflCmp,Lean.Meta.Tactic.Grind.SynthInstance,Lean.Meta.Tactic.Grind.AC,Lean.Meta.Tactic.Grind.VarRename,Lean.Meta.Tactic.Grind.ProofUtil,Lean.Meta.Tactic.Grind.PropagateInj,Lean.Meta.Tactic.Grind.Order,Lean.Meta.Tactic.Grind.Homomorphism,Lean.Meta.Tactic.Grind.Anchor,Lean.Meta.Tactic.Grind.Action,Lean.Meta.Tactic.Grind.EMatchTheoremParam,Lean.Meta.Tactic.Grind.EMatchAction,Lean.Meta.Tactic.Grind.Filter,Lean.Meta.Tactic.Grind.CollectParams,Lean.Meta.Tactic.Grind.Finish,Lean.Meta.Tactic.Grind.RegisterCommand,Lean.Meta.Tactic.Grind.BVDecide
Lean.Meta.Tactic.BVDecide.LRAT	Lean/Meta/Tactic/BVDecide/LRAT.cs	29	Lean.Meta.Tactic.BVDecide.LRAT.Trim,Lean.Meta.Tactic.BVDecide.LRAT.Cert
Lean.Meta.Tactic.BVDecide.Prover	Lean/Meta/Tactic/BVDecide/Prover.cs	29	Lean.Meta.Tactic.BVDecide.Prover.Basic,Lean.Meta.Tactic.BVDecide.Prover.Bitblast
Lean.Meta.Tactic.BVDecide	Lean/Meta/Tactic/BVDecide.cs	64	Lean.Meta.Tactic.BVDecide.External,Lean.Meta.Tactic.BVDecide.LRAT,Lean.Meta.Tactic.BVDecide.Normalize,Lean.Meta.Tactic.BVDecide.Attr,Lean.Meta.Tactic.BVDecide.Prover,Lean.Meta.Tactic.BVDecide.Counterexample,Lean.Meta.Tactic.BVDecide.Reflect,Lean.Meta.Tactic.BVDecide.Main,Lean.Meta.Tactic.BVDecide.TacticContext
Lean.Meta.Tactic	Lean/Meta/Tactic.cs	224	Lean.Meta.Tactic.Intro,Lean.Meta.Tactic.Assumption,Lean.Meta.Tactic.Contradiction,Lean.Meta.Tactic.Apply,Lean.Meta.Tactic.Revert,Lean.Meta.Tactic.Clear,Lean.Meta.Tactic.Assert,Lean.Meta.Tactic.Rewrite,Lean.Meta.Tactic.Generalize,Lean.Meta.Tactic.Replace,Lean.Meta.Tactic.Lets,Lean.Meta.Tactic.Induction,Lean.Meta.Tactic.Cases,Lean.Meta.Tactic.ElimInfo,Lean.Meta.Tactic.Delta,Lean.Meta.Tactic.Constructor,Lean.Meta.Tactic.Simp,Lean.Meta.Tactic.AuxLemma,Lean.Meta.Tactic.SplitIf,Lean.Meta.Tactic.Split,Lean.Meta.Tactic.TryThis,Lean.Meta.Tactic.Cleanup,Lean.Meta.Tactic.Unfold,Lean.Meta.Tactic.Rename,Lean.Meta.Tactic.AC,Lean.Meta.Tactic.Refl,Lean.Meta.Tactic.Congr,Lean.Meta.Tactic.Repeat,Lean.Meta.Tactic.NormCast,Lean.Meta.Tactic.IndependentOf,Lean.Meta.Tactic.Symm,Lean.Meta.Tactic.Backtrack,Lean.Meta.Tactic.SolveByElim,Lean.Meta.Tactic.FunInd,Lean.Meta.Tactic.Rfl,Lean.Meta.Tactic.Rewrites,Lean.Meta.Tactic.Grind,Lean.Meta.Tactic.Ext,Lean.Meta.Tactic.Try,Lean.Meta.Tactic.Cbv,Lean.Meta.Tactic.BVDecide
Lean.Elab.Tactic.Cbv	Lean/Elab/Tactic/Cbv.cs	2587	Lean.Meta.Tactic.Cbv,Lean.Meta.Tactic,Lean.Elab.Tactic.Location
Lean.Elab.Tactic	Lean/Elab/Tactic.cs	294	Lean.Elab.Tactic.Basic,Lean.Elab.Tactic.ElabTerm,Lean.Elab.Tactic.Induction,Lean.Elab.Tactic.Generalize,Lean.Elab.Tactic.Injection,Lean.Elab.Tactic.Match,Lean.Elab.Tactic.Rewrite,Lean.Elab.Tactic.Rwa,Lean.Elab.Tactic.Location,Lean.Elab.Tactic.SimpTrace,Lean.Elab.Tactic.Simp,Lean.Elab.Tactic.Simproc,Lean.Elab.Tactic.CbvSimproc,Lean.Elab.Tactic.BuiltinTactic,Lean.Elab.Tactic.Split,Lean.Elab.Tactic.Conv,Lean.Elab.Tactic.Delta,Lean.Elab.Tactic.Meta,Lean.Elab.Tactic.Unfold,Lean.Elab.Tactic.Calc,Lean.Elab.Tactic.Congr,Lean.Elab.Tactic.Guard,Lean.Elab.Tactic.RCases,Lean.Elab.Tactic.Repeat,Lean.Elab.Tactic.Ext,Lean.Elab.Tactic.Change,Lean.Elab.Tactic.FalseOrByContra,Lean.Elab.Tactic.Omega,Lean.Elab.Tactic.Simpa,Lean.Elab.Tactic.NormCast,Lean.Elab.Tactic.Symm,Lean.Elab.Tactic.SolveByElim,Lean.Elab.Tactic.LibrarySearch,Lean.Elab.Tactic.ShowTerm,Lean.Elab.Tactic.Rfl,Lean.Elab.Tactic.Rewrites,Lean.Elab.Tactic.DiscrTreeKey,Lean.Elab.Tactic.BVDecide,Lean.Elab.Tactic.BoolToPropSimps,Lean.Elab.Tactic.Classical,Lean.Elab.Tactic.Impossible,Lean.Elab.Tactic.Grind,Lean.Elab.Tactic.Monotonicity,Lean.Elab.Tactic.Try,Lean.Elab.Tactic.AutoTry,Lean.Elab.Tactic.AsAuxLemma,Lean.Elab.Tactic.TreeTacAttr,Lean.Elab.Tactic.ExposeNames,Lean.Elab.Tactic.SimpArith,Lean.Elab.Tactic.Show,Lean.Elab.Tactic.Lets,Lean.Elab.Tactic.Do,Lean.Elab.Tactic.VCGen,Lean.Elab.Tactic.Decide,Lean.Elab.Tactic.Cbv
Lean.Elab.StructInstHint	Lean/Elab/StructInstHint.cs	2799	Lean.Meta.Hint,Init.Data.String.OrderInstances
Lean.Elab.StructInst	Lean/Elab/StructInst.cs	68177	Lean.Meta.Structure,Lean.Elab.App,Lean.Elab.StructInstHint
Lean.Elab.Inductive	Lean/Elab/Inductive.cs	27099	Lean.Elab.MutualInductive
Lean.Elab.Structure	Lean/Elab/Structure.cs	88471	Lean.Meta.Structure,Lean.Elab.MutualInductive,Init.Omega
Lean.Elab.Print	Lean/Elab/Print.cs	21338	Lean.Meta.Eqns,Lean.Elab.Command,Lean.PrettyPrinter.Delaborator.Builtins
Lean.Elab.PreDefinition.WF	Lean/Elab/PreDefinition/WF.cs	29	Lean.Elab.PreDefinition.WF.Main,Lean.Elab.PreDefinition.WF.Eqns
Lean.Elab.PreDefinition.Eqns	Lean/Elab/PreDefinition/Eqns.cs	25946	Lean.Elab.PreDefinition.EqnsUtils,Lean.Meta.Match.NamedPatterns,Lean.Meta.Tactic.Simp.Main,Lean.Meta.Tactic.Split,Lean.Meta.Tactic.CasesOnStuckLHS
Lean.Elab.PreDefinition.EqUnfold	Lean/Elab/PreDefinition/EqUnfold.cs	4403	Lean.Meta.Eqns,Lean.Meta.Tactic.Rfl,Lean.Meta.Tactic.Intro
Lean.Elab.PreDefinition	Lean/Elab/PreDefinition.cs	59	Lean.Elab.PreDefinition.Basic,Lean.Elab.PreDefinition.Structural,Lean.Elab.PreDefinition.Main,Lean.Elab.PreDefinition.MkInhabitant,Lean.Elab.PreDefinition.WF,Lean.Elab.PreDefinition.EqnsUtils,Lean.Elab.PreDefinition.Eqns,Lean.Elab.PreDefinition.EqUnfold
Lean.Elab.Deriving.Util	Lean/Elab/Deriving/Util.cs	7841	Lean.Elab.Command,Lean.Elab.DeclNameGen
Lean.Elab.Deriving.Inhabited	Lean/Elab/Deriving/Inhabited.cs	16627	Lean.Elab.Deriving.Basic,Lean.Elab.Deriving.Util
Lean.Elab.Deriving.Nonempty	Lean/Elab/Deriving/Nonempty.cs	3905	Lean.Elab.Deriving.Basic,Lean.Elab.Deriving.Util
Lean.Elab.Deriving.TypeName	Lean/Elab/Deriving/TypeName.cs	3488	Lean.Elab.Deriving.Basic
Lean.Elab.Deriving.BEq	Lean/Elab/Deriving/BEq.cs	16264	Lean.Data.Options,Lean.Elab.Deriving.Basic,Lean.Elab.Deriving.Util,Lean.Meta.Constructions.CtorIdx,Lean.Meta.Constructions.CasesOnSameCtor,Lean.Meta.SameCtorUtils,Init.Data.Array.OfFn
Lean.Meta.Inductive	Lean/Meta/Inductive.cs	1059	Lean.Meta.Basic
Lean.Elab.Deriving.DecEq	Lean/Elab/Deriving/DecEq.cs	16832	Lean.Data.Options,Lean.Meta.Inductive,Lean.Elab.Deriving.Basic,Lean.Elab.Deriving.Util,Lean.Meta.NatTable,Lean.Meta.Constructions.CtorIdx,Lean.Meta.Constructions.CasesOnSameCtor,Lean.Meta.SameCtorUtils,Init.Data.Array.OfFn
Lean.Elab.Deriving.Repr	Lean/Elab/Deriving/Repr.cs	10202	Lean.Meta.Inductive,Lean.Elab.Deriving.Basic,Lean.Elab.Deriving.Util
Lean.Elab.Deriving.FromToJson	Lean/Elab/Deriving/FromToJson.cs	16582	Lean.Elab.Deriving.Basic,Lean.Elab.Deriving.Util
Lean.Elab.Deriving.SizeOf	Lean/Elab/Deriving/SizeOf.cs	582	Lean.Meta.SizeOf,Lean.Elab.Deriving.Basic,Lean.Elab.Deriving.Util
Lean.Elab.Deriving.Hashable	Lean/Elab/Deriving/Hashable.cs	7796	Lean.Meta.Inductive,Lean.Elab.Deriving.Basic,Lean.Elab.Deriving.Util
Lean.Elab.Deriving.Ord	Lean/Elab/Deriving/Ord.cs	13778	Lean.Data.Options,Lean.Elab.Deriving.Basic,Lean.Elab.Deriving.Util,Lean.Meta.Constructions.CtorIdx,Lean.Meta.Constructions.CasesOnSameCtor,Lean.Meta.SameCtorUtils,Init.Data.Array.OfFn
Lean.Elab.Deriving.ToExpr	Lean/Elab/Deriving/ToExpr.cs	12896	Lean.Elab.Deriving.Basic,Lean.Elab.Deriving.Util
Lean.Elab.Deriving.ReflBEq	Lean/Elab/Deriving/ReflBEq.cs	3431	Lean.Elab.Deriving.Basic,Lean.Elab.Deriving.Util,Init.LawfulBEqTactics
Lean.Elab.Deriving.LawfulBEq	Lean/Elab/Deriving/LawfulBEq.cs	3697	Lean.Elab.Deriving.Basic,Lean.Elab.Deriving.Util,Init.LawfulBEqTactics
Lean.Elab.Deriving	Lean/Elab/Deriving.cs	94	Lean.Elab.Deriving.Basic,Lean.Elab.Deriving.Util,Lean.Elab.Deriving.Inhabited,Lean.Elab.Deriving.Nonempty,Lean.Elab.Deriving.TypeName,Lean.Elab.Deriving.BEq,Lean.Elab.Deriving.DecEq,Lean.Elab.Deriving.Repr,Lean.Elab.Deriving.FromToJson,Lean.Elab.Deriving.SizeOf,Lean.Elab.Deriving.Hashable,Lean.Elab.Deriving.Ord,Lean.Elab.Deriving.ToExpr,Lean.Elab.Deriving.ReflBEq,Lean.Elab.Deriving.LawfulBEq
Lean.Elab.Extra	Lean/Elab/Extra.cs	20075	Lean.Elab.App,Lean.Elab.BuiltinNotation
Lean.Elab.GenInjective	Lean/Elab/GenInjective.cs	368	Lean.Elab.Command,Lean.Meta.Injective,Lean.Meta.Constructions.CtorIdx
Lean.Elab.Macro	Lean/Elab/Macro.cs	7291	Lean.Elab.MacroArgUtil
Lean.Elab.Notation	Lean/Elab/Notation.cs	10621	Lean.Elab.Syntax,Lean.Elab.AuxDef,Lean.Elab.BuiltinNotation
Lean.Elab.Mixfix	Lean/Elab/Mixfix.cs	4432	Lean.Elab.Attributes,Init.Syntax
Lean.Elab.MacroRules	Lean/Elab/MacroRules.cs	5640	Lean.Elab.Syntax,Lean.Elab.AuxDef
Lean.Elab.BuiltinCommand	Lean/Elab/BuiltinCommand.cs	54420	Lean.Meta.Reduce,Lean.Elab.Eval,Lean.Elab.Command,Lean.Elab.ConfigEval,Lean.Elab.DeprecatedSyntax,Lean.Elab.Open,Init.Data.Nat.Order,Init.Data.Order.Lemmas,Init.System.Platform,Lean.DeprecatedModule
Lean.Elab.AssertExists	Lean/Elab/AssertExists.cs	6869	Lean.Elab.Command
Lean.Elab.Command.WithWeakNamespace	Lean/Elab/Command/WithWeakNamespace.cs	1037	Lean.Elab.Command
Lean.Elab.BuiltinEvalCommand	Lean/Elab/BuiltinEvalCommand.cs	26730	Lean.Elab.MutualDef,Lean.Compiler.Options,Lean.Meta.Reduce,Lean.Elab.ErrorUtils
Lean.Elab.InheritDoc	Lean/Elab/InheritDoc.cs	4143	Lean.Elab.InfoTree.Main,Lean.DocString.Markdown
Lean.Elab.ParseImportsFast	Lean/Elab/ParseImportsFast.cs	6430	Lean.Parser.Module
Lean.Elab.GuardMsgs	Lean/Elab/GuardMsgs.cs	15969	Lean.Elab.Notation,Lean.Server.CodeActions.Attr
Lean.Meta.CheckTactic	Lean/Meta/CheckTactic.cs	784	Lean.Meta.Basic
Lean.Elab.CheckTactic	Lean/Elab/CheckTactic.cs	4627	Lean.Elab.Tactic.ElabTerm,Lean.Elab.Command,Lean.Elab.Tactic.Meta,Lean.Meta.CheckTactic
Lean.Elab.MatchExpr	Lean/Elab/MatchExpr.cs	5650	Lean.Elab.Term
Lean.Elab.Tactic.Doc	Lean/Elab/Tactic/Doc.cs	16046	Lean.DocString,Lean.DocString.Add,Lean.Elab.DocString,Lean.Elab.Command,Lean.Parser.Tactic.Doc
Lean.Elab.Time	Lean/Elab/Time.cs	1181	Lean.Elab.Command
Lean.Elab.RecommendedSpelling	Lean/Elab/RecommendedSpelling.cs	3330	Lean.Elab.Command
Lean.Elab.Recall	Lean/Elab/Recall.cs	10017	Lean.Elab.Command,Lean.Elab.DeclUtil,Lean.Meta.Tactic.TryThis,Lean.PrettyPrinter.Delaborator
Lean.Elab.InfoTrees	Lean/Elab/InfoTrees.cs	2664	Lean.Elab.Command
Lean.Elab.ErrorExplanation	Lean/Elab/ErrorExplanation.cs	10981	Lean.Widget.UserWidget,Lean.Widget.UserWidget
Lean.Elab.DocString.Builtin.Parsing	Lean/Elab/DocString/Builtin/Parsing.cs	3833	Lean.Parser.Extension,Lean.DocString.Syntax,Lean.DocString.View,Init.While,Init.Data.Array.Attach,Init.Data.Array.Mem
Lean.Elab.DocString.Builtin.Scopes	Lean/Elab/DocString/Builtin/Scopes.cs	2355	Lean.Elab.DocString,Lean.Elab.DocString.Builtin.Parsing
Lean.Elab.DocString.Builtin.Postponed	Lean/Elab/DocString/Builtin/Postponed.cs	3886	Lean.Elab.Term.TermElabM,Lean.DocString.DeferredCheck
Lean.Data.EditDistance	Lean/Data/EditDistance.cs	1410	Init.Data.String.Basic,Init.Data.Vector.Basic,Init.Data.Nat.Order,Init.Data.Order.Lemmas,Init.Data.Range,Init.While,Init.Data.String.Length
Lean.Elab.DocString.Builtin.Keywords	Lean/Elab/DocString/Builtin/Keywords.cs	36336	Lean.Elab.DocString.Builtin.Parsing,Lean.Elab.DocString.Builtin.Scopes,Lean.Elab.DocString.Builtin.Postponed,Lean.Elab.DocString.Builtin.Postponed,Lean.DocString.Syntax,Lean.DocString.View,Lean.Elab.InfoTree,Lean.Parser,Init.Omega
Lean.Elab.DocString.Builtin	Lean/Elab/DocString/Builtin.cs	95266	Lean.Elab.DocString.Builtin.Parsing,Lean.DocString.View,Lean.Elab.DocString.Builtin.Scopes,Lean.Elab.DocString.Builtin.Postponed,Lean.Elab.Open,Lean.Meta.Reduce,Lean.Elab.Tactic.Doc,Lean.Data.EditDistance,Lean.Elab.DocString.Builtin.Keywords,Lean.Elab.InfoTree.Util,Init.Omega
Lean.Elab.BuiltinDo.Basic	Lean/Elab/BuiltinDo/Basic.cs	249	Lean.Elab.Do.Basic,Lean.Parser.Do
Lean.Elab.BuiltinDo.Let	Lean/Elab/BuiltinDo/Let.cs	19396	Init.Data.Erased,Lean.Elab.Do.Basic,Lean.Parser.Do,Lean.Elab.BuiltinDo.Basic,Lean.Elab.Do.PatternVar
Lean.Elab.BuiltinDo.Match	Lean/Elab/BuiltinDo/Match.cs	20374	Lean.Elab.Do.Basic,Lean.Parser.Do,Lean.Elab.Do.PatternVar,Lean.Elab.BuiltinDo.Basic,Lean.Elab.Match,Lean.Elab.MatchAltView,Lean.Data.Array,Init.Omega
Lean.Elab.BuiltinDo.MatchExpr	Lean/Elab/BuiltinDo/MatchExpr.cs	2108	Lean.Elab.Do.Basic,Lean.Parser.Do,Lean.Elab.Do.PatternVar,Lean.Elab.BuiltinDo.Basic,Init.Omega
Lean.Elab.BuiltinDo.If	Lean/Elab/BuiltinDo/If.cs	3845	Lean.Elab.Do.Basic,Lean.Parser.Do,Lean.Elab.BuiltinDo.Basic
Lean.Elab.BuiltinDo.Jump	Lean/Elab/BuiltinDo/Jump.cs	1227	Lean.Elab.Do.Basic,Lean.Parser.Do
Lean.Elab.BuiltinDo.Forward	Lean/Elab/BuiltinDo/Forward.cs	7309	Lean.Elab.Do.Basic,Lean.Parser.Do,Lean.Elab.Do.Control,Lean.Elab.Do.InferControlInfo,Lean.Elab.Binders
Lean.Elab.BuiltinDo.Misc	Lean/Elab/BuiltinDo/Misc.cs	1925	Lean.Elab.Do.Basic,Lean.Elab.BuiltinDo.Forward,Lean.Parser.Do
Lean.Elab.BuiltinDo.For	Lean/Elab/BuiltinDo/For.cs	23834	Init.Data.Erased,Lean.Elab.BuiltinDo.Basic,Lean.Parser.Do,Std.WP.Gadget.ForIn,Init.Control.Do,Init.While,Lean.Meta.ProdN
Lean.Elab.BuiltinDo.TryCatch	Lean/Elab/BuiltinDo/TryCatch.cs	2549	Lean.Elab.Do.Basic,Lean.Parser.Do,Lean.Elab.Do.Control
Lean.Elab.BuiltinDo.Repeat	Lean/Elab/BuiltinDo/Repeat.cs	3283	Lean.Elab.BuiltinDo.Basic,Lean.Parser.Do,Lean.Elab.BuiltinDo.For
Lean.Elab.BuiltinDo	Lean/Elab/BuiltinDo.cs	74	Lean.Elab.BuiltinDo.Basic,Lean.Elab.BuiltinDo.Let,Lean.Elab.BuiltinDo.Match,Lean.Elab.BuiltinDo.MatchExpr,Lean.Elab.BuiltinDo.If,Lean.Elab.BuiltinDo.Jump,Lean.Elab.BuiltinDo.Misc,Lean.Elab.BuiltinDo.For,Lean.Elab.BuiltinDo.TryCatch,Lean.Elab.BuiltinDo.Forward,Lean.Elab.BuiltinDo.Repeat
Lean.Elab.Idbg	Lean/Elab/Idbg.cs	17567	Lean.Elab.Do.Basic,Lean.Parser.Do,Std.Async.TCP
Lean.Elab.ConfigEval.Builtins	Lean/Elab/ConfigEval/Builtins.cs	9280	Lean.Elab.ConfigEval.Commands,Lean.Elab.ConfigEval.DeriveEvalConfigItem,Lean.Linter.MissingDocs
Lean.Elab.Tactic.Config	Lean/Elab/Tactic/Config.cs	14056	Lean.Elab.ConfigEval,Lean.Linter.MissingDocs
Lean.Elab	Lean/Elab.cs	344	Lean.Elab.Import,Lean.Elab.Exception,Lean.Elab.Config,Lean.Elab.Command,Lean.Elab.Term,Lean.Elab.App,Lean.Elab.Binders,Lean.Elab.BinderPredicates,Lean.Elab.LetRec,Lean.Elab.Frontend,Lean.Elab.BuiltinNotation,Lean.Elab.Declaration,Lean.Elab.Tactic,Lean.Elab.Match,Lean.Elab.Quotation,Lean.Elab.Syntax,Lean.Elab.Do,Lean.Elab.StructInst,Lean.Elab.StructInstHint,Lean.Elab.MutualInductive,Lean.Elab.Inductive,Lean.Elab.Structure,Lean.Elab.Print,Lean.Elab.MutualDef,Lean.Elab.AuxDef,Lean.Elab.PreDefinition,Lean.Elab.Deriving,Lean.Elab.DeclarationRange,Lean.Elab.Extra,Lean.Elab.GenInjective,Lean.Elab.BuiltinTerm,Lean.Elab.Arg,Lean.Elab.DeprecatedArg,Lean.Elab.PatternVar,Lean.Elab.ElabRules,Lean.Elab.Macro,Lean.Elab.Notation,Lean.Elab.Mixfix,Lean.Elab.MacroRules,Lean.Elab.BuiltinCommand,Lean.Elab.AssertExists,Lean.Elab.Command.WithWeakNamespace,Lean.Elab.BuiltinEvalCommand,Lean.Elab.RecAppSyntax,Lean.Elab.Eval,Lean.Elab.Calc,Lean.Elab.InheritDoc,Lean.Elab.ParseImportsFast,Lean.Elab.GuardMsgs,Lean.Elab.CheckTactic,Lean.Elab.MatchExpr,Lean.Elab.Tactic.Doc,Lean.Elab.Time,Lean.Elab.RecommendedSpelling,Lean.Elab.Recall,Lean.Elab.InfoTrees,Lean.Elab.ErrorExplanation,Lean.Elab.DocString,Lean.Elab.DocString.Builtin,Lean.Elab.Parallel,Lean.Elab.BuiltinDo,Lean.Elab.Idbg,Lean.Elab.ConfigEval,Lean.Elab.ConfigEval.Builtins,Lean.Elab.Tactic.Config
Lean.Meta.LevelDefEq	Lean/Meta/LevelDefEq.cs	7228	Lean.Util.CollectMVars,Lean.Meta.DecLevel,Lean.Meta.HasAssignableMVar
Lean.Meta.UnificationHint	Lean/Meta/UnificationHint.cs	10564	Lean.Meta.SynthInstance
Lean.Meta.ExprDefEq	Lean/Meta/ExprDefEq.cs	70763	Lean.Meta.UnificationHint,Lean.Util.OccursCheck,Lean.Meta.WHNF
Lean.Meta.SplitSparseCasesOn	Lean/Meta/SplitSparseCasesOn.cs	6826	Lean.Meta.Basic,Lean.Meta.Tactic.Rewrite,Lean.Meta.Constructions.SparseCasesOn,Lean.Meta.Constructions.SparseCasesOnEq,Lean.Meta.HasNotBit,Lean.Meta.Tactic.Cases,Lean.Meta.Tactic.Replace
Lean.Meta.Match.MatchEqs	Lean/Meta/Match/MatchEqs.cs	18195	Lean.Meta.Match.Match,Lean.Meta.Match.MatchEqsExt,Lean.Meta.Tactic.Refl,Lean.Meta.Tactic.Delta,Lean.Meta.Tactic.SplitIf,Lean.Meta.Tactic.CasesOnStuckLHS,Lean.Meta.Match.SimpH,Lean.Meta.Match.AltTelescopes,Lean.Meta.Match.NamedPatterns,Lean.Meta.SplitSparseCasesOn
Lean.Meta.Match	Lean/Meta/Match.cs	339	Lean.Meta.Match.MatchPatternAttr,Lean.Meta.Match.Match,Lean.Meta.Match.CaseValues,Lean.Meta.Match.CaseArraySizes,Lean.Meta.Match.MatchEqs
Lean.Meta.ExprLens	Lean/Meta/ExprLens.cs	2454	Lean.SubExpr
Lean.Meta.ExprTraverse	Lean/Meta/ExprTraverse.cs	759	Lean.SubExpr
Lean.Meta	Lean/Meta.cs	309	Lean.Meta.Basic,Lean.Meta.HasAssignableMVar,Lean.Meta.LevelDefEq,Lean.Meta.WHNF,Lean.Meta.InferType,Lean.Meta.FunInfo,Lean.Meta.ExprDefEq,Lean.Meta.DecLevel,Lean.Meta.DiscrTree,Lean.Meta.Reduce,Lean.Meta.Instances,Lean.Meta.AbstractMVars,Lean.Meta.SynthInstance,Lean.Meta.AppBuilder,Lean.Meta.Sorry,Lean.Meta.Tactic,Lean.Meta.KAbstract,Lean.Meta.RecursorInfo,Lean.Meta.GeneralizeTelescope,Lean.Meta.Match,Lean.Meta.ReduceEval,Lean.Meta.Closure,Lean.Meta.AbstractNestedProofs,Lean.Meta.WrapInstance,Lean.Meta.LetToHave,Lean.Meta.ForEachExpr,Lean.Meta.Transform,Lean.Meta.PPGoal,Lean.Meta.UnificationHint,Lean.Meta.Inductive,Lean.Meta.SizeOf,Lean.Meta.IndPredBelow,Lean.Meta.Coe,Lean.Meta.CollectFVars,Lean.Meta.GeneralizeVars,Lean.Meta.Injective,Lean.Meta.Structure,Lean.Meta.Constructions,Lean.Meta.CongrTheorems,Lean.Meta.Eqns,Lean.Meta.ExprLens,Lean.Meta.ExprTraverse,Lean.Meta.Eval,Lean.Meta.CoeAttr,Lean.Meta.Iterator,Lean.Meta.LazyDiscrTree,Lean.Meta.LitValues,Lean.Meta.CheckTactic,Lean.Meta.Canonicalizer,Lean.Meta.Diagnostics,Lean.Meta.BinderNameHint,Lean.Meta.TryThis,Lean.Meta.Hint,Lean.Meta.MethodSpecs,Lean.Meta.CtorIdxHInj,Lean.Meta.Sym,Lean.Meta.MonadSimp,Lean.Meta.HaveTelescope
Lean.Util.TestExtern	Lean/Util/TestExtern.cs	1389	Lean.Meta.Tactic.Unfold,Lean.Meta.Eval,Lean.Compiler.ImplementedByAttr,Lean.Elab.Command,Init.Notation,Lean.Exception,Lean.Compiler.ExternAttr
Lean.Util.FVarSubset	Lean/Util/FVarSubset.cs	271	Lean.Util.CollectFVars,Lean.Util.FindExpr
Lean.Util.Reprove	Lean/Util/Reprove.cs	1690	Lean.Elab.Command,Init.Notation,Lean.Exception
Lean.Util	Lean/Util.cs	184	Lean.Util.CollectFVars,Lean.Util.CollectLevelParams,Lean.Util.CollectMVars,Lean.Util.CollectLevelMVars,Lean.Util.CollectLooseBVars,Lean.Util.FindMVar,Lean.Util.FindLevelMVar,Lean.Util.MonadCache,Lean.Util.PPExt,Lean.Util.Path,Lean.Util.Profile,Lean.Util.RecDepth,Lean.Util.ShareCommon,Lean.Util.Sorry,Lean.Util.Trace,Lean.Util.FindExpr,Lean.Util.ReplaceExpr,Lean.Util.ForEachExpr,Lean.Util.ForEachExprWhere,Lean.Util.ReplaceLevel,Lean.Util.FoldConsts,Lean.Util.SCC,Lean.Util.TestExtern,Lean.Util.OccursCheck,Lean.Util.HasConstCache,Lean.Util.Heartbeats,Lean.Util.SafeExponentiation,Lean.Util.NumObjs,Lean.Util.NumApps,Lean.Util.FVarSubset,Lean.Util.SortExprs,Lean.Util.Reprove,Lean.Util.ParamMinimizer
Lean.Server.Completion.CompletionUtils	Lean/Server/Completion/CompletionUtils.cs	6683	Lean.Meta.WHNF,Init.Data.String.Bootstrap,Init.Data.UInt.Lemmas
Lean.Data.FuzzyMatching	Lean/Data/FuzzyMatching.cs	3930	Init.Data.Range.Polymorphic.Iterators,Init.Data.Range.Polymorphic.Nat,Init.Data.OfScientific,Init.Data.Option.Coe,Init.Data.Range,Lean.Server.Completion.CompletionUtils
Lean.Server.Logging	Lean/Server/Logging.cs	5392	Std.Time,Lean.Data.Lsp.InitShutdown
Lean.Server.Watchdog	Lean/Server/Watchdog.cs	59482	Lean.Data.FuzzyMatching,Lean.Server.Requests,Lean.Server.References,Lean.Server.Completion.CompletionUtils,Init.Data.List.Sort,Std.Sync.Channel,Lean.Server.Logging
Lean.Server.FileWorker.ExampleHover	Lean/Server/FileWorker/ExampleHover.cs	1428	Lean.Elab.Do
Lean.Server.GoTo	Lean/Server/GoTo.cs	9023	Lean.Server.Utils,Lean.Data.Lsp.Internal,Lean.Util.CollectFVars,Lean.Util.ForEachExpr,Lean.Parser.Module
Lean.Server.FileWorker.InlayHints	Lean/Server/FileWorker/InlayHints.cs	8903	Lean.Server.GoTo,Lean.Server.Requests
Lean.Server.FileWorker.SemanticHighlighting	Lean/Server/FileWorker/SemanticHighlighting.cs	15205	Lean.Server.Requests,Lean.DocString.View
Lean.Server.FileWorker.SignatureHelp	Lean/Server/FileWorker/SignatureHelp.cs	3711	Lean.Elab.InfoTree.Util,Lean.Data.Lsp,Init.Data.List.Sort.Basic,Lean.PrettyPrinter.Delaborator
Lean.Server.Completion.SyntheticCompletion	Lean/Server/Completion/SyntheticCompletion.cs	4569	Lean.Elab.InfoTree.Util,Lean.Server.Completion.CompletionUtils
Lean.Server.Completion.CompletionInfoSelection	Lean/Server/Completion/CompletionInfoSelection.cs	2544	Lean.Server.Completion.SyntheticCompletion
Lean.Server.Completion.CompletionResolution	Lean/Server/Completion/CompletionResolution.cs	1496	Lean.Data.Lsp,Lean.Server.Completion.CompletionInfoSelection,Lean.Linter.Deprecated
Lean.Server.Completion.EligibleHeaderDecls	Lean/Server/Completion/EligibleHeaderDecls.cs	3893	Lean.Meta.CompletionName,Lean.Data.Lsp.LanguageFeatures,Lean.AddDecl,Lean.ProjFns,Std.Sync.Mutex,Lean.Linter.Deprecated
Lean.Server.Completion.CompletionCollectors	Lean/Server/Completion/CompletionCollectors.cs	18023	Lean.Data.FuzzyMatching,Lean.Elab.Tactic.Doc,Lean.Server.Completion.CompletionResolution,Lean.Server.Completion.EligibleHeaderDecls,Lean.Server.RequestCancellation
Lean.Server.Completion	Lean/Server/Completion.cs	1621	Lean.Server.Completion.CompletionCollectors,Std.Data.HashMap
Lean.Server.Completion.CompletionItemCompression	Lean/Server/Completion/CompletionItemCompression.cs	2340	Lean.Data.Lsp.LanguageFeatures,Init.Omega
Lean.Widget.Diff	Lean/Widget/Diff.cs	9382	Lean.Widget.InteractiveGoal
Lean.Server.FileWorker.RequestHandling	Lean/Server/FileWorker/RequestHandling.cs	28791	Lean.Server.FileWorker.ExampleHover,Lean.Server.FileWorker.InlayHints,Lean.Server.FileWorker.SemanticHighlighting,Lean.Server.FileWorker.SignatureHelp,Lean.Server.Completion,Lean.Server.References,Lean.Server.Completion.CompletionItemCompression,Lean.Widget.Diff,Lean.Language.Lean.Util
Lean.Server.FileWorker.WidgetRequests	Lean/Server/FileWorker/WidgetRequests.cs	21150	Lean.Server.Rpc.RequestHandling,Lean.Server.FileWorker.RequestHandling,Lean.PrettyPrinter.Delaborator.Builtins,Init.Omega
Lean.Util.LakePath	Lean/Util/LakePath.cs	229	Init.System.IO
Lean.Server.FileWorker.SetupFile	Lean/Server/FileWorker/SetupFile.cs	1713	Lean.Server.Utils,Lean.Util.LakePath,Lean.Server.ServerTask
Lean.Server.Completion.ImportCompletion	Lean/Server/Completion/ImportCompletion.cs	4410	Lean.Util.LakePath,Lean.Data.Lsp,Lean.Parser.Module,Lean.Parser.Module
Lean.Server.CodeActions.UnknownIdentifier	Lean/Server/CodeActions/UnknownIdentifier.cs	9917	Lean.Server.Completion.CompletionInfoSelection,Lean.Server.CodeActions.Basic,Lean.Language.Lean.Util
Lean.Server.FileWorker	Lean/Server/FileWorker.cs	34312	Std.Sync.Channel,Lean.Language.Lean,Lean.Server.FileWorker.Utils,Lean.Server.FileWorker.RequestHandling,Lean.Server.FileWorker.WidgetRequests,Lean.Server.FileWorker.SetupFile,Lean.Server.Completion.ImportCompletion,Lean.Server.CodeActions.UnknownIdentifier,Init.Data.String.OrderInstances
Lean.Server.Rpc.Deriving	Lean/Server/Rpc/Deriving.cs	11975	Lean.Elab.Deriving.Basic
Lean.Server.Rpc	Lean/Server/Rpc.cs	34	Lean.Server.Rpc.Basic,Lean.Server.Rpc.Deriving,Lean.Server.Rpc.RequestHandling
Lean.Server.Test.Cancel	Lean/Server/Test/Cancel.cs	8372	Lean.Elab.Command,Lean.Elab.Tactic.Basic,Lean.Elab.Command,Lean.Elab.Tactic.Basic
Lean.Widget.Commands	Lean/Widget/Commands.cs	11888	Lean.Widget.UserWidget,Init.Notation,Lean.Attributes
Lean.Widget	Lean/Widget.cs	49	Lean.Widget.InteractiveCode,Lean.Widget.InteractiveDiagnostic,Lean.Widget.InteractiveGoal,Lean.Widget.TaggedText,Lean.Widget.UserWidget,Lean.Widget.Commands
Lean.Server.Test.Runner	Lean/Server/Test/Runner.cs	70760	Lean.Widget,Lean.Server.FileWorker.WidgetRequests,Lean.Server.GoTo
Lean.Server.Test.Refs	Lean/Server/Test/Refs.cs	68	Init.Prelude
Lean.Server.Test	Lean/Server/Test.cs	34	Lean.Server.Test.Cancel,Lean.Server.Test.Runner,Lean.Server.Test.Refs
Lean.Server.ProtocolOverview	Lean/Server/ProtocolOverview.cs	4080	Lean.Server.FileWorker.WidgetRequests,Lean.Widget.UserWidget
Lean.Server.InfoUtils	Lean/Server/InfoUtils.cs	24	Lean.Elab.InfoTree.Util
Lean.Server	Lean/Server.cs	54	Lean.Server.Watchdog,Lean.Server.FileWorker,Lean.Server.Rpc,Lean.Server.CodeActions,Lean.Server.Test,Lean.Server.ProtocolOverview,Lean.Server.InfoUtils
Lean.Linter.Builtin	Lean/Linter/Builtin.cs	3514	Lean.Linter.Util,Lean.Elab.Command
Lean.Linter.CheckUnivs	Lean/Linter/CheckUnivs.cs	5942	Lean.Linter.Basic,Lean.Linter.Util,Lean.Util.CollectLevelParams,Lean.Util.ForEachExpr
Lean.Linter.CodeQuality.Frontend	Lean/Linter/CodeQuality/Frontend.cs	4315	Lean.Linter.CodeQuality.Basic,Lean.Message,Lean.Elab.InfoTree.Main,Lean.Elab.Command
Lean.Linter.CodeQuality	Lean/Linter/CodeQuality.cs	29	Lean.Linter.CodeQuality.Basic,Lean.Linter.CodeQuality.Frontend
Lean.Linter.ConstructorAsVariable	Lean/Linter/ConstructorAsVariable.cs	5650	Lean.Elab.Command,Lean.Linter.Util
Lean.Linter.DefProp	Lean/Linter/DefProp.cs	3202	Lean.Linter.Basic,Lean.Linter.Util
Lean.Linter.DocsOnAlt	Lean/Linter/DocsOnAlt.cs	3787	Lean.Parser.Syntax,Lean.Data.Options,Lean.Elab.Command,Lean.Linter.Init,Lean.Elab.InfoTree.Util
Lean.Linter.Omit	Lean/Linter/Omit.cs	1622	Lean.Elab.Command,Lean.Linter.Util
Lean.Linter.List	Lean/Linter/List.cs	11809	Lean.Linter.Basic,Lean.Elab.InfoTree.Util,Lean.Linter.Init
Lean.Linter.Sets	Lean/Linter/Sets.cs	2178	Lean.Linter.Init,Lean.Elab.Command,Init.Notation,Lean.Data.KVMap
Lean.Linter.UnusedSimpArgs	Lean/Linter/UnusedSimpArgs.cs	5508	Lean.Elab.Command,Lean.Elab.Tactic.Simp,Lean.Linter.Util
Lean.Linter.Coe	Lean/Linter/Coe.cs	4496	Lean.Elab.Command,Lean.Elab.InfoTree.Util,Lean.Linter.Init,Lean.Elab.Term.TermElabM
Lean.Linter.GlobalAttributeIn	Lean/Linter/GlobalAttributeIn.cs	2593	Lean.Elab.Command,Lean.Linter.Basic
Lean.Linter.EnvLinter.Basic	Lean/Linter/EnvLinter/Basic.cs	4290	Lean.Elab.InfoTree.Main,Lean.AutoDecl
Lean.Linter.EnvLinter.Frontend	Lean/Linter/EnvLinter/Frontend.cs	8993	Lean.Linter.EnvLinter.Basic,Lean.Linter.Init,Lean.DeclarationRange,Lean.Util.Path,Lean.CoreM,Lean.Elab.Command
Lean.Linter.EnvLinter	Lean/Linter/EnvLinter.cs	29	Lean.Linter.EnvLinter.Basic,Lean.Linter.EnvLinter.Frontend
Lean.Linter.Extra.DupNamespace	Lean/Linter/Extra/DupNamespace.cs	3612	Lean.Elab.Command,Lean.Linter.Basic
Lean.Linter.Extra.UnnecessarySeqFocus	Lean/Linter/Extra/UnnecessarySeqFocus.cs	5557	Lean.Elab.Command,Lean.Linter.Basic
Lean.Linter.Extra.UnreachableTactic	Lean/Linter/Extra/UnreachableTactic.cs	6004	Lean.Elab.Command,Lean.Linter.Basic,Lean.Parser.Syntax,Init.Try
Lean.Linter.Extra.UnusedDecidableInType	Lean/Linter/Extra/UnusedDecidableInType.cs	8493	Lean.Linter.Basic,Lean.Meta.ForEachExpr,Lean.Meta.Sorry,Lean.PrivateName,Lean.Elab.InfoTree.Util,Lean.Linter.Util
Lean.Linter.Extra	Lean/Linter/Extra.cs	232	Lean.Linter.Extra.DupNamespace,Lean.Linter.Extra.UnnecessarySeqFocus,Lean.Linter.Extra.UnreachableTactic,Lean.Linter.Extra.UnusedDecidableInType
Lean.Linter.TacticTypeCheck	Lean/Linter/TacticTypeCheck.cs	6496	Lean.Elab.Command,Lean.Linter.Util,Lean.Meta.Check,Lean.Meta.Diagnostics
Lean.Linter.InternalModule	Lean/Linter/InternalModule.cs	3896	Lean.Linter.Basic,Lean.Linter.Util,Lean.PrivateName
Lean.Linter.CoreInternal	Lean/Linter/CoreInternal.cs	112	Lean.Linter.InternalModule
Lean.Linter	Lean/Linter.cs	129	Lean.Linter.Util,Lean.Linter.AmbiguousOpen,Lean.Linter.Builtin,Lean.Linter.CheckUnivs,Lean.Linter.CodeQuality,Lean.Linter.ConstructorAsVariable,Lean.Linter.DefProp,Lean.Linter.Deprecated,Lean.Linter.DocsOnAlt,Lean.Linter.UnusedVariables,Lean.Linter.MissingDocs,Lean.Linter.Omit,Lean.Linter.List,Lean.Linter.Sets,Lean.Linter.UnusedSimpArgs,Lean.Linter.Coe,Lean.Linter.GlobalAttributeIn,Lean.Linter.EnvLinter,Lean.Linter.PersistentLintLog,Lean.Linter.Extra,Lean.Linter.TacticTypeCheck,Lean.Linter.CoreInternal
Lean.Replay	Lean/Replay.cs	7018	Lean.CoreM,Lean.AddDecl,Lean.Util.FoldConsts
Lean.LibrarySuggestions.SymbolFrequency	Lean/LibrarySuggestions/SymbolFrequency.cs	2107	Lean.Meta.Basic,Lean.LibrarySuggestions.Basic
Lean.LibrarySuggestions.MePo	Lean/LibrarySuggestions/MePo.cs	9059	Lean.LibrarySuggestions.Basic,Lean.LibrarySuggestions.SymbolFrequency
Lean.LibrarySuggestions.SineQuaNon	Lean/LibrarySuggestions/SineQuaNon.cs	15368	Lean.LibrarySuggestions.SymbolFrequency,Lean.LibrarySuggestions.Basic
Lean.LibrarySuggestions.Default	Lean/LibrarySuggestions/Default.cs	110	Lean.LibrarySuggestions.SineQuaNon
Lean.LibrarySuggestions	Lean/LibrarySuggestions.cs	44	Lean.LibrarySuggestions.Basic,Lean.LibrarySuggestions.SymbolFrequency,Lean.LibrarySuggestions.MePo,Lean.LibrarySuggestions.SineQuaNon,Lean.LibrarySuggestions.Default
Lean.Compiler.LCNF.EmitUtil	Lean/Compiler/LCNF/EmitUtil.cs	1549	Lean.Compiler.LCNF.CompilerM,Lean.Compiler.LCNF.PhaseExt,Lean.Compiler.InitAttr
Lean.Compiler.LCNF.EmitC	Lean/Compiler/LCNF/EmitC.cs	59257	Lean.Compiler.LCNF.CompilerM,Lean.Compiler.LCNF.EmitUtil,Lean.Compiler.NameMangling,Lean.Compiler.LCNF.PhaseExt,Lean.Compiler.ExportAttr,Lean.Compiler.ModPkgExt,Lean.Compiler.LCNF.SimpleGroundExpr,Lean.Compiler.ClosedTermCache,Lean.Runtime,Lean.Compiler.LCNF.Internalize,Lean.Compiler.InitAttr,Init.Omega,Init.While,Lean.Compiler.LCNF.SimpCase,Lean.Compiler.LCNF.PrettyPrinter
Lean.Shell	Lean/Shell.cs	13914	Lean.Elab.Frontend,Lean.Elab.ParseImportsFast,Lean.Server.Watchdog,Lean.Server.FileWorker,Lean.Compiler.LCNF.EmitC,Init.System.Platform,Lean.Compiler.Options,Std.Async.Process
Lean.PostprocessTraces.Basic	Lean/PostprocessTraces/Basic.cs	4742	Lean.Elab.Command,Lean.Meta.Eval,Lean.CoreM
Lean.PostprocessTraces.PostprocessTracesCommand	Lean/PostprocessTraces/PostprocessTracesCommand.cs	2043	Lean.PostprocessTraces.Basic,Lean.Elab.Command
Lean.PostprocessTraces.StoredTraces	Lean/PostprocessTraces/StoredTraces.cs	6062	Lean.PostprocessTraces.Basic,Lean.Elab.Command,Lean.CoreM
Lean.PostprocessTraces.Postprocessors	Lean/PostprocessTraces/Postprocessors.cs	2697	Lean.PostprocessTraces.Basic,Lean.CoreM
Lean.PostprocessTraces	Lean/PostprocessTraces.cs	39	Lean.PostprocessTraces.Basic,Lean.PostprocessTraces.PostprocessTracesCommand,Lean.PostprocessTraces.StoredTraces,Lean.PostprocessTraces.Postprocessors
Lean.Cadical.Internal	Lean/Cadical/Internal.cs	1186	Init.Data.String.Bootstrap,Init.Data.SInt.Basic,Init.System.IO
Lean.Cadical.Basic	Lean/Cadical/Basic.cs	2736	Lean.Cadical.Internal,Std.Sat.CNF.Basic,Init.Data.SInt.Basic,Init.System.IO
Lean.Cadical	Lean/Cadical.cs	29	Lean.Cadical.Internal,Lean.Cadical.Basic
Lean	Lean.cs	259	Init,Init,Lean.Data,Lean.Compiler,Lean.Environment,Lean.Modifiers,Lean.ProjFns,Lean.Runtime,Lean.ResolveName,Lean.Attributes,Lean.Parser,Lean.ReducibilityAttrs,Lean.Elab,Lean.Class,Lean.LocalContext,Lean.MetavarContext,Lean.AuxRecursor,Lean.Meta,Lean.Util,Lean.Structure,Lean.PrettyPrinter,Lean.CoreM,Lean.ReservedNameAction,Lean.InternalExceptionId,Lean.Server,Lean.ScopedEnvExtension,Lean.DocString,Lean.DeclarationRange,Lean.LoadDynlib,Lean.Widget,Lean.Log,Lean.Linter,Lean.SubExpr,Lean.LabelAttribute,Lean.AutoDecl,Lean.AddDecl,Lean.Replay,Lean.PrivateName,Lean.LibrarySuggestions,Lean.Namespace,Lean.EnvExtension,Lean.ErrorExplanation,Lean.DefEqAttrib,Lean.Shell,Lean.ExtraModUses,Lean.OriginalConstKind,Lean.PostprocessTraces,Lean.Cadical
Lake.Util.Error	Lake/Util/Error.cs	308	Init.System.IO
Lake.Util.EStateT	Lake/Util/EStateT.cs	4408	Init.Control.State
Lake.Util.Lift	Lake/Util/Lift.cs	505	Init.System.IO
Lake.Util.Log	Lake/Util/Log.cs	11798	Lean.Data.Json,Lake.Util.Error,Lake.Util.EStateT,Lean.Message,Lake.Util.Lift,Init.Data.String.TakeDrop,Init.Data.String.Modify
Lake.Util.Proc	Lake/Util/Proc.cs	1537	Lake.Util.Log,Init.Data.String.TakeDrop
Lake.Util.FilePath	Lake/Util/FilePath.cs	645	Lean.Data.Json,Init.Data.String.TakeDrop,Init.Data.String.Modify,Init.System.Platform
Lake.Util.IO	Lake/Util/IO.cs	1008	Init.System.IO
Lake.Util.JsonObject	Lake/Util/JsonObject.cs	6236	Lean.Data.Json
Lake.Util.Url	Lake/Util/Url.cs	2239	Lake.Util.Log,Lake.Util.JsonObject,Lake.Util.Proc,Init.Data.String.TakeDrop,Init.Data.String.Search,Init.TacticsExtra
Lake.Build.Actions	Lake/Build/Actions.cs	3638	Lake.Util.Log,Lake.Util.Proc,Lake.Util.FilePath,Lake.Util.IO,Lake.Util.Url,Init.Data.String.Search,Init.Data.String.TakeDrop,Init.System.Platform,Lean.CoreM,Lean.Compiler.Options
Lake.Util.String	Lake/Util/String.cs	475	Init.Data.ToString.Basic,Init.Data.UInt.Lemmas,Init.Data.String.Basic,Init.Data.Nat.Fold,Init.Data.String.Length
Lake.Util.Git	Lake/Util/Git.cs	3767	Init.Data.ToString,Lake.Util.Proc,Init.Data.String.TakeDrop,Init.Data.String.Search,Lake.Util.String
Lake.Util.Date	Lake/Util/Date.cs	1510	Init.Data.Ord.Basic,Lean.Data.Json,Lake.Util.String,Init.Data.String.Search,Init.Data.Iterators.Consumers.Collect,Init.Data.ToString.Macro
Lake.Util.Version	Lake/Util/Version.cs	12868	Lean.Data.Json,Lake.Util.Date,Init.Control.Do,Init.Data.String.TakeDrop,Lean.Data.Trie,Init.Data.String.Search,Init.Omega,Init.Data.String.Length
Lake.Build.Trace	Lake/Build/Trace.cs	4489	Lean.Data.Json,Init.Data.Nat.Fold,Init.Data.Nat.Fold,Lake.Util.String,Init.Data.String.Search,Init.Data.String.Extra,Init.Data.Option.Coe
Lake.Config.Artifact	Lake/Config/Artifact.cs	1502	Lake.Build.Trace
Lake.Config.OutFormat	Lake/Config/OutFormat.cs	1433	Lean.Setup,Init.Data.String.TakeDrop
Lake.Config.Dynlib	Lake/Config/Dynlib.cs	992	Lake.Config.OutFormat
Lake.Config.Defaults	Lake/Config/Defaults.cs	299	Init.System.FilePath
Lake.Util.NativeLib	Lake/Util/NativeLib.cs	331	Init.System.IO,Init.Data.ToString.Macro,Init.System.Platform
Lake.Config.InstallPath	Lake/Config/InstallPath.cs	6551	Lean.Compiler.FFI,Lake.Config.Dynlib,Lake.Config.Defaults,Lake.Util.NativeLib,Init.Data.UInt.Lemmas,Init.Data.String.Modify,Init.System.Platform
Lake.Util.Reservoir	Lake/Util/Reservoir.cs	1223	Lake.Util.JsonObject
Lake.Config.Cache	Lake/Config/Cache.cs	26230	Init.Control.Do,Lake.Util.Git,Lake.Util.Log,Lake.Util.Version,Lake.Config.Artifact,Lake.Config.InstallPath,Lake.Build.Actions,Lake.Util.Url,Lake.Util.Proc,Lake.Util.Reservoir,Lake.Util.JsonObject,Lake.Util.IO,Init.System.Platform,Init.Data.String.Lemmas
Lake.Util.Exit	Lake/Util/Exit.cs	140	Init.Notation,Init.Data.UInt.BasicAux
Lake.Util.Binder	Lake/Util/Binder.cs	3632	Lean.Parser.Term,Lean.Parser.Term
Lake.Util.OpaqueType	Lake/Util/OpaqueType.cs	4034	Lake.Util.Binder,Init.Prelude
Lake.Config.Opaque	Lake/Config/Opaque.cs	73	Init.Prelude,Lake.Util.OpaqueType,Lake.Util.OpaqueType
Lake.Config.Context	Lake/Config/Context.cs	61	Init.Control.Id,Lake.Config.Opaque
Lake.Config.Script	Lake/Config/Script.cs	212	Init.Dynamic,Init.System.IO,Lake.Util.Exit,Lake.Config.Context
Lake.Util.Casing	Lake/Util/Casing.cs	423	Init.Data.String.Basic,Init.Data.String.Modify,Init.Data.String.Search,Init.Data.Iterators.Consumers.Collect
Lake.Util.Task	Lake/Util/Task.cs	659	Init.Control.Option,Init.Control.Except
Lake.Util.Opaque	Lake/Util/Opaque.cs	202	Init.Prelude,Init.Tactics
Lake.Util.RBArray	Lake/Util/RBArray.cs	2875	Std.Data.TreeMap.Basic
Lake.Util.Name	Lake/Util/Name.cs	931	Lean.Data.Json,Lake.Util.RBArray,Init.Data.Ord.UInt,Init.Prelude,Lean.Data.Name
Lake.Build.Key	Lake/Build/Key.cs	3722	Init.Data.Order,Lake.Util.Name,Init.Data.String.Search,Init.Data.Iterators.Consumers
Lake.Util.Family	Lake/Util/Family.cs	1462	Init.Data.ToString.Name,Init.Data.ToString,Init.Notation
Lake.Config.Kinds	Lake/Config/Kinds.cs	597	Init.Prelude
Lake.Build.Data	Lake/Build/Data.cs	5503	Lake.Build.Key,Lake.Util.Family,Lake.Config.Dynlib,Lake.Config.Kinds,Lake.Config.Kinds,Lake.Util.Name,Lake.Config.Kinds,Lake.Util.Name
Lake.Build.Job.Basic	Lake/Build/Job/Basic.cs	3405	Lake.Util.Log,Lake.Util.Task,Lake.Util.Opaque,Lake.Build.Trace,Lake.Build.Data
Lake.Build.ModuleArtifacts	Lake/Build/ModuleArtifacts.cs	3076	Lake.Config.Artifact,Lake.Util.JsonObject
Lake.Build.Facets	Lake/Build/Facets.cs	2260	Lake.Build.Job.Basic,Lake.Build.ModuleArtifacts,Lake.Build.Data
Lake.Build.Target.Basic	Lake/Build/Target/Basic.cs	274	Lake.Build.Key
Lake.Config.MetaClasses	Lake/Config/MetaClasses.cs	160	Lean.Data.NameMap.Basic
Lake.Config.Meta	Lake/Config/Meta.cs	13912	Lake.Util.Binder,Lake.Config.MetaClasses,Lake.Util.Binder,Lean.Parser.Command,Lake.Util.Name,Lean.Parser.Command
Lake.Config.LeanConfig	Lake/Config/LeanConfig.cs	10404	Lake.Build.Target.Basic,Lake.Config.Dynlib,Lake.Config.MetaClasses,Init.Data.String.Modify,Lake.Config.Meta,Lake.Util.Name,Init.Data.String.Modify,Lake.Config.Meta
Lake.Config.Glob	Lake/Config/Glob.cs	1675	Lean.Util.Path,Init.Data.ToString.Name,Lean.Data.Name
Lake.Config.LeanLibConfig	Lake/Config/LeanLibConfig.cs	5876	Lean.Compiler.NameMangling,Lake.Util.Casing,Lake.Build.Facets,Lake.Config.LeanConfig,Lake.Config.Glob,Lake.Config.Meta,Lake.Config.Meta
Lake.Config.LeanExeConfig	Lake/Config/LeanExeConfig.cs	3493	Lake.Build.Facets,Lake.Config.LeanConfig,Lake.Config.Meta,Lake.Config.Meta
Lake.Config.ExternLibConfig	Lake/Config/ExternLibConfig.cs	176	Lake.Build.Job.Basic
Lake.Config.Pattern	Lake/Config/Pattern.cs	4617	Init.System.FilePath,Std.Data.TreeMap.Basic,Lean.Data.Name,Lake.Util.Name,Init.Data.String.TakeDrop,Init.Data.String.Basic,Init.Data.Option.Coe,Init.Omega
Lake.Config.InputFileConfig	Lake/Config/InputFileConfig.cs	1918	Lake.Config.Pattern,Lake.Config.MetaClasses,Init.Data.ToString.Name,Lake.Config.Meta,Lake.Config.Meta
Lake.Config.ConfigDecl	Lake/Config/ConfigDecl.cs	1822	Lake.Config.Opaque,Lake.Config.LeanLibConfig,Lake.Config.LeanExeConfig,Lake.Config.ExternLibConfig,Lake.Config.InputFileConfig,Lake.Util.Name
Lake.Config.Dependency	Lake/Config/Dependency.cs	1717	Init.Dynamic,Init.System.FilePath,Init.Data.ToString.Name,Lean.Data.NameMap.Basic,Lake.Util.Git,Lake.Util.Version,Init.Data.String.TakeDrop,Init.Data.ToString.Macro
Lake.Config.WorkspaceConfig	Lake/Config/WorkspaceConfig.cs	816	Lake.Config.Defaults,Lake.Config.MetaClasses,Lake.Config.Meta,Lake.Config.Meta
Lake.Config.PackageConfig	Lake/Config/PackageConfig.cs	18825	Init.Dynamic,Lake.Util.Version,Lake.Config.Pattern,Lake.Config.LeanConfig,Lake.Config.WorkspaceConfig,Lake.Config.Meta,Init.System.Platform,Lake.Config.Meta
Lake.Util.OrdHashSet	Lake/Util/OrdHashSet.cs	1525	Std.Data.HashSet.Basic
Lake.Config.Package	Lake/Config/Package.cs	4270	Lake.Config.Cache,Lake.Config.Script,Lake.Config.ConfigDecl,Lake.Config.Dependency,Lake.Config.PackageConfig,Lake.Util.FilePath,Lake.Util.OrdHashSet,Lake.Util.Name,Lake.Util.OpaqueType,Lake.Util.OpaqueType,Lake.Util.IO
Lake.Build.Info	Lake/Build/Info.cs	274	Lake.Config.Package,Lake.Build.Data
Lake.Util.Store	Lake/Util/Store.cs	324	Init.Prelude
Lake.Build.Store	Lake/Build/Store.cs	1017	Lake.Util.Store,Lake.Build.Job.Basic
Lake.Build.Context	Lake/Build/Context.cs	793	Lake.Config.Cache,Lake.Config.Context,Lake.Build.Job.Basic
Lake.Config.ConfigTarget	Lake/Config/ConfigTarget.cs	503	Lake.Config.Package
Lake.Config.LeanLib	Lake/Config/LeanLib.cs	1500	Lake.Config.ConfigTarget,Lake.Util.NativeLib,Init.Omega
Lake.Config.Module	Lake/Config/Module.cs	3674	Lake.Config.LeanLib,Lean.Compiler.Options
Lake.Util.EquipT	Lake/Util/EquipT.cs	1143	Init.Control.Except
Lake.Util.Cycle	Lake/Util/Cycle.cs	696	Init.Data.ToString
Lake.Config.LeanExe	Lake/Config/LeanExe.cs	1563	Lake.Config.Module
Lake.Config.ExternLib	Lake/Config/ExternLib.cs	379	Lake.Config.ConfigTarget
Lake.Config.InputFile	Lake/Config/InputFile.cs	128	Lake.Config.ConfigTarget
Lake.Build.Infos	Lake/Build/Infos.cs	2413	Lake.Build.Info,Lake.Config.LeanExe,Lake.Config.ExternLib,Lake.Config.InputFile,Lake.Build.Data
Lake.Build.Fetch	Lake/Build/Fetch.cs	870	Lake.Build.Info,Lake.Build.Store,Lake.Build.Context,Lake.Config.Module,Lake.Util.EquipT,Lake.Util.Cycle,Lake.Build.Infos
Lake.Build.Job.Monad	Lake/Build/Job/Monad.cs	8920	Lake.Build.Fetch
Lake.Config.Env	Lake/Config/Env.cs	6462	Lake.Config.Cache,Lake.Config.InstallPath,Init.System.Platform
Lake.Config.FacetConfig	Lake/Config/FacetConfig.cs	2326	Lake.Build.Fetch
Lake.Config.TargetConfig	Lake/Config/TargetConfig.cs	673	Lake.Build.Fetch,Lake.Util.OpaqueType,Lake.Util.OpaqueType
Lake.Config.LakeConfig	Lake/Config/LakeConfig.cs	3425	Lake.Config.Cache,Lake.Config.MetaClasses,Lake.Config.Meta
Lake.Config.Workspace	Lake/Config/Workspace.cs	4605	Lake.Config.Env,Lake.Config.LeanExe,Lake.Config.ExternLib,Lake.Config.FacetConfig,Lake.Config.TargetConfig,Lake.Config.LakeConfig,Lake.Util.OpaqueType,Lean.DocString.Syntax,Init.Data.Range.Polymorphic.Iterators,Init.Data.Range.Polymorphic.Lemmas
Lake.Config.Monad	Lake/Config/Monad.cs	3678	Lake.Config.Workspace
Lake.Build.Common	Lake/Build/Common.cs	26412	Lake.Build.Job.Monad,Lake.Config.Monad,Lake.Util.JsonObject,Lake.Util.IO,Lake.Build.Actions
Lake.Build.Job.Register	Lake/Build/Job/Register.cs	1623	Lake.Build.Fetch
Lake.Build.Target.Fetch	Lake/Build/Target/Fetch.cs	4042	Lake.Build.Infos,Lake.Build.Job.Monad,Lake.Config.Monad,Lake.Build.Key
Lake.Build.Executable	Lake/Build/Executable.cs	2372	Lake.Config.FacetConfig,Lake.Build.Job.Register,Lake.Build.Target.Fetch,Lake.Build.Common,Lake.Build.Infos
Lake.Build.ExternLib	Lake/Build/ExternLib.cs	3650	Lake.Config.FacetConfig,Lake.Build.Job.Monad,Lake.Build.Job.Register,Lake.Build.Common,Lake.Build.Infos
Lake.Build.Topological	Lake/Build/Topological.cs	374	Lake.Util.Cycle,Lake.Util.Store,Lake.Util.EquipT
Lake.Util.StoreInsts	Lake/Util/StoreInsts.cs	887	Init.Data.Order,Lean.Data.NameMap.Basic,Lake.Util.RBArray,Lake.Util.Family,Lake.Util.Store
Lake.Build.Index	Lake/Build/Index.cs	2470	Lake.Build.Fetch,Lake.Config.Monad,Lake.Build.Topological,Lake.Util.StoreInsts
Lake.Build.Target	Lake/Build/Target.cs	29	Lake.Build.Target.Basic,Lake.Build.Target.Fetch
Lake.Build.Module	Lake/Build/Module.cs	64193	Lake.Config.FacetConfig,Lake.Build.Job.Monad,Lake.Build.Infos,Lean.Elab.ParseImportsFast,Lake.Util.Proc,Lake.Build.Job.Register,Lake.Build.Common,Lake.Build.Target,Init.Omega
Lake.Build.Targets	Lake/Build/Targets.cs	2333	Lake.Config.Monad,Lake.Config.InputFile,Lake.Build.Infos
Lake.Reservoir	Lake/Reservoir.cs	5109	Init.Control.Do,Lake.Util.JsonObject,Lake.Util.Version,Lake.Config.Env,Lake.Util.Reservoir,Lake.Util.Url
Lake.Build.Package	Lake/Build/Package.cs	11683	Lake.Config.FacetConfig,Lake.Build.Job.Monad,Lake.Build.Infos,Lake.Util.Git,Lake.Util.Url,Lake.Build.Common,Lake.Build.Targets,Lake.Build.Job.Register,Lake.Reservoir
Lake.Build.Library	Lake/Build/Library.cs	12254	Lake.Config.FacetConfig,Lake.Build.Common,Lake.Build.Targets,Lake.Build.Job.Register,Lake.Build.Target.Fetch,Lake.Build.Infos,Lake.Util.Proc
Lake.Build.Job	Lake/Build/Job.cs	34	Lake.Build.Job.Basic,Lake.Build.Job.Monad,Lake.Build.Job.Register
Lake.Build.InputFile	Lake/Build/InputFile.cs	2146	Lake.Config.FacetConfig,Lake.Build.Job,Lake.Build.Common,Lake.Build.Infos
Lake.Build.InitFacets	Lake/Build/InitFacets.cs	213	Lake.Config.FacetConfig,Lake.Build.Module,Lake.Build.Package,Lake.Build.Library,Lake.Build.Executable,Lake.Build.ExternLib,Lake.Build.InputFile
Lake.Build.Run	Lake/Build/Run.cs	8128	Lake.Config.Workspace,Lake.Config.Monad,Lake.Build.Job.Monad,Lake.Build.Index,Init.Omega
Lake.Build	Lake/Build.cs	144	Lake.Build.Actions,Lake.Build.Common,Lake.Build.Context,Lake.Build.Data,Lake.Build.Executable,Lake.Build.ExternLib,Lake.Build.Facets,Lake.Build.Fetch,Lake.Build.Index,Lake.Build.Info,Lake.Build.Infos,Lake.Build.InitFacets,Lake.Build.InputFile,Lake.Build.Job,Lake.Build.Key,Lake.Build.Library,Lake.Build.Module,Lake.Build.ModuleArtifacts,Lake.Build.Package,Lake.Build.Run,Lake.Build.Store,Lake.Build.Target,Lake.Build.Targets,Lake.Build.Topological,Lake.Build.Trace
Lake.CLI.Actions	Lake/CLI/Actions.cs	2382	Lake.Config.Workspace,Lake.Build.Run,Lake.Build.Actions,Lake.Build.Targets,Lake.Build.Module,Lake.Util.Proc
Lake.Config.Lang	Lake/Config/Lang.cs	537	Init.Data.ToString.Basic
Lake.Config	Lake/Config.cs	194	Lake.Config.Artifact,Lake.Config.Cache,Lake.Config.ConfigDecl,Lake.Config.ConfigTarget,Lake.Config.Context,Lake.Config.Defaults,Lake.Config.Dependency,Lake.Config.Dynlib,Lake.Config.Env,Lake.Config.ExternLib,Lake.Config.ExternLibConfig,Lake.Config.FacetConfig,Lake.Config.Glob,Lake.Config.InputFile,Lake.Config.InputFileConfig,Lake.Config.InstallPath,Lake.Config.Kinds,Lake.Config.LakeConfig,Lake.Config.Lang,Lake.Config.LeanConfig,Lake.Config.LeanExe,Lake.Config.LeanExeConfig,Lake.Config.LeanLib,Lake.Config.LeanLibConfig,Lake.Config.MetaClasses,Lake.Config.Module,Lake.Config.Monad,Lake.Config.Opaque,Lake.Config.OutFormat,Lake.Config.Package,Lake.Config.Pattern,Lake.Config.Script,Lake.Config.TargetConfig,Lake.Config.Workspace,Lake.Config.WorkspaceConfig
Lake.Util.OrderedTagAttribute	Lake/Util/OrderedTagAttribute.cs	2270	Lean.Attributes
Lake.DSL.AttributesCore	Lake/DSL/AttributesCore.cs	2512	Lake.Util.OrderedTagAttribute
Lake.DSL.Attributes	Lake/DSL/Attributes.cs	1242	Lake.DSL.AttributesCore
Lake.DSL.Extensions	Lake/DSL/Extensions.cs	208	Lean.Environment
Lake.DSL.DeclUtil	Lake/DSL/DeclUtil.cs	6418	Lake.Util.Binder,Lake.Config.MetaClasses,Lean.Elab.Command
Lake.DSL.Syntax	Lake/DSL/Syntax.cs	5049	Lake.DSL.DeclUtil
Lake.DSL.Config	Lake/DSL/Config.cs	3436	Lean.Elab.Term,Lake.DSL.Extensions,Lake.DSL.Syntax,Lake.Util.Name
Lake.DSL.Key	Lake/DSL/Key.cs	2072	Lake.Build.Key,Lake.DSL.Syntax,Lake.Util.Name
Lake.DSL.Meta	Lake/DSL/Meta.cs	4938	Lean.ToExpr,Lean.Elab.Eval,Lake.DSL.Syntax
Lake.DSL.Package	Lake/DSL/Package.cs	6423	Lake.DSL.Syntax,Lake.Config.Package,Lake.DSL.Extensions
Lake.DSL.Script	Lake/DSL/Script.cs	2070	Init.Prelude,Lake.Config.Package,Lake.DSL.Attributes,Lake.DSL.Syntax
Lake.DSL.Require	Lake/DSL/Require.cs	4706	Lake.DSL.Syntax,Lake.Config.Dependency
Lake.DSL.Targets	Lake/DSL/Targets.cs	21689	Lake.DSL.Syntax,Lake.Config.TargetConfig,Lake.Config.FacetConfig,Lake.Build.Job.Register,Lake.Build.Infos
Lake.DSL.VerLit	Lake/DSL/VerLit.cs	3144	Lean.ToExpr,Lake.Util.Version,Lake.Config.Dependency,Lake.DSL.Syntax,Lean.Meta.Eval
Lake.DSL	Lake/DSL.cs	74	Lake.DSL.Attributes,Lake.DSL.Config,Lake.DSL.DeclUtil,Lake.DSL.Extensions,Lake.DSL.Key,Lake.DSL.Meta,Lake.DSL.Package,Lake.DSL.Script,Lake.DSL.Require,Lake.DSL.Targets,Lake.DSL.VerLit
Lake.Toml.Data.DateTime	Lake/Toml/Data/DateTime.cs	3783	Lake.Util.Date,Lake.Util.String,Init.Data.String.Search,Init.Data.Iterators.Consumers.Collect,Init.Data.Iterators.Consumers.Loop,Init.Data.ToString.Macro
Lake.Toml.Data.Dict	Lake/Toml/Data/Dict.cs	3847	Lean.Data.NameMap.Basic,Init.Data.Nat.Fold
Lake.Toml.Data.Value	Lake/Toml/Data/Value.cs	2805	Init.Data.Float.Float,Lake.Toml.Data.Dict,Lake.Toml.Data.DateTime,Lake.Util.String,Init.Data.String.TakeDrop,Init.Data.String.Search,Init.Data.String.Defs,Init.Data.ToString.Macro
Lake.Toml.Data	Lake/Toml/Data.cs	34	Lake.Toml.Data.DateTime,Lake.Toml.Data.Dict,Lake.Toml.Data.Value
Lake.Toml.Decode	Lake/Toml/Decode.cs	5426	Init.System.FilePath,Lake.Toml.Data,Init.Data.ToString.Macro
Lake.Toml.ParserUtil	Lake/Toml/ParserUtil.cs	4211	Lean.PrettyPrinter.Formatter,Lean.PrettyPrinter.Parenthesizer,Lean.Parser
Lake.Toml.Grammar	Lake/Toml/Grammar.cs	9068	Lake.Toml.ParserUtil,Lean.Parser,Lean.PrettyPrinter.Formatter,Lean.PrettyPrinter.Parenthesizer
Lake.Toml.Elab.Value	Lake/Toml/Elab/Value.cs	7448	Lake.Toml.Data.Value,Lake.Toml.Grammar,Lake.Toml.Grammar
Lake.Toml.Elab.Expression	Lake/Toml/Elab/Expression.cs	6799	Lake.Toml.Elab.Value,Lake.Toml.Grammar
Lake.Toml.Elab	Lake/Toml/Elab.cs	29	Lake.Toml.Elab.Value,Lake.Toml.Elab.Expression
Lake.Toml.Encode	Lake/Toml/Encode.cs	1184	Lake.Util.FilePath,Lake.Toml.Data.Value
Lake.Util.Message	Lake/Util/Message.cs	550	Lean.Parser.Basic
Lake.Toml.Load	Lake/Toml/Load.cs	960	Lean.Parser.Types,Lake.Toml.Data.Value,Lake.Toml.Elab,Lake.Util.Message,Std.Do
Lake.Toml	Lake/Toml.cs	54	Lake.Toml.Data,Lake.Toml.Decode,Lake.Toml.Elab,Lake.Toml.Encode,Lake.Toml.Grammar,Lake.Toml.Load,Lake.Toml.ParserUtil
Lake.Util.Cli	Lake/Util/Cli.cs	3729	Init.Data.String.TakeDrop,Init.Data.String.Search,Init.Data.String.Length
Lake.Util.Lock	Lake/Util/Lock.cs	469	Init.System.IO,Init.Data.ToString.Macro
Lake.Util.MainM	Lake/Util/MainM.cs	4308	Lake.Util.Log,Lake.Util.Exit
Lake.Util	Lake/Util.cs	184	Lake.Util.Binder,Lake.Util.Casing,Lake.Util.Cli,Lake.Util.Cycle,Lake.Util.Date,Lake.Util.EquipT,Lake.Util.Error,Lake.Util.EStateT,Lake.Util.Exit,Lake.Util.Family,Lake.Util.FilePath,Lake.Util.Git,Lake.Util.IO,Lake.Util.JsonObject,Lake.Util.Lift,Lake.Util.Lock,Lake.Util.Log,Lake.Util.MainM,Lake.Util.Message,Lake.Util.Name,Lake.Util.NativeLib,Lake.Util.Opaque,Lake.Util.OrderedTagAttribute,Lake.Util.OrdHashSet,Lake.Util.Proc,Lake.Util.RBArray,Lake.Util.Reservoir,Lake.Util.Store,Lake.Util.StoreInsts,Lake.Util.String,Lake.Util.Task,Lake.Util.Url,Lake.Util.Version
Lake.Version	Lake/Version.cs	409	Init.Prelude,Init.Data.ToString,Init.Data.String.TakeDrop
Lake	Lake.cs	54	Lake.Build,Lake.CLI.Actions,Lake.Config,Lake.DSL,Lake.Toml,Lake.Util,Lake.Version
Lake.Load.Manifest	Lake/Load/Manifest.cs	10236	Lake.Util.Version,Lake.Config.Defaults,Lake.Util.Git,Lake.Util.Error,Lake.Util.FilePath,Lake.Util.JsonObject,Init.Data.Option.Coe
Lake.Load.Config	Lake/Load/Config.cs	79	Lake.Config.Env,Lake.Config.Lang,Lake.Config.LakeConfig,Lake.Load.Manifest
Lake.CLI.Error	Lake/CLI/Error.cs	5667	Init.Data.ToString,Init.System.FilePath
Lake.CLI.Shake	Lake/CLI/Shake.cs	25601	Lean.Util.Path,Lean.ExtraModUses,Lean.Parser.Module,Init.Data.Range.Polymorphic.Iterators,Lean.Parser.Module
LeanExport.Parse	LeanExport/Parse.cs	25650	Std.Data.HashMap,Lean.Declaration,Init.Data.Array.GetLit,Init.Data.String.Search,Init.System.IO,Std.Internal.Parsec.String,Lean.Data.Json.Parser
Lake.Check.Util	Lake/Check/Util.cs	438	Lean.Declaration,Lean.Util.FoldConsts
Lake.Check.Axioms	Lake/Check/Axioms.cs	2704	LeanExport.Parse,Lake.Check.Util,Init.Data.ToString.Macro,Std.Data.HashSet
Lake.Check.Compare	Lake/Check/Compare.cs	2714	LeanExport.Parse,Lake.Check.Util,Init.Data.ToString.Macro,Std.Data.HashSet
Lake.CLI.Check	Lake/CLI/Check.cs	23399	Lake.Check.Axioms,Lake.Check.Compare,Lake.Config.InstallPath,Lake.Util.Exit,Lean.Data.Json.FromToJson,Lean.Environment,Lean.Replay,Init.Data.String.Search,Init.Data.String.TakeDrop,Init.Data.ToString.Macro,Init.System.IO,Init.System.Platform,Std.Internal.UV.System
Lake.Config.LakefileConfig	Lake/Config/LakefileConfig.cs	44	Lake.Config.Script,Lake.Config.Dependency,Lake.Config.PackageConfig,Lake.Config.FacetConfig,Lake.Config.TargetConfig
Lake.Load.Lean.Elab	Lake/Load/Lean/Elab.cs	9434	Lake.Load.Config,Lean.Compiler.IR.CompilerM,Lean.Elab.Frontend,Lake.DSL.Extensions,Lake.Util.JsonObject,Init.System.Platform,Lake.DSL.AttributesCore
Lake.Load.Lean.Eval	Lake/Load/Lean/Eval.cs	5676	Lake.Config.Workspace,Lake.Config.LakefileConfig,Lean.DocString,Lake.DSL.AttributesCore
Lake.Load.Lean	Lake/Load/Lean.cs	119	Lake.Config.Package,Lake.Config.LakefileConfig,Lake.Load.Config,Lake.Load.Lean.Elab,Lake.Load.Lean.Eval
Lake.Load.Toml	Lake/Load/Toml.cs	67923	Lake.Config.Package,Lake.Config.LakefileConfig,Lake.Load.Config,Lake.Toml.Decode,Lake.Toml.Load,Lean.Parser.Extension,Lake.Build.Infos,Init.Omega,Lake.Config.LakeConfig,Lake.Config.InputFileConfig,Lake.Config.LeanExeConfig,Lake.Config.LeanLibConfig,Lake.Config.PackageConfig
Lake.Load.Package	Lake/Load/Package.cs	1255	Lake.Load.Config,Lake.Config.Package,Lake.Config.LakefileConfig,Lake.Util.IO,Lake.Load.Lean,Lake.Load.Toml
Lake.Load.Materialize	Lake/Load/Materialize.cs	12730	Lake.Config.Env,Lake.Load.Manifest,Lake.Config.Package,Lake.Util.Git,Lake.Util.IO,Lake.Reservoir
Lake.Load.Resolve	Lake/Load/Resolve.cs	19559	Lake.Config.Workspace,Lake.Load.Manifest,Lake.Util.IO,Lake.Util.StoreInsts,Lake.Config.Monad,Lake.Load.Materialize,Lake.Load.Lean.Eval,Lake.Load.Package,Init.Data.Vector.Lemmas,Init.Data.Range.Polymorphic.Iterators,Init.Data.Range.Polymorphic.Lemmas,Init.TacticsExtra,Lean.Runtime
Lake.Load.Workspace	Lake/Load/Workspace.cs	2451	Lake.Load.Config,Lake.Config.Workspace,Lake.Load.Resolve,Lake.Load.Package,Lake.Load.Lean.Eval,Lake.Load.Toml,Lake.Build.InitFacets
Lake.CLI.Init	Lake/CLI/Init.cs	8134	Lake.Config.Env,Lake.Config.Lang,Lake.Util.Git,Lake.Load.Workspace,Init.Data.String.Modify
Lake.CLI.Help	Lake/CLI/Help.cs	1717	Init.Data.ToString,Lake.Version
Lake.CLI.Build	Lake/CLI/Build.cs	5185	Lake.CLI.Error,Lake.Config.Workspace,Lake.Build.Infos,Lake.Build.Job.Monad,Lake.Build.Job.Register,Lake.Util.IO,Init.Data.Iterators.Consumers
LeanExport.Basic	LeanExport/Basic.cs	23070	Lean,Std.Data.HashMap.Basic
Lake.CLI.Translate.Toml	Lake/CLI/Translate/Toml.cs	20711	Lake.Toml.Encode,Lake.Config.Package,Lake.Config.LeanLibConfig,Lake.Config.LeanExeConfig,Lake.Config.InputFileConfig,Lake.Config.PackageConfig
Lake.CLI.Translate.Lean	Lake/CLI/Translate/Lean.cs	27541	Lake.Config.Package,Lake.DSL.Syntax,Lean.Parser.Module,Lake.Config.LeanLibConfig,Lake.Config.LeanExeConfig,Lake.Config.InputFileConfig,Lake.Config.PackageConfig,Lake.Build.Key
Lake.CLI.Translate	Lake/CLI/Translate.cs	1059	Lake.Config.Lang,Lake.Config.Package,Lean.PrettyPrinter,Lake.CLI.Translate.Toml,Lake.CLI.Translate.Lean,Lake.Load.Lean.Elab
Lake.CLI.Serve	Lake/CLI/Serve.cs	979	Lake.Load.Config,Lake.Build.Context,Lake.Util.Exit,Lake.Build.Run,Lake.Build.Module,Lake.Load.Package,Lake.Load.Lean.Elab,Lake.Load.Workspace,Lake.Util.IO
Lake.CLI.BuiltinLint	Lake/CLI/BuiltinLint.cs	17921	Lean.Linter.EnvLinter,Lean.Linter.PersistentLintLog,Lean.Elab.DocString.Builtin.Postponed,Lean.Linter.CodeQuality
Lake.CLI.Samply	Lake/CLI/Samply.cs	8889	Init.System.IO,Lean.Data.Json,Lean.Compiler.NameDemangling,Lake.Util.IO,Lake.Util.Url,Init.Data.String.Extra,Init.Data.String.Search,Init.Data.String.TakeDrop,Init.System.Uri,Init.While
Lake.CLI.Main	Lake/CLI/Main.cs	68614	Lake.Util.Exit,Lake.Load.Config,Lake.CLI.Error,Lake.CLI.Shake,Lake.CLI.Check,Lake.Version,Lake.Build.Run,Lake.Build.Infos,Lake.Build.Targets,Lake.Build.Target.Fetch,Lake.Load.Package,Lake.Load.Workspace,Lake.Load.Toml,Lake.Util.IO,Lake.Util.Git,Lake.Util.MainM,Lake.Util.Cli,Lake.CLI.Init,Lake.CLI.Help,Lake.CLI.Build,LeanExport.Basic,Lake.CLI.Actions,Lake.CLI.Translate,Lake.CLI.Serve,Lake.CLI.BuiltinLint,Lake.CLI.Samply,Init.Data.String.Modify
LakeMain	LakeMain.cs	69	Init.System.IO,Lake.DSL,Lake.CLI.Main
